12325.557736,1.816e-26,0.0598,0.075,0,0.75,-0.024651,NaN,NaN,NaN,NaN,NaN,NaN,NaN,NaN,NaN,NaN,NaN,NaN,NaN,NaN,0.08133,0.945,3,3,4,4,3,2,0,0,0,0,0,0,0,0,0,0,0,0,0,0,3,3,32
12325.600745,3.129e-26,0.0598,0.075,0,0.75,-0.024651,NaN,NaN,NaN,NaN,NaN,NaN,NaN,NaN,NaN,NaN,NaN,NaN,NaN,NaN,0.08133,0.945,3,4,4,4,3,2,0,0,0,0,0,0,0,0,0,0,0,0,0,0,3,3,32
12325.643829,7.02e-27,0.0598,0.075,0,0.75,-0.024651,NaN,NaN,NaN,NaN,NaN,NaN,NaN,NaN,NaN,NaN,NaN,NaN,NaN,NaN,0.08133,0.945,3,3,4,4,3,2,0,0,0,0,0,0,0,0,0,0,0,0,0,0,3,3,32
12327.984112,3.269e-26,0.0598,0.075,0,0.75,-0.024656,NaN,NaN,NaN,NaN,NaN,NaN,NaN,NaN,NaN,NaN,NaN,NaN,NaN,NaN,0.08133,0.945,3,4,4,4,3,2,0,0,0,0,0,0,0,0,0,0,0,0,0,0,3,3,32
12328.027522,1.086e-26,0.0598,0.075,0,0.75,-0.024656,NaN,NaN,NaN,NaN,NaN,NaN,NaN,NaN,NaN,NaN,NaN,NaN,NaN,NaN,0.08133,0.945,3,3,4,4,3,2,0,0,0,0,0,0,0,0,0,0,0,0,0,0,3,3,32
12346.36207,7.969e-27,0.0598,0.075,0,0.75,-0.024693,NaN,NaN,NaN,NaN,NaN,NaN,NaN,NaN,NaN,NaN,NaN,NaN,NaN,NaN,0.08133,0.945,3,3,4,4,3,2,0,0,0,0,0,0,0,0,0,0,0,0,0,0,3,3,32
12346.390851,2.217e-26,0.0598,0.075,0,0.75,-0.024693,NaN,NaN,NaN,NaN,NaN,NaN,NaN,NaN,NaN,NaN,NaN,NaN,NaN,NaN,0.08133,0.945,3,3,4,4,3,2,0,0,0,0,0,0,0,0,0,0,0,0,0,0,3,3,32
12346.4239,1.198e-26,0.0598,0.075,0,0.75,-0.024693,NaN,NaN,NaN,NaN,NaN,NaN,NaN,NaN,NaN,NaN,NaN,NaN,NaN,NaN,0.08133,0.945,3,3,4,4,3,2,0,0,0,0,0,0,0,0,0,0,0,0,0,0,3,3,32
12350.50413,1.864e-26,0.0598,0.075,0,0.75,-0.024701,NaN,NaN,NaN,NaN,NaN,NaN,NaN,NaN,NaN,NaN,NaN,NaN,NaN,NaN,0.08133,0.945,3,3,4,4,3,2,0,0,0,0,0,0,0,0,0,0,0,0,0,0,3,3,32
12352.767207,1.929e-26,0.0598,0.075,0,0.75,-0.024706,NaN,NaN,NaN,NaN,NaN,NaN,NaN,NaN,NaN,NaN,NaN,NaN,NaN,NaN,0.08133,0.945,3,3,4,4,3,2,0,0,0,0,0,0,0,0,0,0,0,0,0,0,3,3,32
12352.799329,1.551e-26,0.0598,0.075,0,0.75,-0.024706,NaN,NaN,NaN,NaN,NaN,NaN,NaN,NaN,NaN,NaN,NaN,NaN,NaN,NaN,0.08133,0.945,3,3,4,4,3,2,0,0,0,0,0,0,0,0,0,0,0,0,0,0,3,3,32
12353.738696,2.459e-26,0.0598,0.075,0,0.75,-0.024707,NaN,NaN,NaN,NaN,NaN,NaN,NaN,NaN,NaN,NaN,NaN,NaN,NaN,NaN,0.08133,0.945,3,3,4,4,3,2,0,0,0,0,0,0,0,0,0,0,0,0,0,0,3,3,32
12353.792132,2.78e-26,0.0598,0.075,0,0.75,-0.024708,NaN,NaN,NaN,NaN,NaN,NaN,NaN,NaN,NaN,NaN,NaN,NaN,NaN,NaN,0.08133,0.945,3,4,4,4,3,2,0,0,0,0,0,0,0,0,0,0,0,0,0,0,3,3,32
12353.820752,2.705e-26,0.0598,0.075,0,0.75,-0.024708,NaN,NaN,NaN,NaN,NaN,NaN,NaN,NaN,NaN,NaN,NaN,NaN,NaN,NaN,0.08133,0.945,3,4,4,4,3,2,0,0,0,0,0,0,0,0,0,0,0,0,0,0,3,3,32
12353.856113,1.813e-26,0.0598,0.075,0,0.75,-0.024708,NaN,NaN,NaN,NaN,NaN,NaN,NaN,NaN,NaN,NaN,NaN,NaN,NaN,NaN,0.08133,0.945,3,3,4,4,3,2,0,0,0,0,0,0,0,0,0,0,0,0,0,0,3,3,32
12355.318088,3.418e-26,0.0598,0.075,0,0.75,-0.024711,NaN,NaN,NaN,NaN,NaN,NaN,NaN,NaN,NaN,NaN,NaN,NaN,NaN,NaN,0.08133,0.945,3,4,4,4,3,2,0,0,0,0,0,0,0,0,0,0,0,0,0,0,3,3,32
12355.352555,1.395e-26,0.0598,0.075,0,0.75,-0.024711,NaN,NaN,NaN,NaN,NaN,NaN,NaN,NaN,NaN,NaN,NaN,NaN,NaN,NaN,0.08133,0.945,3,3,4,4,3,2,0,0,0,0,0,0,0,0,0,0,0,0,0,0,3,3,32
12358.810516,1.331e-26,0.0598,0.075,0,0.75,-0.024718,NaN,NaN,NaN,NaN,NaN,NaN,NaN,NaN,NaN,NaN,NaN,NaN,NaN,NaN,0.08133,0.945,3,3,4,4,3,2,0,0,0,0,0,0,0,0,0,0,0,0,0,0,3,3,32
12358.843879,1.675e-26,0.0598,0.075,0,0.75,-0.024718,NaN,NaN,NaN,NaN,NaN,NaN,NaN,NaN,NaN,NaN,NaN,NaN,NaN,NaN,0.08133,0.945,3,3,4,4,3,2,0,0,0,0,0,0,0,0,0,0,0,0,0,0,3,3,32
12359.515916,2.342e-26,0.0598,0.075,0,0.75,-0.024719,NaN,NaN,NaN,NaN,NaN,NaN,NaN,NaN,NaN,NaN,NaN,NaN,NaN,NaN,0.08133,0.945,3,3,4,4,3,2,0,0,0,0,0,0,0,0,0,0,0,0,0,0,3,3,32
12385.009548,3.677e-26,0.0598,0.075,0,0.75,-0.02477,NaN,NaN,NaN,NaN,NaN,NaN,NaN,NaN,NaN,NaN,NaN,NaN,NaN,NaN,0.08133,0.945,3,4,4,4,3,2,0,0,0,0,0,0,0,0,0,0,0,0,0,0,3,3,32
12385.047026,1.749e-26,0.0598,0.075,0,0.75,-0.02477,NaN,NaN,NaN,NaN,NaN,NaN,NaN,NaN,NaN,NaN,NaN,NaN,NaN,NaN,0.08133,0.945,3,3,4,4,3,2,0,0,0,0,0,0,0,0,0,0,0,0,0,0,3,3,32
12385.083072,1.205e-26,0.0598,0.075,0,0.75,-0.02477,NaN,NaN,NaN,NaN,NaN,NaN,NaN,NaN,NaN,NaN,NaN,NaN,NaN,NaN,0.08133,0.945,3,3,4,4,3,2,0,0,0,0,0,0,0,0,0,0,0,0,0,0,3,3,32
12391.692103,1.79e-26,0.0598,0.075,0,0.75,-0.024783,NaN,NaN,NaN,NaN,NaN,NaN,NaN,NaN,NaN,NaN,NaN,NaN,NaN,NaN,0.08133,0.945,3,3,4,4,3,2,0,0,0,0,0,0,0,0,0,0,0,0,0,0,3,3,32
12395.543427,1.948e-26,0.0598,0.075,0,0.75,-0.024791,NaN,NaN,NaN,NaN,NaN,NaN,NaN,NaN,NaN,NaN,NaN,NaN,NaN,NaN,0.08133,0.945,3,3,4,4,3,2,0,0,0,0,0,0,0,0,0,0,0,0,0,0,3,3,32
12395.583855,2.834e-26,0.0598,0.075,0,0.75,-0.024791,NaN,NaN,NaN,NaN,NaN,NaN,NaN,NaN,NaN,NaN,NaN,NaN,NaN,NaN,0.08133,0.945,3,4,4,4,3,2,0,0,0,0,0,0,0,0,0,0,0,0,0,0,3,3,32
12399.239654,1.856e-26,0.0598,0.075,0,0.75,-0.024798,NaN,NaN,NaN,NaN,NaN,NaN,NaN,NaN,NaN,NaN,NaN,NaN,NaN,NaN,0.08133,0.945,3,3,4,4,3,2,0,0,0,0,0,0,0,0,0,0,0,0,0,0,3,3,32
12399.271185,1.688e-26,0.0598,0.075,0,0.75,-0.024799,NaN,NaN,NaN,NaN,NaN,NaN,NaN,NaN,NaN,NaN,NaN,NaN,NaN,NaN,0.08133,0.945,3,3,4,4,3,2,0,0,0,0,0,0,0,0,0,0,0,0,0,0,3,3,32
12401.430207,1.7e-26,0.0598,0.075,0,0.75,-0.024803,NaN,NaN,NaN,NaN,NaN,NaN,NaN,NaN,NaN,NaN,NaN,NaN,NaN,NaN,0.08133,0.945,3,3,4,4,3,2,0,0,0,0,0,0,0,0,0,0,0,0,0,0,3,3,32
12401.474046,1.955e-26,0.0598,0.075,0,0.75,-0.024803,NaN,NaN,NaN,NaN,NaN,NaN,NaN,NaN,NaN,NaN,NaN,NaN,NaN,NaN,0.08133,0.945,3,3,4,4,3,2,0,0,0,0,0,0,0,0,0,0,0,0,0,0,3,3,32
12401.742095,4.688e-26,0.0598,0.075,0,0.75,-0.024803,NaN,NaN,NaN,NaN,NaN,NaN,NaN,NaN,NaN,NaN,NaN,NaN,NaN,NaN,0.08133,0.945,3,4,4,4,3,2,0,0,0,0,0,0,0,0,0,0,0,0,0,0,3,3,32
12401.794738,2.201e-26,0.0598,0.075,0,0.75,-0.024804,NaN,NaN,NaN,NaN,NaN,NaN,NaN,NaN,NaN,NaN,NaN,NaN,NaN,NaN,0.08133,0.945,3,3,4,4,3,2,0,0,0,0,0,0,0,0,0,0,0,0,0,0,3,3,32
12402.403694,3.261e-26,0.0598,0.075,0,0.75,-0.024805,NaN,NaN,NaN,NaN,NaN,NaN,NaN,NaN,NaN,NaN,NaN,NaN,NaN,NaN,0.08133,0.945,3,4,4,4,3,2,0,0,0,0,0,0,0,0,0,0,0,0,0,0,3,3,32
12402.46335,2.887e-26,0.0598,0.075,0,0.75,-0.024805,NaN,NaN,NaN,NaN,NaN,NaN,NaN,NaN,NaN,NaN,NaN,NaN,NaN,NaN,0.08133,0.945,3,4,4,4,3,2,0,0,0,0,0,0,0,0,0,0,0,0,0,0,3,3,32
12403.270797,2.747e-26,0.0598,0.075,0,0.75,-0.024807,NaN,NaN,NaN,NaN,NaN,NaN,NaN,NaN,NaN,NaN,NaN,NaN,NaN,NaN,0.08133,0.945,3,4,4,4,3,2,0,0,0,0,0,0,0,0,0,0,0,0,0,0,3,3,32
12407.951906,8.775e-27,0.0598,0.075,0,0.75,-0.024816,NaN,NaN,NaN,NaN,NaN,NaN,NaN,NaN,NaN,NaN,NaN,NaN,NaN,NaN,0.08133,0.945,3,3,4,4,3,2,0,0,0,0,0,0,0,0,0,0,0,0,0,0,3,3,32
12407.983567,1.776e-26,0.0598,0.075,0,0.75,-0.024816,NaN,NaN,NaN,NaN,NaN,NaN,NaN,NaN,NaN,NaN,NaN,NaN,NaN,NaN,0.08133,0.945,3,3,4,4,3,2,0,0,0,0,0,0,0,0,0,0,0,0,0,0,3,3,32
12408.036227,1.547e-26,0.0598,0.075,0,0.75,-0.024816,NaN,NaN,NaN,NaN,NaN,NaN,NaN,NaN,NaN,NaN,NaN,NaN,NaN,NaN,0.08133,0.945,3,3,4,4,3,2,0,0,0,0,0,0,0,0,0,0,0,0,0,0,3,3,32
12409.78756,1.829e-26,0.0598,0.075,0,0.75,-0.02482,NaN,NaN,NaN,NaN,NaN,NaN,NaN,NaN,NaN,NaN,NaN,NaN,NaN,NaN,0.08133,0.945,3,3,4,4,3,2,0,0,0,0,0,0,0,0,0,0,0,0,0,0,3,3,32
12411.101317,1.134e-26,0.0598,0.075,0,0.75,-0.024822,NaN,NaN,NaN,NaN,NaN,NaN,NaN,NaN,NaN,NaN,NaN,NaN,NaN,NaN,0.08133,0.945,3,3,4,4,3,2,0,0,0,0,0,0,0,0,0,0,0,0,0,0,3,3,32
12411.138799,2.338e-26,0.0598,0.075,0,0.75,-0.024822,NaN,NaN,NaN,NaN,NaN,NaN,NaN,NaN,NaN,NaN,NaN,NaN,NaN,NaN,0.08133,0.945,3,3,4,4,3,2,0,0,0,0,0,0,0,0,0,0,0,0,0,0,3,3,32
12414.302124,1.783e-26,0.0598,0.075,0,0.75,-0.024829,NaN,NaN,NaN,NaN,NaN,NaN,NaN,NaN,NaN,NaN,NaN,NaN,NaN,NaN,0.08133,0.945,3,3,4,4,3,2,0,0,0,0,0,0,0,0,0,0,0,0,0,0,3,3,32
12414.341616,3.439e-26,0.0598,0.075,0,0.75,-0.024829,NaN,NaN,NaN,NaN,NaN,NaN,NaN,NaN,NaN,NaN,NaN,NaN,NaN,NaN,0.08133,0.945,3,4,4,4,3,2,0,0,0,0,0,0,0,0,0,0,0,0,0,0,3,3,32
12414.386081,1.861e-26,0.0598,0.075,0,0.75,-0.024829,NaN,NaN,NaN,NaN,NaN,NaN,NaN,NaN,NaN,NaN,NaN,NaN,NaN,NaN,0.08133,0.945,3,3,4,4,3,2,0,0,0,0,0,0,0,0,0,0,0,0,0,0,3,3,32
12417.260125,1.439e-26,0.0598,0.075,0,0.75,-0.024835,NaN,NaN,NaN,NaN,NaN,NaN,NaN,NaN,NaN,NaN,NaN,NaN,NaN,NaN,0.08133,0.945,3,3,4,4,3,2,0,0,0,0,0,0,0,0,0,0,0,0,0,0,3,3,32
12417.307745,2.353e-26,0.0598,0.075,0,0.75,-0.024835,NaN,NaN,NaN,NaN,NaN,NaN,NaN,NaN,NaN,NaN,NaN,NaN,NaN,NaN,0.08133,0.945,3,3,4,4,3,2,0,0,0,0,0,0,0,0,0,0,0,0,0,0,3,3,32
12417.353876,2.053e-26,0.0598,0.075,0,0.75,-0.024835,NaN,NaN,NaN,NaN,NaN,NaN,NaN,NaN,NaN,NaN,NaN,NaN,NaN,NaN,0.08133,0.945,3,3,4,4,3,2,0,0,0,0,0,0,0,0,0,0,0,0,0,0,3,3,32
12417.803727,1.957e-26,0.0598,0.075,0,0.75,-0.024836,NaN,NaN,NaN,NaN,NaN,NaN,NaN,NaN,NaN,NaN,NaN,NaN,NaN,NaN,0.08133,0.945,3,3,4,4,3,2,0,0,0,0,0,0,0,0,0,0,0,0,0,0,3,3,32
12417.834441,1.459e-26,0.0598,0.075,0,0.75,-0.024836,NaN,NaN,NaN,NaN,NaN,NaN,NaN,NaN,NaN,NaN,NaN,NaN,NaN,NaN,0.08133,0.945,3,3,4,4,3,2,0,0,0,0,0,0,0,0,0,0,0,0,0,0,3,3,32
12417.874981,2.88e-26,0.0598,0.075,0,0.75,-0.024836,NaN,NaN,NaN,NaN,NaN,NaN,NaN,NaN,NaN,NaN,NaN,NaN,NaN,NaN,0.08133,0.945,3,4,4,4,3,2,0,0,0,0,0,0,0,0,0,0,0,0,0,0,3,3,32
12423.312825,1.819e-26,0.0598,0.075,0,0.75,-0.024847,NaN,NaN,NaN,NaN,NaN,NaN,NaN,NaN,NaN,NaN,NaN,NaN,NaN,NaN,0.08133,0.945,3,3,4,4,3,2,0,0,0,0,0,0,0,0,0,0,0,0,0,0,3,3,32
12423.410713,1.087e-26,0.0598,0.075,0,0.75,-0.024847,NaN,NaN,NaN,NaN,NaN,NaN,NaN,NaN,NaN,NaN,NaN,NaN,NaN,NaN,0.08133,0.945,3,3,4,4,3,2,0,0,0,0,0,0,0,0,0,0,0,0,0,0,3,3,32
12425.58926,1.316e-26,0.0598,0.075,0,0.75,-0.024851,NaN,NaN,NaN,NaN,NaN,NaN,NaN,NaN,NaN,NaN,NaN,NaN,NaN,NaN,0.08133,0.945,3,3,4,4,3,2,0,0,0,0,0,0,0,0,0,0,0,0,0,0,3,3,32
12425.805815,1.296e-26,0.0598,0.075,0,0.75,-0.024852,NaN,NaN,NaN,NaN,NaN,NaN,NaN,NaN,NaN,NaN,NaN,NaN,NaN,NaN,0.08133,0.945,3,3,4,4,3,2,0,0,0,0,0,0,0,0,0,0,0,0,0,0,3,3,32
12425.835543,1.878e-26,0.0598,0.075,0,0.75,-0.024852,NaN,NaN,NaN,NaN,NaN,NaN,NaN,NaN,NaN,NaN,NaN,NaN,NaN,NaN,0.08133,0.945,3,3,4,4,3,2,0,0,0,0,0,0,0,0,0,0,0,0,0,0,3,3,32
12425.88069,6.688e-27,0.0598,0.075,0,0.75,-0.024852,NaN,NaN,NaN,NaN,NaN,NaN,NaN,NaN,NaN,NaN,NaN,NaN,NaN,NaN,0.08133,0.945,3,3,4,4,3,2,0,0,0,0,0,0,0,0,0,0,0,0,0,0,3,3,32
12425.966453,1.327e-26,0.0598,0.075,0,0.75,-0.024852,NaN,NaN,NaN,NaN,NaN,NaN,NaN,NaN,NaN,NaN,NaN,NaN,NaN,NaN,0.08133,0.945,3,3,4,4,3,2,0,0,0,0,0,0,0,0,0,0,0,0,0,0,3,3,32
12426.019583,2.022e-26,0.0598,0.075,0,0.75,-0.024852,NaN,NaN,NaN,NaN,NaN,NaN,NaN,NaN,NaN,NaN,NaN,NaN,NaN,NaN,0.08133,0.945,3,3,4,4,3,2,0,0,0,0,0,0,0,0,0,0,0,0,0,0,3,3,32
12426.064672,7.49e-27,0.0598,0.075,0,0.75,-0.024852,NaN,NaN,NaN,NaN,NaN,NaN,NaN,NaN,NaN,NaN,NaN,NaN,NaN,NaN,0.08133,0.945,3,3,4,4,3,2,0,0,0,0,0,0,0,0,0,0,0,0,0,0,3,3,32
12428.373618,2.808e-26,0.0598,0.075,0,0.75,-0.024857,NaN,NaN,NaN,NaN,NaN,NaN,NaN,NaN,NaN,NaN,NaN,NaN,NaN,NaN,0.08133,0.945,3,4,4,4,3,2,0,0,0,0,0,0,0,0,0,0,0,0,0,0,3,3,32
12428.423275,2.177e-26,0.0598,0.075,0,0.75,-0.024857,NaN,NaN,NaN,NaN,NaN,NaN,NaN,NaN,NaN,NaN,NaN,NaN,NaN,NaN,0.08133,0.945,3,3,4,4,3,2,0,0,0,0,0,0,0,0,0,0,0,0,0,0,3,3,32
12428.466761,1.509e-26,0.0598,0.075,0,0.75,-0.024857,NaN,NaN,NaN,NaN,NaN,NaN,NaN,NaN,NaN,NaN,NaN,NaN,NaN,NaN,0.08133,0.945,3,3,4,4,3,2,0,0,0,0,0,0,0,0,0,0,0,0,0,0,3,3,32
12428.514692,1.007e-26,0.0598,0.075,0,0.75,-0.024857,NaN,NaN,NaN,NaN,NaN,NaN,NaN,NaN,NaN,NaN,NaN,NaN,NaN,NaN,0.08133,0.945,3,3,4,4,3,2,0,0,0,0,0,0,0,0,0,0,0,0,0,0,3,3,32
12428.596869,2.383e-26,0.0598,0.075,0,0.75,-0.024857,NaN,NaN,NaN,NaN,NaN,NaN,NaN,NaN,NaN,NaN,NaN,NaN,NaN,NaN,0.08133,0.945,3,3,4,4,3,2,0,0,0,0,0,0,0,0,0,0,0,0,0,0,3,3,32
12430.045586,2.55e-26,0.0598,0.075,0,0.75,-0.02486,NaN,NaN,NaN,NaN,NaN,NaN,NaN,NaN,NaN,NaN,NaN,NaN,NaN,NaN,0.08133,0.945,3,4,4,4,3,2,0,0,0,0,0,0,0,0,0,0,0,0,0,0,3,3,32
12430.092898,1.892e-26,0.0598,0.075,0,0.75,-0.02486,NaN,NaN,NaN,NaN,NaN,NaN,NaN,NaN,NaN,NaN,NaN,NaN,NaN,NaN,0.08133,0.945,3,3,4,4,3,2,0,0,0,0,0,0,0,0,0,0,0,0,0,0,3,3,32
12430.130078,1.345e-26,0.0598,0.075,0,0.75,-0.02486,NaN,NaN,NaN,NaN,NaN,NaN,NaN,NaN,NaN,NaN,NaN,NaN,NaN,NaN,0.08133,0.945,3,3,4,4,3,2,0,0,0,0,0,0,0,0,0,0,0,0,0,0,3,3,32
12432.659074,1.401e-26,0.0598,0.075,0,0.75,-0.024865,NaN,NaN,NaN,NaN,NaN,NaN,NaN,NaN,NaN,NaN,NaN,NaN,NaN,NaN,0.08133,0.945,3,3,4,4,3,2,0,0,0,0,0,0,0,0,0,0,0,0,0,0,3,3,32
12432.712755,6.372e-26,0.0598,0.075,0,0.75,-0.024865,NaN,NaN,NaN,NaN,NaN,NaN,NaN,NaN,NaN,NaN,NaN,NaN,NaN,NaN,0.08133,0.945,3,5,4,4,3,2,0,0,0,0,0,0,0,0,0,0,0,0,0,0,3,3,32
12432.786662,1.669e-26,0.0598,0.075,0,0.75,-0.024866,NaN,NaN,NaN,NaN,NaN,NaN,NaN,NaN,NaN,NaN,NaN,NaN,NaN,NaN,0.08133,0.945,3,3,4,4,3,2,0,0,0,0,0,0,0,0,0,0,0,0,0,0,3,3,32
12432.831826,1.138e-26,0.0598,0.075,0,0.75,-0.024866,NaN,NaN,NaN,NaN,NaN,NaN,NaN,NaN,NaN,NaN,NaN,NaN,NaN,NaN,0.08133,0.945,3,3,4,4,3,2,0,0,0,0,0,0,0,0,0,0,0,0,0,0,3,3,32
12434.026148,1.164e-26,0.0598,0.075,0,0.75,-0.024868,NaN,NaN,NaN,NaN,NaN,NaN,NaN,NaN,NaN,NaN,NaN,NaN,NaN,NaN,0.08133,0.945,3,3,4,4,3,2,0,0,0,0,0,0,0,0,0,0,0,0,0,0,3,3,32
12434.056813,2.247e-26,0.0598,0.075,0,0.75,-0.024868,NaN,NaN,NaN,NaN,NaN,NaN,NaN,NaN,NaN,NaN,NaN,NaN,NaN,NaN,0.08133,0.945,3,3,4,4,3,2,0,0,0,0,0,0,0,0,0,0,0,0,0,0,3,3,32
12435.602992,1.984e-26,0.0598,0.075,0,0.75,-0.024871,NaN,NaN,NaN,NaN,NaN,NaN,NaN,NaN,NaN,NaN,NaN,NaN,NaN,NaN,0.08133,0.945,3,3,4,4,3,2,0,0,0,0,0,0,0,0,0,0,0,0,0,0,3,3,32
12435.628951,2.907e-26,0.0598,0.075,0,0.75,-0.024871,NaN,NaN,NaN,NaN,NaN,NaN,NaN,NaN,NaN,NaN,NaN,NaN,NaN,NaN,0.08133,0.945,3,4,4,4,3,2,0,0,0,0,0,0,0,0,0,0,0,0,0,0,3,3,32
12439.060714,5.1e-27,0.0598,0.075,0,0.75,-0.024878,NaN,NaN,NaN,NaN,NaN,NaN,NaN,NaN,NaN,NaN,NaN,NaN,NaN,NaN,0.08133,0.945,3,3,4,4,3,2,0,0,0,0,0,0,0,0,0,0,0,0,0,0,3,3,32
12439.094766,1.352e-26,0.0598,0.075,0,0.75,-0.024878,NaN,NaN,NaN,NaN,NaN,NaN,NaN,NaN,NaN,NaN,NaN,NaN,NaN,NaN,0.08133,0.945,3,3,4,4,3,2,0,0,0,0,0,0,0,0,0,0,0,0,0,0,3,3,32
12439.132202,1.987e-26,0.0598,0.075,0,0.75,-0.024878,NaN,NaN,NaN,NaN,NaN,NaN,NaN,NaN,NaN,NaN,NaN,NaN,NaN,NaN,0.08133,0.945,3,3,4,4,3,2,0,0,0,0,0,0,0,0,0,0,0,0,0,0,3,3,32
12439.167113,2.27e-26,0.0598,0.075,0,0.75,-0.024878,NaN,NaN,NaN,NaN,NaN,NaN,NaN,NaN,NaN,NaN,NaN,NaN,NaN,NaN,0.08133,0.945,3,3,4,4,3,2,0,0,0,0,0,0,0,0,0,0,0,0,0,0,3,3,32
12441.302711,8.642e-27,0.0598,0.075,0,0.75,-0.024883,NaN,NaN,NaN,NaN,NaN,NaN,NaN,NaN,NaN,NaN,NaN,NaN,NaN,NaN,0.08133,0.945,3,3,4,4,3,2,0,0,0,0,0,0,0,0,0,0,0,0,0,0,3,3,32
12441.3549,4.084e-26,0.0598,0.075,0,0.75,-0.024883,NaN,NaN,NaN,NaN,NaN,NaN,NaN,NaN,NaN,NaN,NaN,NaN,NaN,NaN,0.08133,0.945,3,4,4,4,3,2,0,0,0,0,0,0,0,0,0,0,0,0,0,0,3,3,32
12441.424122,1.197e-26,0.0598,0.075,0,0.75,-0.024883,NaN,NaN,NaN,NaN,NaN,NaN,NaN,NaN,NaN,NaN,NaN,NaN,NaN,NaN,0.08133,0.945,3,3,4,4,3,2,0,0,0,0,0,0,0,0,0,0,0,0,0,0,3,3,32
12444.868784,2.108e-26,0.0598,0.075,0,0.75,-0.02489,NaN,NaN,NaN,NaN,NaN,NaN,NaN,NaN,NaN,NaN,NaN,NaN,NaN,NaN,0.08133,0.945,3,3,4,4,3,2,0,0,0,0,0,0,0,0,0,0,0,0,0,0,3,3,32
12444.923452,3.641e-26,0.0598,0.075,0,0.75,-0.02489,NaN,NaN,NaN,NaN,NaN,NaN,NaN,NaN,NaN,NaN,NaN,NaN,NaN,NaN,0.08133,0.945,3,4,4,4,3,2,0,0,0,0,0,0,0,0,0,0,0,0,0,0,3,3,32
12444.999791,1.264e-26,0.0598,0.075,0,0.75,-0.02489,NaN,NaN,NaN,NaN,NaN,NaN,NaN,NaN,NaN,NaN,NaN,NaN,NaN,NaN,0.08133,0.945,3,3,4,4,3,2,0,0,0,0,0,0,0,0,0,0,0,0,0,0,3,3,32
12445.079247,3.858e-26,0.0598,0.075,0,0.75,-0.02489,NaN,NaN,NaN,NaN,NaN,NaN,NaN,NaN,NaN,NaN,NaN,NaN,NaN,NaN,0.08133,0.945,3,4,4,4,3,2,0,0,0,0,0,0,0,0,0,0,0,0,0,0,3,3,32
12445.30008,3.599e-26,0.0598,0.075,0,0.75,-0.024891,NaN,NaN,NaN,NaN,NaN,NaN,NaN,NaN,NaN,NaN,NaN,NaN,NaN,NaN,0.08133,0.945,3,4,4,4,3,2,0,0,0,0,0,0,0,0,0,0,0,0,0,0,3,3,32
12445.342174,3.272e-26,0.0598,0.075,0,0.75,-0.024891,NaN,NaN,NaN,NaN,NaN,NaN,NaN,NaN,NaN,NaN,NaN,NaN,NaN,NaN,0.08133,0.945,3,4,4,4,3,2,0,0,0,0,0,0,0,0,0,0,0,0,0,0,3,3,32
12445.508827,5.405e-26,0.0598,0.075,0,0.75,-0.024891,NaN,NaN,NaN,NaN,NaN,NaN,NaN,NaN,NaN,NaN,NaN,NaN,NaN,NaN,0.08133,0.945,3,5,4,4,3,2,0,0,0,0,0,0,0,0,0,0,0,0,0,0,3,3,32
12445.561405,2.122e-26,0.0598,0.075,0,0.75,-0.024891,NaN,NaN,NaN,NaN,NaN,NaN,NaN,NaN,NaN,NaN,NaN,NaN,NaN,NaN,0.08133,0.945,3,3,4,4,3,2,0,0,0,0,0,0,0,0,0,0,0,0,0,0,3,3,32
12445.632068,2.447e-26,0.0598,0.075,0,0.75,-0.024891,NaN,NaN,NaN,NaN,NaN,NaN,NaN,NaN,NaN,NaN,NaN,NaN,NaN,NaN,0.08133,0.945,3,3,4,4,3,2,0,0,0,0,0,0,0,0,0,0,0,0,0,0,3,3,32
12445.935246,2.6e-26,0.0598,0.075,0,0.75,-0.024892,NaN,NaN,NaN,NaN,NaN,NaN,NaN,NaN,NaN,NaN,NaN,NaN,NaN,NaN,0.08133,0.945,3,4,4,4,3,2,0,0,0,0,0,0,0,0,0,0,0,0,0,0,3,3,32
12448.249576,5.461e-27,0.0598,0.075,0,0.75,-0.024896,NaN,NaN,NaN,NaN,NaN,NaN,NaN,NaN,NaN,NaN,NaN,NaN,NaN,NaN,0.08133,0.945,3,3,4,4,3,2,0,0,0,0,0,0,0,0,0,0,0,0,0,0,3,3,32
12448.301463,1.889e-26,0.0598,0.075,0,0.75,-0.024897,NaN,NaN,NaN,NaN,NaN,NaN,NaN,NaN,NaN,NaN,NaN,NaN,NaN,NaN,0.08133,0.945,3,3,4,4,3,2,0,0,0,0,0,0,0,0,0,0,0,0,0,0,3,3,32
12448.335889,1.946e-26,0.0598,0.075,0,0.75,-0.024897,NaN,NaN,NaN,NaN,NaN,NaN,NaN,NaN,NaN,NaN,NaN,NaN,NaN,NaN,0.08133,0.945,3,3,4,4,3,2,0,0,0,0,0,0,0,0,0,0,0,0,0,0,3,3,32
12448.392282,2.052e-26,0.0598,0.075,0,0.75,-0.024897,NaN,NaN,NaN,NaN,NaN,NaN,NaN,NaN,NaN,NaN,NaN,NaN,NaN,NaN,0.08133,0.945,3,3,4,4,3,2,0,0,0,0,0,0,0,0,0,0,0,0,0,0,3,3,32
12448.436635,1.098e-26,0.0598,0.075,0,0.75,-0.024897,NaN,NaN,NaN,NaN,NaN,NaN,NaN,NaN,NaN,NaN,NaN,NaN,NaN,NaN,0.08133,0.945,3,3,4,4,3,2,0,0,0,0,0,0,0,0,0,0,0,0,0,0,3,3,32
12451.963117,1.07e-26,0.0598,0.075,0,0.75,-0.024904,NaN,NaN,NaN,NaN,NaN,NaN,NaN,NaN,NaN,NaN,NaN,NaN,NaN,NaN,0.08133,0.945,3,3,4,4,3,2,0,0,0,0,0,0,0,0,0,0,0,0,0,0,3,3,32
12452.002917,1.602e-26,0.0598,0.075,0,0.75,-0.024904,NaN,NaN,NaN,NaN,NaN,NaN,NaN,NaN,NaN,NaN,NaN,NaN,NaN,NaN,0.08133,0.945,3,3,4,4,3,2,0,0,0,0,0,0,0,0,0,0,0,0,0,0,3,3,32
12452.061598,2.467e-26,0.0598,0.075,0,0.75,-0.024904,NaN,NaN,NaN,NaN,NaN,NaN,NaN,NaN,NaN,NaN,NaN,NaN,NaN,NaN,0.08133,0.945,3,3,4,4,3,2,0,0,0,0,0,0,0,0,0,0,0,0,0,0,3,3,32
12452.771782,5.096e-26,0.0598,0.075,0,0.75,-0.024906,NaN,NaN,NaN,NaN,NaN,NaN,NaN,NaN,NaN,NaN,NaN,NaN,NaN,NaN,0.08133,0.945,3,5,4,4,3,2,0,0,0,0,0,0,0,0,0,0,0,0,0,0,3,3,32
12452.807344,2.408e-26,0.0598,0.075,0,0.75,-0.024906,NaN,NaN,NaN,NaN,NaN,NaN,NaN,NaN,NaN,NaN,NaN,NaN,NaN,NaN,0.08133,0.945,3,3,4,4,3,2,0,0,0,0,0,0,0,0,0,0,0,0,0,0,3,3,32
12454.632399,2.567e-26,0.0598,0.075,0,0.75,-0.024909,NaN,NaN,NaN,NaN,NaN,NaN,NaN,NaN,NaN,NaN,NaN,NaN,NaN,NaN,0.08133,0.945,3,4,4,4,3,2,0,0,0,0,0,0,0,0,0,0,0,0,0,0,3,3,32
12454.67424,1.293e-26,0.0598,0.075,0,0.75,-0.024909,NaN,NaN,NaN,NaN,NaN,NaN,NaN,NaN,NaN,NaN,NaN,NaN,NaN,NaN,0.08133,0.945,3,3,4,4,3,2,0,0,0,0,0,0,0,0,0,0,0,0,0,0,3,3,32
12454.967437,2.95e-26,0.0598,0.075,0,0.75,-0.02491,NaN,NaN,NaN,NaN,NaN,NaN,NaN,NaN,NaN,NaN,NaN,NaN,NaN,NaN,0.08133,0.945,3,4,4,4,3,2,0,0,0,0,0,0,0,0,0,0,0,0,0,0,3,3,32
12455.0159,2.368e-26,0.0598,0.075,0,0.75,-0.02491,NaN,NaN,NaN,NaN,NaN,NaN,NaN,NaN,NaN,NaN,NaN,NaN,NaN,NaN,0.08133,0.945,3,3,4,4,3,2,0,0,0,0,0,0,0,0,0,0,0,0,0,0,3,3,32
12455.229038,2.675e-26,0.0598,0.075,0,0.75,-0.02491,NaN,NaN,NaN,NaN,NaN,NaN,NaN,NaN,NaN,NaN,NaN,NaN,NaN,NaN,0.08133,0.945,3,4,4,4,3,2,0,0,0,0,0,0,0,0,0,0,0,0,0,0,3,3,32
12455.266537,1.551e-26,0.0598,0.075,0,0.75,-0.024911,NaN,NaN,NaN,NaN,NaN,NaN,NaN,NaN,NaN,NaN,NaN,NaN,NaN,NaN,0.08133,0.945,3,3,4,4,3,2,0,0,0,0,0,0,0,0,0,0,0,0,0,0,3,3,32
12455.306123,1.014e-26,0.0598,0.075,0,0.75,-0.024911,NaN,NaN,NaN,NaN,NaN,NaN,NaN,NaN,NaN,NaN,NaN,NaN,NaN,NaN,0.08133,0.945,3,3,4,4,3,2,0,0,0,0,0,0,0,0,0,0,0,0,0,0,3,3,32
12458.160081,3.414e-26,0.0598,0.075,0,0.75,-0.024916,NaN,NaN,NaN,NaN,NaN,NaN,NaN,NaN,NaN,NaN,NaN,NaN,NaN,NaN,0.08133,0.945,3,4,4,4,3,2,0,0,0,0,0,0,0,0,0,0,0,0,0,0,3,3,32
12458.707018,3.724e-26,0.0598,0.075,0,0.75,-0.024917,NaN,NaN,NaN,NaN,NaN,NaN,NaN,NaN,NaN,NaN,NaN,NaN,NaN,NaN,0.08133,0.945,3,4,4,4,3,2,0,0,0,0,0,0,0,0,0,0,0,0,0,0,3,3,32
12459.140403,3.496e-26,0.0598,0.075,0,0.75,-0.024918,NaN,NaN,NaN,NaN,NaN,NaN,NaN,NaN,NaN,NaN,NaN,NaN,NaN,NaN,0.08133,0.945,3,4,4,4,3,2,0,0,0,0,0,0,0,0,0,0,0,0,0,0,3,3,32
12462.409473,1.909e-26,0.0598,0.075,0,0.75,-0.024925,NaN,NaN,NaN,NaN,NaN,NaN,NaN,NaN,NaN,NaN,NaN,NaN,NaN,NaN,0.08133,0.945,3,3,4,4,3,2,0,0,0,0,0,0,0,0,0,0,0,0,0,0,3,3,32
12462.463497,9.907e-27,0.0598,0.075,0,0.75,-0.024925,NaN,NaN,NaN,NaN,NaN,NaN,NaN,NaN,NaN,NaN,NaN,NaN,NaN,NaN,0.08133,0.945,3,3,4,4,3,2,0,0,0,0,0,0,0,0,0,0,0,0,0,0,3,3,32
12462.777635,2.344e-26,0.0598,0.075,0,0.75,-0.024926,NaN,NaN,NaN,NaN,NaN,NaN,NaN,NaN,NaN,NaN,NaN,NaN,NaN,NaN,0.08133,0.945,3,3,4,4,3,2,0,0,0,0,0,0,0,0,0,0,0,0,0,0,3,3,32
12462.818121,1.136e-26,0.0598,0.075,0,0.75,-0.024926,NaN,NaN,NaN,NaN,NaN,NaN,NaN,NaN,NaN,NaN,NaN,NaN,NaN,NaN,0.08133,0.945,3,3,4,4,3,2,0,0,0,0,0,0,0,0,0,0,0,0,0,0,3,3,32
12462.886344,2.421e-26,0.0598,0.075,0,0.75,-0.024926,NaN,NaN,NaN,NaN,NaN,NaN,NaN,NaN,NaN,NaN,NaN,NaN,NaN,NaN,0.08133,0.945,3,3,4,4,3,2,0,0,0,0,0,0,0,0,0,0,0,0,0,0,3,3,32
12463.544699,1.431e-26,0.0598,0.075,0,0.75,-0.024927,NaN,NaN,NaN,NaN,NaN,NaN,NaN,NaN,NaN,NaN,NaN,NaN,NaN,NaN,0.08133,0.945,3,3,4,4,3,2,0,0,0,0,0,0,0,0,0,0,0,0,0,0,3,3,32
12463.606431,4.048e-26,0.0598,0.075,0,0.75,-0.024927,NaN,NaN,NaN,NaN,NaN,NaN,NaN,NaN,NaN,NaN,NaN,NaN,NaN,NaN,0.08133,0.945,3,4,4,4,3,2,0,0,0,0,0,0,0,0,0,0,0,0,0,0,3,3,32
12469.141512,1.384e-26,0.0598,0.075,0,0.75,-0.024938,NaN,NaN,NaN,NaN,NaN,NaN,NaN,NaN,NaN,NaN,NaN,NaN,NaN,NaN,0.08133,0.945,3,3,4,4,3,2,0,0,0,0,0,0,0,0,0,0,0,0,0,0,3,3,32
12469.172221,3.383e-26,0.0598,0.075,0,0.75,-0.024938,NaN,NaN,NaN,NaN,NaN,NaN,NaN,NaN,NaN,NaN,NaN,NaN,NaN,NaN,0.08133,0.945,3,4,4,4,3,2,0,0,0,0,0,0,0,0,0,0,0,0,0,0,3,3,32
12469.218374,2.04e-26,0.0598,0.075,0,0.75,-0.024938,NaN,NaN,NaN,NaN,NaN,NaN,NaN,NaN,NaN,NaN,NaN,NaN,NaN,NaN,0.08133,0.945,3,3,4,4,3,2,0,0,0,0,0,0,0,0,0,0,0,0,0,0,3,3,32
12470.64564,1.914e-26,0.0598,0.075,0,0.75,-0.024941,NaN,NaN,NaN,NaN,NaN,NaN,NaN,NaN,NaN,NaN,NaN,NaN,NaN,NaN,0.08133,0.945,3,3,4,4,3,2,0,0,0,0,0,0,0,0,0,0,0,0,0,0,3,3,32
12470.673554,2.029e-26,0.0598,0.075,0,0.75,-0.024941,NaN,NaN,NaN,NaN,NaN,NaN,NaN,NaN,NaN,NaN,NaN,NaN,NaN,NaN,0.08133,0.945,3,3,4,4,3,2,0,0,0,0,0,0,0,0,0,0,0,0,0,0,3,3,32
12470.812414,4.168e-26,0.0598,0.075,0,0.75,-0.024942,NaN,NaN,NaN,NaN,NaN,NaN,NaN,NaN,NaN,NaN,NaN,NaN,NaN,NaN,0.08133,0.945,3,4,4,4,3,2,0,0,0,0,0,0,0,0,0,0,0,0,0,0,3,3,32
12473.121947,3.634e-26,0.0598,0.075,0,0.75,-0.024946,NaN,NaN,NaN,NaN,NaN,NaN,NaN,NaN,NaN,NaN,NaN,NaN,NaN,NaN,0.08133,0.945,3,4,4,4,3,2,0,0,0,0,0,0,0,0,0,0,0,0,0,0,3,3,32
12474.286508,1.793e-26,0.0598,0.075,0,0.75,-0.024949,NaN,NaN,NaN,NaN,NaN,NaN,NaN,NaN,NaN,NaN,NaN,NaN,NaN,NaN,0.08133,0.945,3,3,4,4,3,2,0,0,0,0,0,0,0,0,0,0,0,0,0,0,3,3,32
12474.97452,1.949e-26,0.0598,0.075,0,0.75,-0.02495,NaN,NaN,NaN,NaN,NaN,NaN,NaN,NaN,NaN,NaN,NaN,NaN,NaN,NaN,0.08133,0.945,3,3,4,4,3,2,0,0,0,0,0,0,0,0,0,0,0,0,0,0,3,3,32
12475.414032,3.535e-26,0.0598,0.075,0,0.75,-0.024951,NaN,NaN,NaN,NaN,NaN,NaN,NaN,NaN,NaN,NaN,NaN,NaN,NaN,NaN,0.08133,0.945,3,4,4,4,3,2,0,0,0,0,0,0,0,0,0,0,0,0,0,0,3,3,32
12483.058086,4.43e-26,0.0598,0.075,0,0.75,-0.024966,NaN,NaN,NaN,NaN,NaN,NaN,NaN,NaN,NaN,NaN,NaN,NaN,NaN,NaN,0.08133,0.945,3,4,4,4,3,2,0,0,0,0,0,0,0,0,0,0,0,0,0,0,3,3,32
12483.71507,2.4e-26,0.0598,0.075,0,0.75,-0.024967,NaN,NaN,NaN,NaN,NaN,NaN,NaN,NaN,NaN,NaN,NaN,NaN,NaN,NaN,0.08133,0.945,3,3,4,4,3,2,0,0,0,0,0,0,0,0,0,0,0,0,0,0,3,3,32
12484.270167,3.46e-26,0.0598,0.075,0,0.75,-0.024969,NaN,NaN,NaN,NaN,NaN,NaN,NaN,NaN,NaN,NaN,NaN,NaN,NaN,NaN,0.08133,0.945,3,4,4,4,3,2,0,0,0,0,0,0,0,0,0,0,0,0,0,0,3,3,32
12489.460449,5.399e-26,0.0598,0.075,0,0.75,-0.024979,NaN,NaN,NaN,NaN,NaN,NaN,NaN,NaN,NaN,NaN,NaN,NaN,NaN,NaN,0.08133,0.945,3,5,4,4,3,2,0,0,0,0,0,0,0,0,0,0,0,0,0,0,3,3,32
12490.039747,2.889e-26,0.0598,0.075,0,0.75,-0.02498,NaN,NaN,NaN,NaN,NaN,NaN,NaN,NaN,NaN,NaN,NaN,NaN,NaN,NaN,0.08133,0.945,3,4,4,4,3,2,0,0,0,0,0,0,0,0,0,0,0,0,0,0,3,3,32
12491.080169,7.697e-26,0.0598,0.075,0,0.75,-0.024982,NaN,NaN,NaN,NaN,NaN,NaN,NaN,NaN,NaN,NaN,NaN,NaN,NaN,NaN,0.08133,0.945,3,5,4,4,3,2,0,0,0,0,0,0,0,0,0,0,0,0,0,0,3,3,32
12492.482895,5.496e-26,0.0598,0.075,0,0.75,-0.024985,NaN,NaN,NaN,NaN,NaN,NaN,NaN,NaN,NaN,NaN,NaN,NaN,NaN,NaN,0.08133,0.945,3,5,4,4,3,2,0,0,0,0,0,0,0,0,0,0,0,0,0,0,3,3,32
12492.713127,2.257e-26,0.0598,0.075,0,0.75,-0.024985,NaN,NaN,NaN,NaN,NaN,NaN,NaN,NaN,NaN,NaN,NaN,NaN,NaN,NaN,0.08133,0.945,3,3,4,4,3,2,0,0,0,0,0,0,0,0,0,0,0,0,0,0,3,3,32
12492.759027,5.703e-26,0.0598,0.075,0,0.75,-0.024986,NaN,NaN,NaN,NaN,NaN,NaN,NaN,NaN,NaN,NaN,NaN,NaN,NaN,NaN,0.08133,0.945,3,5,4,4,3,2,0,0,0,0,0,0,0,0,0,0,0,0,0,0,3,3,32
12494.927296,6.673e-26,0.0598,0.075,0,0.75,-0.02499,NaN,NaN,NaN,NaN,NaN,NaN,NaN,NaN,NaN,NaN,NaN,NaN,NaN,NaN,0.08133,0.945,3,5,4,4,3,2,0,0,0,0,0,0,0,0,0,0,0,0,0,0,3,3,32
12497.984438,2.569e-26,0.0598,0.075,0,0.75,-0.024996,NaN,NaN,NaN,NaN,NaN,NaN,NaN,NaN,NaN,NaN,NaN,NaN,NaN,NaN,0.08133,0.945,3,4,4,4,3,2,0,0,0,0,0,0,0,0,0,0,0,0,0,0,3,3,32
12498.02538,1.652e-26,0.0598,0.075,0,0.75,-0.024996,NaN,NaN,NaN,NaN,NaN,NaN,NaN,NaN,NaN,NaN,NaN,NaN,NaN,NaN,0.08133,0.945,3,3,4,4,3,2,0,0,0,0,0,0,0,0,0,0,0,0,0,0,3,3,32
12498.421811,2.027e-26,0.0598,0.075,0,0.75,-0.024997,NaN,NaN,NaN,NaN,NaN,NaN,NaN,NaN,NaN,NaN,NaN,NaN,NaN,NaN,0.08133,0.945,3,3,4,4,3,2,0,0,0,0,0,0,0,0,0,0,0,0,0,0,3,3,32
12499.456217,1.845e-26,0.0598,0.075,0,0.75,-0.024999,NaN,NaN,NaN,NaN,NaN,NaN,NaN,NaN,NaN,NaN,NaN,NaN,NaN,NaN,0.08133,0.945,3,3,4,4,3,2,0,0,0,0,0,0,0,0,0,0,0,0,0,0,3,3,32
12500.324394,1.923e-26,0.0598,0.075,0,0.75,-0.025001,NaN,NaN,NaN,NaN,NaN,NaN,NaN,NaN,NaN,NaN,NaN,NaN,NaN,NaN,0.08133,0.945,3,3,4,4,3,2,0,0,0,0,0,0,0,0,0,0,0,0,0,0,3,3,32
12500.478172,2.31e-26,0.0598,0.075,0,0.75,-0.025001,NaN,NaN,NaN,NaN,NaN,NaN,NaN,NaN,NaN,NaN,NaN,NaN,NaN,NaN,0.08133,0.945,3,3,4,4,3,2,0,0,0,0,0,0,0,0,0,0,0,0,0,0,3,3,32
12500.547559,2.433e-26,0.0598,0.075,0,0.75,-0.025001,NaN,NaN,NaN,NaN,NaN,NaN,NaN,NaN,NaN,NaN,NaN,NaN,NaN,NaN,0.08133,0.945,3,3,4,4,3,2,0,0,0,0,0,0,0,0,0,0,0,0,0,0,3,3,32
12500.692345,2.06e-26,0.0598,0.075,0,0.75,-0.025001,NaN,NaN,NaN,NaN,NaN,NaN,NaN,NaN,NaN,NaN,NaN,NaN,NaN,NaN,0.08133,0.945,3,3,4,4,3,2,0,0,0,0,0,0,0,0,0,0,0,0,0,0,3,3,32
12500.74291,7.301e-27,0.0598,0.075,0,0.75,-0.025001,NaN,NaN,NaN,NaN,NaN,NaN,NaN,NaN,NaN,NaN,NaN,NaN,NaN,NaN,0.08133,0.945,3,3,4,4,3,2,0,0,0,0,0,0,0,0,0,0,0,0,0,0,3,3,32
12502.969296,2.325e-26,0.0598,0.075,0,0.75,-0.025006,NaN,NaN,NaN,NaN,NaN,NaN,NaN,NaN,NaN,NaN,NaN,NaN,NaN,NaN,0.08133,0.945,3,3,4,4,3,2,0,0,0,0,0,0,0,0,0,0,0,0,0,0,3,3,32
12503.014704,9.558e-27,0.0598,0.075,0,0.75,-0.025006,NaN,NaN,NaN,NaN,NaN,NaN,NaN,NaN,NaN,NaN,NaN,NaN,NaN,NaN,0.08133,0.945,3,3,4,4,3,2,0,0,0,0,0,0,0,0,0,0,0,0,0,0,3,3,32
12503.526235,3.801e-26,0.0598,0.075,0,0.75,-0.025007,NaN,NaN,NaN,NaN,NaN,NaN,NaN,NaN,NaN,NaN,NaN,NaN,NaN,NaN,0.08133,0.945,3,4,4,4,3,2,0,0,0,0,0,0,0,0,0,0,0,0,0,0,3,3,32
12505.2398,6.544e-26,0.0598,0.075,0,0.75,-0.02501,NaN,NaN,NaN,NaN,NaN,NaN,NaN,NaN,NaN,NaN,NaN,NaN,NaN,NaN,0.08133,0.945,3,5,4,4,3,2,0,0,0,0,0,0,0,0,0,0,0,0,0,0,3,3,32
12505.300496,1.018e-26,0.0598,0.075,0,0.75,-0.025011,NaN,NaN,NaN,NaN,NaN,NaN,NaN,NaN,NaN,NaN,NaN,NaN,NaN,NaN,0.08133,0.945,3,3,4,4,3,2,0,0,0,0,0,0,0,0,0,0,0,0,0,0,3,3,32
12508.299984,3.147e-26,0.0598,0.075,0,0.75,-0.025017,NaN,NaN,NaN,NaN,NaN,NaN,NaN,NaN,NaN,NaN,NaN,NaN,NaN,NaN,0.08133,0.945,3,4,4,4,3,2,0,0,0,0,0,0,0,0,0,0,0,0,0,0,3,3,32
12508.929565,3.475e-26,0.0598,0.075,0,0.75,-0.025018,NaN,NaN,NaN,NaN,NaN,NaN,NaN,NaN,NaN,NaN,NaN,NaN,NaN,NaN,0.08133,0.945,3,4,4,4,3,2,0,0,0,0,0,0,0,0,0,0,0,0,0,0,3,3,32
12509.242051,3.613e-26,0.0598,0.075,0,0.75,-0.025018,NaN,NaN,NaN,NaN,NaN,NaN,NaN,NaN,NaN,NaN,NaN,NaN,NaN,NaN,0.08133,0.945,3,4,4,4,3,2,0,0,0,0,0,0,0,0,0,0,0,0,0,0,3,3,32
12509.795185,2.294e-26,0.0598,0.075,0,0.75,-0.02502,NaN,NaN,NaN,NaN,NaN,NaN,NaN,NaN,NaN,NaN,NaN,NaN,NaN,NaN,0.08133,0.945,3,3,4,4,3,2,0,0,0,0,0,0,0,0,0,0,0,0,0,0,3,3,32
12509.831302,1.837e-26,0.0598,0.075,0,0.75,-0.02502,NaN,NaN,NaN,NaN,NaN,NaN,NaN,NaN,NaN,NaN,NaN,NaN,NaN,NaN,0.08133,0.945,3,3,4,4,3,2,0,0,0,0,0,0,0,0,0,0,0,0,0,0,3,3,32
12511.457878,3.194e-26,0.0598,0.075,0,0.75,-0.025023,NaN,NaN,NaN,NaN,NaN,NaN,NaN,NaN,NaN,NaN,NaN,NaN,NaN,NaN,0.08133,0.945,3,4,4,4,3,2,0,0,0,0,0,0,0,0,0,0,0,0,0,0,3,3,32
12511.646578,3.614e-26,0.0598,0.075,0,0.75,-0.025023,NaN,NaN,NaN,NaN,NaN,NaN,NaN,NaN,NaN,NaN,NaN,NaN,NaN,NaN,0.08133,0.945,3,4,4,4,3,2,0,0,0,0,0,0,0,0,0,0,0,0,0,0,3,3,32
12511.9904,2.19e-26,0.0598,0.075,0,0.75,-0.025024,NaN,NaN,NaN,NaN,NaN,NaN,NaN,NaN,NaN,NaN,NaN,NaN,NaN,NaN,0.08133,0.945,3,3,4,4,3,2,0,0,0,0,0,0,0,0,0,0,0,0,0,0,3,3,32
12515.444931,3.801e-26,0.0598,0.075,0,0.75,-0.025031,NaN,NaN,NaN,NaN,NaN,NaN,NaN,NaN,NaN,NaN,NaN,NaN,NaN,NaN,0.08133,0.945,3,4,4,4,3,2,0,0,0,0,0,0,0,0,0,0,0,0,0,0,3,3,32
12515.553652,3.363e-26,0.0598,0.075,0,0.75,-0.025031,NaN,NaN,NaN,NaN,NaN,NaN,NaN,NaN,NaN,NaN,NaN,NaN,NaN,NaN,0.08133,0.945,3,4,4,4,3,2,0,0,0,0,0,0,0,0,0,0,0,0,0,0,3,3,32
12516.506322,2.44e-26,0.0598,0.075,0,0.75,-0.025033,NaN,NaN,NaN,NaN,NaN,NaN,NaN,NaN,NaN,NaN,NaN,NaN,NaN,NaN,0.08133,0.945,3,3,4,4,3,2,0,0,0,0,0,0,0,0,0,0,0,0,0,0,3,3,32
12517.076495,3.559e-26,0.0598,0.075,0,0.75,-0.025034,NaN,NaN,NaN,NaN,NaN,NaN,NaN,NaN,NaN,NaN,NaN,NaN,NaN,NaN,0.08133,0.945,3,4,4,4,3,2,0,0,0,0,0,0,0,0,0,0,0,0,0,0,3,3,32
12518.311711,2.772e-26,0.0598,0.075,0,0.75,-0.025037,NaN,NaN,NaN,NaN,NaN,NaN,NaN,NaN,NaN,NaN,NaN,NaN,NaN,NaN,0.08133,0.945,3,4,4,4,3,2,0,0,0,0,0,0,0,0,0,0,0,0,0,0,3,3,32
12518.79877,3.12e-26,0.0598,0.075,0,0.75,-0.025038,NaN,NaN,NaN,NaN,NaN,NaN,NaN,NaN,NaN,NaN,NaN,NaN,NaN,NaN,0.08133,0.945,3,4,4,4,3,2,0,0,0,0,0,0,0,0,0,0,0,0,0,0,3,3,32
12518.873771,4.481e-26,0.0598,0.075,0,0.75,-0.025038,NaN,NaN,NaN,NaN,NaN,NaN,NaN,NaN,NaN,NaN,NaN,NaN,NaN,NaN,0.08133,0.945,3,4,4,4,3,2,0,0,0,0,0,0,0,0,0,0,0,0,0,0,3,3,32
12519.954449,2.652e-26,0.0598,0.075,0,0.75,-0.02504,NaN,NaN,NaN,NaN,NaN,NaN,NaN,NaN,NaN,NaN,NaN,NaN,NaN,NaN,0.08133,0.945,3,4,4,4,3,2,0,0,0,0,0,0,0,0,0,0,0,0,0,0,3,3,32
12522.773105,3.084e-26,0.0598,0.075,0,0.75,-0.025046,NaN,NaN,NaN,NaN,NaN,NaN,NaN,NaN,NaN,NaN,NaN,NaN,NaN,NaN,0.08133,0.945,3,4,4,4,3,2,0,0,0,0,0,0,0,0,0,0,0,0,0,0,3,3,32
12522.84572,3.257e-26,0.0598,0.075,0,0.75,-0.025046,NaN,NaN,NaN,NaN,NaN,NaN,NaN,NaN,NaN,NaN,NaN,NaN,NaN,NaN,0.08133,0.945,3,4,4,4,3,2,0,0,0,0,0,0,0,0,0,0,0,0,0,0,3,3,32
12523.314162,8.575e-26,0.0598,0.075,0,0.75,-0.025047,NaN,NaN,NaN,NaN,NaN,NaN,NaN,NaN,NaN,NaN,NaN,NaN,NaN,NaN,0.08133,0.945,3,5,4,4,3,2,0,0,0,0,0,0,0,0,0,0,0,0,0,0,3,3,32
12523.374357,1.922e-26,0.0598,0.075,0,0.75,-0.025047,NaN,NaN,NaN,NaN,NaN,NaN,NaN,NaN,NaN,NaN,NaN,NaN,NaN,NaN,0.08133,0.945,3,3,4,4,3,2,0,0,0,0,0,0,0,0,0,0,0,0,0,0,3,3,32
12525.162288,1.02e-25,0.0598,0.075,0,0.75,-0.02505,NaN,NaN,NaN,NaN,NaN,NaN,NaN,NaN,NaN,NaN,NaN,NaN,NaN,NaN,0.08133,0.945,3,6,4,4,3,2,0,0,0,0,0,0,0,0,0,0,0,0,0,0,3,3,32
12525.198908,2.424e-26,0.0598,0.075,0,0.75,-0.02505,NaN,NaN,NaN,NaN,NaN,NaN,NaN,NaN,NaN,NaN,NaN,NaN,NaN,NaN,0.08133,0.945,3,3,4,4,3,2,0,0,0,0,0,0,0,0,0,0,0,0,0,0,3,3,32
12525.232831,1.961e-26,0.0598,0.075,0,0.75,-0.02505,NaN,NaN,NaN,NaN,NaN,NaN,NaN,NaN,NaN,NaN,NaN,NaN,NaN,NaN,0.08133,0.945,3,3,4,4,3,2,0,0,0,0,0,0,0,0,0,0,0,0,0,0,3,3,32
12525.764554,6.97e-27,0.0598,0.075,0,0.75,-0.025052,NaN,NaN,NaN,NaN,NaN,NaN,NaN,NaN,NaN,NaN,NaN,NaN,NaN,NaN,0.08133,0.945,3,3,4,4,3,2,0,0,0,0,0,0,0,0,0,0,0,0,0,0,3,3,32
12525.832565,5.648e-26,0.0598,0.075,0,0.75,-0.025052,NaN,NaN,NaN,NaN,NaN,NaN,NaN,NaN,NaN,NaN,NaN,NaN,NaN,NaN,0.08133,0.945,3,5,4,4,3,2,0,0,0,0,0,0,0,0,0,0,0,0,0,0,3,3,32
12526.89846,2.902e-26,0.0598,0.075,0,0.75,-0.025054,NaN,NaN,NaN,NaN,NaN,NaN,NaN,NaN,NaN,NaN,NaN,NaN,NaN,NaN,0.08133,0.945,3,4,4,4,3,2,0,0,0,0,0,0,0,0,0,0,0,0,0,0,3,3,32
12528.743959,1.872e-26,0.0598,0.075,0,0.75,-0.025057,NaN,NaN,NaN,NaN,NaN,NaN,NaN,NaN,NaN,NaN,NaN,NaN,NaN,NaN,0.08133,0.945,3,3,4,4,3,2,0,0,0,0,0,0,0,0,0,0,0,0,0,0,3,3,32
12528.776867,4.174e-26,0.0598,0.075,0,0.75,-0.025058,NaN,NaN,NaN,NaN,NaN,NaN,NaN,NaN,NaN,NaN,NaN,NaN,NaN,NaN,0.08133,0.945,3,4,4,4,3,2,0,0,0,0,0,0,0,0,0,0,0,0,0,0,3,3,32
12528.815429,1.187e-26,0.0598,0.075,0,0.75,-0.025058,NaN,NaN,NaN,NaN,NaN,NaN,NaN,NaN,NaN,NaN,NaN,NaN,NaN,NaN,0.08133,0.945,3,3,4,4,3,2,0,0,0,0,0,0,0,0,0,0,0,0,0,0,3,3,32
12531.005692,1.718e-26,0.0598,0.075,0,0.75,-0.025062,NaN,NaN,NaN,NaN,NaN,NaN,NaN,NaN,NaN,NaN,NaN,NaN,NaN,NaN,0.08133,0.945,3,3,4,4,3,2,0,0,0,0,0,0,0,0,0,0,0,0,0,0,3,3,32
12531.040738,3.485e-26,0.0598,0.075,0,0.75,-0.025062,NaN,NaN,NaN,NaN,NaN,NaN,NaN,NaN,NaN,NaN,NaN,NaN,NaN,NaN,0.08133,0.945,3,4,4,4,3,2,0,0,0,0,0,0,0,0,0,0,0,0,0,0,3,3,32
12531.53331,3.134e-26,0.0598,0.075,0,0.75,-0.025063,NaN,NaN,NaN,NaN,NaN,NaN,NaN,NaN,NaN,NaN,NaN,NaN,NaN,NaN,0.08133,0.945,3,4,4,4,3,2,0,0,0,0,0,0,0,0,0,0,0,0,0,0,3,3,32
12531.685307,3.334e-26,0.0598,0.075,0,0.75,-0.025063,NaN,NaN,NaN,NaN,NaN,NaN,NaN,NaN,NaN,NaN,NaN,NaN,NaN,NaN,0.08133,0.945,3,4,4,4,3,2,0,0,0,0,0,0,0,0,0,0,0,0,0,0,3,3,32
12532.818177,3.151e-26,0.0598,0.075,0,0.75,-0.025066,NaN,NaN,NaN,NaN,NaN,NaN,NaN,NaN,NaN,NaN,NaN,NaN,NaN,NaN,0.08133,0.945,3,4,4,4,3,2,0,0,0,0,0,0,0,0,0,0,0,0,0,0,3,3,32
12535.264399,1.447e-26,0.0598,0.075,0,0.75,-0.025071,NaN,NaN,NaN,NaN,NaN,NaN,NaN,NaN,NaN,NaN,NaN,NaN,NaN,NaN,0.08133,0.945,3,3,4,4,3,2,0,0,0,0,0,0,0,0,0,0,0,0,0,0,3,3,32
12535.306518,2.114e-26,0.0598,0.075,0,0.75,-0.025071,NaN,NaN,NaN,NaN,NaN,NaN,NaN,NaN,NaN,NaN,NaN,NaN,NaN,NaN,0.08133,0.945,3,3,4,4,3,2,0,0,0,0,0,0,0,0,0,0,0,0,0,0,3,3,32
12537.091497,2.715e-26,0.0598,0.075,0,0.75,-0.025074,NaN,NaN,NaN,NaN,NaN,NaN,NaN,NaN,NaN,NaN,NaN,NaN,NaN,NaN,0.08133,0.945,3,4,4,4,3,2,0,0,0,0,0,0,0,0,0,0,0,0,0,0,3,3,32
12537.307101,1.928e-26,0.0598,0.075,0,0.75,-0.025075,NaN,NaN,NaN,NaN,NaN,NaN,NaN,NaN,NaN,NaN,NaN,NaN,NaN,NaN,0.08133,0.945,3,3,4,4,3,2,0,0,0,0,0,0,0,0,0,0,0,0,0,0,3,3,32
12538.262316,2.166e-26,0.0598,0.075,0,0.75,-0.025077,NaN,NaN,NaN,NaN,NaN,NaN,NaN,NaN,NaN,NaN,NaN,NaN,NaN,NaN,0.08133,0.945,3,3,4,4,3,2,0,0,0,0,0,0,0,0,0,0,0,0,0,0,3,3,32
12538.30013,1.085e-26,0.0598,0.075,0,0.75,-0.025077,NaN,NaN,NaN,NaN,NaN,NaN,NaN,NaN,NaN,NaN,NaN,NaN,NaN,NaN,0.08133,0.945,3,3,4,4,3,2,0,0,0,0,0,0,0,0,0,0,0,0,0,0,3,3,32
12543.265799,1.721e-26,0.0598,0.075,0,0.75,-0.025087,NaN,NaN,NaN,NaN,NaN,NaN,NaN,NaN,NaN,NaN,NaN,NaN,NaN,NaN,0.08133,0.945,3,3,4,4,3,2,0,0,0,0,0,0,0,0,0,0,0,0,0,0,3,3,32
12543.293518,1.109e-26,0.0598,0.075,0,0.75,-0.025087,NaN,NaN,NaN,NaN,NaN,NaN,NaN,NaN,NaN,NaN,NaN,NaN,NaN,NaN,0.08133,0.945,3,3,4,4,3,2,0,0,0,0,0,0,0,0,0,0,0,0,0,0,3,3,32
12543.330229,9.399e-27,0.0598,0.075,0,0.75,-0.025087,NaN,NaN,NaN,NaN,NaN,NaN,NaN,NaN,NaN,NaN,NaN,NaN,NaN,NaN,0.08133,0.945,3,3,4,4,3,2,0,0,0,0,0,0,0,0,0,0,0,0,0,0,3,3,32
12543.573965,2.969e-26,0.0598,0.075,0,0.75,-0.025087,NaN,NaN,NaN,NaN,NaN,NaN,NaN,NaN,NaN,NaN,NaN,NaN,NaN,NaN,0.08133,0.945,3,4,4,4,3,2,0,0,0,0,0,0,0,0,0,0,0,0,0,0,3,3,32
12543.615679,2.441e-26,0.0598,0.075,0,0.75,-0.025087,NaN,NaN,NaN,NaN,NaN,NaN,NaN,NaN,NaN,NaN,NaN,NaN,NaN,NaN,0.08133,0.945,3,3,4,4,3,2,0,0,0,0,0,0,0,0,0,0,0,0,0,0,3,3,32
12544.634609,5.134e-27,0.0598,0.075,0,0.75,-0.025089,NaN,NaN,NaN,NaN,NaN,NaN,NaN,NaN,NaN,NaN,NaN,NaN,NaN,NaN,0.08133,0.945,3,3,4,4,3,2,0,0,0,0,0,0,0,0,0,0,0,0,0,0,3,3,32
12544.675904,1.49e-26,0.0598,0.075,0,0.75,-0.025089,NaN,NaN,NaN,NaN,NaN,NaN,NaN,NaN,NaN,NaN,NaN,NaN,NaN,NaN,0.08133,0.945,3,3,4,4,3,2,0,0,0,0,0,0,0,0,0,0,0,0,0,0,3,3,32
12544.725515,3.349e-26,0.0598,0.075,0,0.75,-0.025089,NaN,NaN,NaN,NaN,NaN,NaN,NaN,NaN,NaN,NaN,NaN,NaN,NaN,NaN,0.08133,0.945,3,4,4,4,3,2,0,0,0,0,0,0,0,0,0,0,0,0,0,0,3,3,32
12546.580035,2.289e-26,0.0598,0.075,0,0.75,-0.025093,NaN,NaN,NaN,NaN,NaN,NaN,NaN,NaN,NaN,NaN,NaN,NaN,NaN,NaN,0.08133,0.945,3,3,4,4,3,2,0,0,0,0,0,0,0,0,0,0,0,0,0,0,3,3,32
12546.842374,2.852e-26,0.0598,0.075,0,0.75,-0.025094,NaN,NaN,NaN,NaN,NaN,NaN,NaN,NaN,NaN,NaN,NaN,NaN,NaN,NaN,0.08133,0.945,3,4,4,4,3,2,0,0,0,0,0,0,0,0,0,0,0,0,0,0,3,3,32
12546.87098,3.43e-26,0.0598,0.075,0,0.75,-0.025094,NaN,NaN,NaN,NaN,NaN,NaN,NaN,NaN,NaN,NaN,NaN,NaN,NaN,NaN,0.08133,0.945,3,4,4,4,3,2,0,0,0,0,0,0,0,0,0,0,0,0,0,0,3,3,32
12548.015556,2.617e-26,0.0598,0.075,0,0.75,-0.025096,NaN,NaN,NaN,NaN,NaN,NaN,NaN,NaN,NaN,NaN,NaN,NaN,NaN,NaN,0.08133,0.945,3,4,4,4,3,2,0,0,0,0,0,0,0,0,0,0,0,0,0,0,3,3,32
12548.395486,3.069e-26,0.0598,0.075,0,0.75,-0.025097,NaN,NaN,NaN,NaN,NaN,NaN,NaN,NaN,NaN,NaN,NaN,NaN,NaN,NaN,0.08133,0.945,3,4,4,4,3,2,0,0,0,0,0,0,0,0,0,0,0,0,0,0,3,3,32
12549.557769,2.04e-26,0.0598,0.075,0,0.75,-0.025099,NaN,NaN,NaN,NaN,NaN,NaN,NaN,NaN,NaN,NaN,NaN,NaN,NaN,NaN,0.08133,0.945,3,3,4,4,3,2,0,0,0,0,0,0,0,0,0,0,0,0,0,0,3,3,32
12551.181919,2.246e-26,0.0598,0.075,0,0.75,-0.025102,NaN,NaN,NaN,NaN,NaN,NaN,NaN,NaN,NaN,NaN,NaN,NaN,NaN,NaN,0.08133,0.945,3,3,4,4,3,2,0,0,0,0,0,0,0,0,0,0,0,0,0,0,3,3,32
12552.128832,3.114e-26,0.0598,0.075,0,0.75,-0.025104,NaN,NaN,NaN,NaN,NaN,NaN,NaN,NaN,NaN,NaN,NaN,NaN,NaN,NaN,0.08133,0.945,3,4,4,4,3,2,0,0,0,0,0,0,0,0,0,0,0,0,0,0,3,3,32
12554.265236,1.806e-26,0.0598,0.075,0,0.75,-0.025109,NaN,NaN,NaN,NaN,NaN,NaN,NaN,NaN,NaN,NaN,NaN,NaN,NaN,NaN,0.08133,0.945,3,3,4,4,3,2,0,0,0,0,0,0,0,0,0,0,0,0,0,0,3,3,32
12554.303786,1.732e-26,0.0598,0.075,0,0.75,-0.025109,NaN,NaN,NaN,NaN,NaN,NaN,NaN,NaN,NaN,NaN,NaN,NaN,NaN,NaN,0.08133,0.945,3,3,4,4,3,2,0,0,0,0,0,0,0,0,0,0,0,0,0,0,3,3,32
12554.923855,9.837e-27,0.0598,0.075,0,0.75,-0.02511,NaN,NaN,NaN,NaN,NaN,NaN,NaN,NaN,NaN,NaN,NaN,NaN,NaN,NaN,0.08133,0.945,3,3,4,4,3,2,0,0,0,0,0,0,0,0,0,0,0,0,0,0,3,3,32
12554.960201,1.447e-26,0.0598,0.075,0,0.75,-0.02511,NaN,NaN,NaN,NaN,NaN,NaN,NaN,NaN,NaN,NaN,NaN,NaN,NaN,NaN,0.08133,0.945,3,3,4,4,3,2,0,0,0,0,0,0,0,0,0,0,0,0,0,0,3,3,32
12556.240123,3.735e-26,0.0598,0.075,0,0.75,-0.025112,NaN,NaN,NaN,NaN,NaN,NaN,NaN,NaN,NaN,NaN,NaN,NaN,NaN,NaN,0.08133,0.945,3,4,4,4,3,2,0,0,0,0,0,0,0,0,0,0,0,0,0,0,3,3,32
12556.373843,1.609e-26,0.0598,0.075,0,0.75,-0.025113,NaN,NaN,NaN,NaN,NaN,NaN,NaN,NaN,NaN,NaN,NaN,NaN,NaN,NaN,0.08133,0.945,3,3,4,4,3,2,0,0,0,0,0,0,0,0,0,0,0,0,0,0,3,3,32
12558.758605,1.47e-26,0.0598,0.075,0,0.75,-0.025118,NaN,NaN,NaN,NaN,NaN,NaN,NaN,NaN,NaN,NaN,NaN,NaN,NaN,NaN,0.08133,0.945,3,3,4,4,3,2,0,0,0,0,0,0,0,0,0,0,0,0,0,0,3,3,32
12558.803826,1.632e-26,0.0598,0.075,0,0.75,-0.025118,NaN,NaN,NaN,NaN,NaN,NaN,NaN,NaN,NaN,NaN,NaN,NaN,NaN,NaN,0.08133,0.945,3,3,4,4,3,2,0,0,0,0,0,0,0,0,0,0,0,0,0,0,3,3,32
12563.949622,5.43e-27,0.0598,0.075,0,0.75,-0.025128,NaN,NaN,NaN,NaN,NaN,NaN,NaN,NaN,NaN,NaN,NaN,NaN,NaN,NaN,0.08133,0.945,3,3,4,4,3,2,0,0,0,0,0,0,0,0,0,0,0,0,0,0,3,3,32
12563.984704,2.292e-26,0.0598,0.075,0,0.75,-0.025128,NaN,NaN,NaN,NaN,NaN,NaN,NaN,NaN,NaN,NaN,NaN,NaN,NaN,NaN,0.08133,0.945,3,3,4,4,3,2,0,0,0,0,0,0,0,0,0,0,0,0,0,0,3,3,32
12564.090733,5.809e-27,0.0598,0.075,0,0.75,-0.025128,NaN,NaN,NaN,NaN,NaN,NaN,NaN,NaN,NaN,NaN,NaN,NaN,NaN,NaN,0.08133,0.945,3,3,4,4,3,2,0,0,0,0,0,0,0,0,0,0,0,0,0,0,3,3,32
12564.127429,2.08e-26,0.0598,0.075,0,0.75,-0.025128,NaN,NaN,NaN,NaN,NaN,NaN,NaN,NaN,NaN,NaN,NaN,NaN,NaN,NaN,0.08133,0.945,3,3,4,4,3,2,0,0,0,0,0,0,0,0,0,0,0,0,0,0,3,3,32
12568.546914,6.236e-26,0.0598,0.075,0,0.75,-0.025137,NaN,NaN,NaN,NaN,NaN,NaN,NaN,NaN,NaN,NaN,NaN,NaN,NaN,NaN,0.08133,0.945,3,5,4,4,3,2,0,0,0,0,0,0,0,0,0,0,0,0,0,0,3,3,32
12571.91557,3.889e-26,0.0598,0.075,0,0.75,-0.025144,NaN,NaN,NaN,NaN,NaN,NaN,NaN,NaN,NaN,NaN,NaN,NaN,NaN,NaN,0.08133,0.945,3,4,4,4,3,2,0,0,0,0,0,0,0,0,0,0,0,0,0,0,3,3,32
12572.775097,1.949e-26,0.0598,0.075,0,0.75,-0.025146,NaN,NaN,NaN,NaN,NaN,NaN,NaN,NaN,NaN,NaN,NaN,NaN,NaN,NaN,0.08133,0.945,3,3,4,4,3,2,0,0,0,0,0,0,0,0,0,0,0,0,0,0,3,3,32
12573.198003,3.445e-26,0.0598,0.075,0,0.75,-0.025146,NaN,NaN,NaN,NaN,NaN,NaN,NaN,NaN,NaN,NaN,NaN,NaN,NaN,NaN,0.08133,0.945,3,4,4,4,3,2,0,0,0,0,0,0,0,0,0,0,0,0,0,0,3,3,32
12573.363409,3.427e-26,0.0598,0.075,0,0.75,-0.025147,NaN,NaN,NaN,NaN,NaN,NaN,NaN,NaN,NaN,NaN,NaN,NaN,NaN,NaN,0.08133,0.945,3,4,4,4,3,2,0,0,0,0,0,0,0,0,0,0,0,0,0,0,3,3,32
12577.013923,5.235e-26,0.0598,0.075,0,0.75,-0.025154,NaN,NaN,NaN,NaN,NaN,NaN,NaN,NaN,NaN,NaN,NaN,NaN,NaN,NaN,0.08133,0.945,3,5,4,4,3,2,0,0,0,0,0,0,0,0,0,0,0,0,0,0,3,3,32
12578.363651,1.816e-26,0.0598,0.075,0,0.75,-0.025157,NaN,NaN,NaN,NaN,NaN,NaN,NaN,NaN,NaN,NaN,NaN,NaN,NaN,NaN,0.08133,0.945,3,3,4,4,3,2,0,0,0,0,0,0,0,0,0,0,0,0,0,0,3,3,32
12578.802234,2.301e-26,0.0598,0.075,0,0.75,-0.025158,NaN,NaN,NaN,NaN,NaN,NaN,NaN,NaN,NaN,NaN,NaN,NaN,NaN,NaN,0.08133,0.945,3,3,4,4,3,2,0,0,0,0,0,0,0,0,0,0,0,0,0,0,3,3,32
12582.643093,3.836e-26,0.0598,0.075,0,0.75,-0.025165,NaN,NaN,NaN,NaN,NaN,NaN,NaN,NaN,NaN,NaN,NaN,NaN,NaN,NaN,0.08133,0.945,3,4,4,4,3,2,0,0,0,0,0,0,0,0,0,0,0,0,0,0,3,3,32
12586.919742,2.591e-26,0.0598,0.075,0,0.75,-0.025174,NaN,NaN,NaN,NaN,NaN,NaN,NaN,NaN,NaN,NaN,NaN,NaN,NaN,NaN,0.08133,0.945,3,4,4,4,3,2,0,0,0,0,0,0,0,0,0,0,0,0,0,0,3,3,32
12587.701995,3.589e-26,0.0598,0.075,0,0.75,-0.025175,NaN,NaN,NaN,NaN,NaN,NaN,NaN,NaN,NaN,NaN,NaN,NaN,NaN,NaN,0.08133,0.945,3,4,4,4,3,2,0,0,0,0,0,0,0,0,0,0,0,0,0,0,3,3,32
12588.301859,4.633e-26,0.0598,0.075,0,0.75,-0.025177,NaN,NaN,NaN,NaN,NaN,NaN,NaN,NaN,NaN,NaN,NaN,NaN,NaN,NaN,0.08133,0.945,3,4,4,4,3,2,0,0,0,0,0,0,0,0,0,0,0,0,0,0,3,3,32
12589.172882,1.435e-26,0.0598,0.075,0,0.75,-0.025178,NaN,NaN,NaN,NaN,NaN,NaN,NaN,NaN,NaN,NaN,NaN,NaN,NaN,NaN,0.08133,0.945,3,3,4,4,3,2,0,0,0,0,0,0,0,0,0,0,0,0,0,0,3,3,32
12589.217468,3.111e-26,0.0598,0.075,0,0.75,-0.025178,NaN,NaN,NaN,NaN,NaN,NaN,NaN,NaN,NaN,NaN,NaN,NaN,NaN,NaN,0.08133,0.945,3,4,4,4,3,2,0,0,0,0,0,0,0,0,0,0,0,0,0,0,3,3,32
12589.418349,5.47e-26,0.0598,0.075,0,0.75,-0.025179,NaN,NaN,NaN,NaN,NaN,NaN,NaN,NaN,NaN,NaN,NaN,NaN,NaN,NaN,0.08133,0.945,3,5,4,4,3,2,0,0,0,0,0,0,0,0,0,0,0,0,0,0,3,3,32
12594.045321,1.893e-26,0.0598,0.075,0,0.75,-0.025188,NaN,NaN,NaN,NaN,NaN,NaN,NaN,NaN,NaN,NaN,NaN,NaN,NaN,NaN,0.08133,0.945,3,3,4,4,3,2,0,0,0,0,0,0,0,0,0,0,0,0,0,0,3,3,32
12594.084754,1.527e-26,0.0598,0.075,0,0.75,-0.025188,NaN,NaN,NaN,NaN,NaN,NaN,NaN,NaN,NaN,NaN,NaN,NaN,NaN,NaN,0.08133,0.945,3,3,4,4,3,2,0,0,0,0,0,0,0,0,0,0,0,0,0,0,3,3,32
12594.545592,2.533e-26,0.0598,0.075,0,0.75,-0.025189,NaN,NaN,NaN,NaN,NaN,NaN,NaN,NaN,NaN,NaN,NaN,NaN,NaN,NaN,0.08133,0.945,3,4,4,4,3,2,0,0,0,0,0,0,0,0,0,0,0,0,0,0,3,3,32
12595.272173,4.878e-26,0.0598,0.075,0,0.75,-0.025191,NaN,NaN,NaN,NaN,NaN,NaN,NaN,NaN,NaN,NaN,NaN,NaN,NaN,NaN,0.08133,0.945,3,4,4,4,3,2,0,0,0,0,0,0,0,0,0,0,0,0,0,0,3,3,32
12595.304696,1.823e-26,0.0598,0.075,0,0.75,-0.025191,NaN,NaN,NaN,NaN,NaN,NaN,NaN,NaN,NaN,NaN,NaN,NaN,NaN,NaN,0.08133,0.945,3,3,4,4,3,2,0,0,0,0,0,0,0,0,0,0,0,0,0,0,3,3,32
12598.894537,3.032e-26,0.0598,0.075,0,0.75,-0.025198,NaN,NaN,NaN,NaN,NaN,NaN,NaN,NaN,NaN,NaN,NaN,NaN,NaN,NaN,0.08133,0.945,3,4,4,4,3,2,0,0,0,0,0,0,0,0,0,0,0,0,0,0,3,3,32
12604.727075,1.977e-26,0.0598,0.075,0,0.75,-0.025209,NaN,NaN,NaN,NaN,NaN,NaN,NaN,NaN,NaN,NaN,NaN,NaN,NaN,NaN,0.08133,0.945,3,3,4,4,3,2,0,0,0,0,0,0,0,0,0,0,0,0,0,0,3,3,32
12604.767657,2.341e-26,0.0598,0.075,0,0.75,-0.02521,NaN,NaN,NaN,NaN,NaN,NaN,NaN,NaN,NaN,NaN,NaN,NaN,NaN,NaN,0.08133,0.945,3,3,4,4,3,2,0,0,0,0,0,0,0,0,0,0,0,0,0,0,3,3,32
12604.814426,2.068e-26,0.0598,0.075,0,0.75,-0.02521,NaN,NaN,NaN,NaN,NaN,NaN,NaN,NaN,NaN,NaN,NaN,NaN,NaN,NaN,0.08133,0.945,3,3,4,4,3,2,0,0,0,0,0,0,0,0,0,0,0,0,0,0,3,3,32
12606.746883,7.919e-27,0.0598,0.075,0,0.75,-0.025213,NaN,NaN,NaN,NaN,NaN,NaN,NaN,NaN,NaN,NaN,NaN,NaN,NaN,NaN,0.08133,0.945,3,3,4,4,3,2,0,0,0,0,0,0,0,0,0,0,0,0,0,0,3,3,32
12606.777998,7.085e-27,0.0598,0.075,0,0.75,-0.025214,NaN,NaN,NaN,NaN,NaN,NaN,NaN,NaN,NaN,NaN,NaN,NaN,NaN,NaN,0.08133,0.945,3,3,4,4,3,2,0,0,0,0,0,0,0,0,0,0,0,0,0,0,3,3,32
12606.833035,2.906e-26,0.0598,0.075,0,0.75,-0.025214,NaN,NaN,NaN,NaN,NaN,NaN,NaN,NaN,NaN,NaN,NaN,NaN,NaN,NaN,0.08133,0.945,3,4,4,4,3,2,0,0,0,0,0,0,0,0,0,0,0,0,0,0,3,3,32
12607.14054,1.503e-26,0.0598,0.075,0,0.75,-0.025214,NaN,NaN,NaN,NaN,NaN,NaN,NaN,NaN,NaN,NaN,NaN,NaN,NaN,NaN,0.08133,0.945,3,3,4,4,3,2,0,0,0,0,0,0,0,0,0,0,0,0,0,0,3,3,32
12607.183193,1.213e-26,0.0598,0.075,0,0.75,-0.025214,NaN,NaN,NaN,NaN,NaN,NaN,NaN,NaN,NaN,NaN,NaN,NaN,NaN,NaN,0.08133,0.945,3,3,4,4,3,2,0,0,0,0,0,0,0,0,0,0,0,0,0,0,3,3,32
12607.312058,1.19e-26,0.0598,0.075,0,0.75,-0.025215,NaN,NaN,NaN,NaN,NaN,NaN,NaN,NaN,NaN,NaN,NaN,NaN,NaN,NaN,0.08133,0.945,3,3,4,4,3,2,0,0,0,0,0,0,0,0,0,0,0,0,0,0,3,3,32
12607.350697,1.925e-26,0.0598,0.075,0,0.75,-0.025215,NaN,NaN,NaN,NaN,NaN,NaN,NaN,NaN,NaN,NaN,NaN,NaN,NaN,NaN,0.08133,0.945,3,3,4,4,3,2,0,0,0,0,0,0,0,0,0,0,0,0,0,0,3,3,32
12607.382871,1.12e-26,0.0598,0.075,0,0.75,-0.025215,NaN,NaN,NaN,NaN,NaN,NaN,NaN,NaN,NaN,NaN,NaN,NaN,NaN,NaN,0.08133,0.945,3,3,4,4,3,2,0,0,0,0,0,0,0,0,0,0,0,0,0,0,3,3,32
12607.743647,1.513e-26,0.0598,0.075,0,0.75,-0.025215,NaN,NaN,NaN,NaN,NaN,NaN,NaN,NaN,NaN,NaN,NaN,NaN,NaN,NaN,0.08133,0.945,3,3,4,4,3,2,0,0,0,0,0,0,0,0,0,0,0,0,0,0,3,3,32
12607.800541,2.43e-26,0.0598,0.075,0,0.75,-0.025216,NaN,NaN,NaN,NaN,NaN,NaN,NaN,NaN,NaN,NaN,NaN,NaN,NaN,NaN,0.08133,0.945,3,3,4,4,3,2,0,0,0,0,0,0,0,0,0,0,0,0,0,0,3,3,32
12607.858335,1.91e-26,0.0598,0.075,0,0.75,-0.025216,NaN,NaN,NaN,NaN,NaN,NaN,NaN,NaN,NaN,NaN,NaN,NaN,NaN,NaN,0.08133,0.945,3,3,4,4,3,2,0,0,0,0,0,0,0,0,0,0,0,0,0,0,3,3,32
12607.902406,2.865e-26,0.0598,0.075,0,0.75,-0.025216,NaN,NaN,NaN,NaN,NaN,NaN,NaN,NaN,NaN,NaN,NaN,NaN,NaN,NaN,0.08133,0.945,3,4,4,4,3,2,0,0,0,0,0,0,0,0,0,0,0,0,0,0,3,3,32
12608.294588,9.222e-27,0.0598,0.075,0,0.75,-0.025217,NaN,NaN,NaN,NaN,NaN,NaN,NaN,NaN,NaN,NaN,NaN,NaN,NaN,NaN,0.08133,0.945,3,3,4,4,3,2,0,0,0,0,0,0,0,0,0,0,0,0,0,0,3,3,32
12608.677225,1.89e-26,0.0598,0.075,0,0.75,-0.025217,NaN,NaN,NaN,NaN,NaN,NaN,NaN,NaN,NaN,NaN,NaN,NaN,NaN,NaN,0.08133,0.945,3,3,4,4,3,2,0,0,0,0,0,0,0,0,0,0,0,0,0,0,3,3,32
12609.085928,1.029e-26,0.0598,0.075,0,0.75,-0.025218,NaN,NaN,NaN,NaN,NaN,NaN,NaN,NaN,NaN,NaN,NaN,NaN,NaN,NaN,0.08133,0.945,3,3,4,4,3,2,0,0,0,0,0,0,0,0,0,0,0,0,0,0,3,3,32
12609.12176,2.03e-26,0.0598,0.075,0,0.75,-0.025218,NaN,NaN,NaN,NaN,NaN,NaN,NaN,NaN,NaN,NaN,NaN,NaN,NaN,NaN,0.08133,0.945,3,3,4,4,3,2,0,0,0,0,0,0,0,0,0,0,0,0,0,0,3,3,32
12609.217817,2.485e-26,0.0598,0.075,0,0.75,-0.025218,NaN,NaN,NaN,NaN,NaN,NaN,NaN,NaN,NaN,NaN,NaN,NaN,NaN,NaN,0.08133,0.945,3,3,4,4,3,2,0,0,0,0,0,0,0,0,0,0,0,0,0,0,3,3,32
12609.918436,2.889e-26,0.0598,0.075,0,0.75,-0.02522,NaN,NaN,NaN,NaN,NaN,NaN,NaN,NaN,NaN,NaN,NaN,NaN,NaN,NaN,0.08133,0.945,3,4,4,4,3,2,0,0,0,0,0,0,0,0,0,0,0,0,0,0,3,3,32
12609.947278,3.835e-26,0.0598,0.075,0,0.75,-0.02522,NaN,NaN,NaN,NaN,NaN,NaN,NaN,NaN,NaN,NaN,NaN,NaN,NaN,NaN,0.08133,0.945,3,4,4,4,3,2,0,0,0,0,0,0,0,0,0,0,0,0,0,0,3,3,32
12613.84021,2.607e-26,0.0598,0.075,0,0.75,-0.025228,NaN,NaN,NaN,NaN,NaN,NaN,NaN,NaN,NaN,NaN,NaN,NaN,NaN,NaN,0.08133,0.945,3,4,4,4,3,2,0,0,0,0,0,0,0,0,0,0,0,0,0,0,3,3,32
12613.881592,9.684e-27,0.0598,0.075,0,0.75,-0.025228,NaN,NaN,NaN,NaN,NaN,NaN,NaN,NaN,NaN,NaN,NaN,NaN,NaN,NaN,0.08133,0.945,3,3,4,4,3,2,0,0,0,0,0,0,0,0,0,0,0,0,0,0,3,3,32
12613.989686,3.464e-26,0.0598,0.075,0,0.75,-0.025228,NaN,NaN,NaN,NaN,NaN,NaN,NaN,NaN,NaN,NaN,NaN,NaN,NaN,NaN,0.08133,0.945,3,4,4,4,3,2,0,0,0,0,0,0,0,0,0,0,0,0,0,0,3,3,32
12614.023238,1.883e-26,0.0598,0.075,0,0.75,-0.025228,NaN,NaN,NaN,NaN,NaN,NaN,NaN,NaN,NaN,NaN,NaN,NaN,NaN,NaN,0.08133,0.945,3,3,4,4,3,2,0,0,0,0,0,0,0,0,0,0,0,0,0,0,3,3,32
12618.096761,1.037e-26,0.0598,0.075,0,0.75,-0.025236,NaN,NaN,NaN,NaN,NaN,NaN,NaN,NaN,NaN,NaN,NaN,NaN,NaN,NaN,0.08133,0.945,3,3,4,4,3,2,0,0,0,0,0,0,0,0,0,0,0,0,0,0,3,3,32
12618.138133,1.931e-26,0.0598,0.075,0,0.75,-0.025236,NaN,NaN,NaN,NaN,NaN,NaN,NaN,NaN,NaN,NaN,NaN,NaN,NaN,NaN,0.08133,0.945,3,3,4,4,3,2,0,0,0,0,0,0,0,0,0,0,0,0,0,0,3,3,32
12619.301128,2.702e-26,0.0598,0.075,0,0.75,-0.025239,NaN,NaN,NaN,NaN,NaN,NaN,NaN,NaN,NaN,NaN,NaN,NaN,NaN,NaN,0.08133,0.945,3,4,4,4,3,2,0,0,0,0,0,0,0,0,0,0,0,0,0,0,3,3,32
12619.928888,3.147e-26,0.0598,0.075,0,0.75,-0.02524,NaN,NaN,NaN,NaN,NaN,NaN,NaN,NaN,NaN,NaN,NaN,NaN,NaN,NaN,0.08133,0.945,3,4,4,4,3,2,0,0,0,0,0,0,0,0,0,0,0,0,0,0,3,3,32
12620.843258,5.734e-27,0.0598,0.075,0,0.75,-0.025242,NaN,NaN,NaN,NaN,NaN,NaN,NaN,NaN,NaN,NaN,NaN,NaN,NaN,NaN,0.08133,0.945,3,3,4,4,3,2,0,0,0,0,0,0,0,0,0,0,0,0,0,0,3,3,32
12620.888417,3.52e-26,0.0598,0.075,0,0.75,-0.025242,NaN,NaN,NaN,NaN,NaN,NaN,NaN,NaN,NaN,NaN,NaN,NaN,NaN,NaN,0.08133,0.945,3,4,4,4,3,2,0,0,0,0,0,0,0,0,0,0,0,0,0,0,3,3,32
12623.868564,2.75e-26,0.0598,0.075,0,0.75,-0.025248,NaN,NaN,NaN,NaN,NaN,NaN,NaN,NaN,NaN,NaN,NaN,NaN,NaN,NaN,0.08133,0.945,3,4,4,4,3,2,0,0,0,0,0,0,0,0,0,0,0,0,0,0,3,3,32
12623.917889,1.045e-26,0.0598,0.075,0,0.75,-0.025248,NaN,NaN,NaN,NaN,NaN,NaN,NaN,NaN,NaN,NaN,NaN,NaN,NaN,NaN,0.08133,0.945,3,3,4,4,3,2,0,0,0,0,0,0,0,0,0,0,0,0,0,0,3,3,32
12629.454732,3.76e-26,0.0598,0.075,0,0.75,-0.025259,NaN,NaN,NaN,NaN,NaN,NaN,NaN,NaN,NaN,NaN,NaN,NaN,NaN,NaN,0.08133,0.945,3,4,4,4,3,2,0,0,0,0,0,0,0,0,0,0,0,0,0,0,3,3,32
12629.502969,2.759e-26,0.0598,0.075,0,0.75,-0.025259,NaN,NaN,NaN,NaN,NaN,NaN,NaN,NaN,NaN,NaN,NaN,NaN,NaN,NaN,0.08133,0.945,3,4,4,4,3,2,0,0,0,0,0,0,0,0,0,0,0,0,0,0,3,3,32
12629.546458,1.623e-26,0.0598,0.075,0,0.75,-0.025259,NaN,NaN,NaN,NaN,NaN,NaN,NaN,NaN,NaN,NaN,NaN,NaN,NaN,NaN,0.08133,0.945,3,3,4,4,3,2,0,0,0,0,0,0,0,0,0,0,0,0,0,0,3,3,32
12629.589991,9.244e-27,0.0598,0.075,0,0.75,-0.025259,NaN,NaN,NaN,NaN,NaN,NaN,NaN,NaN,NaN,NaN,NaN,NaN,NaN,NaN,0.08133,0.945,3,3,4,4,3,2,0,0,0,0,0,0,0,0,0,0,0,0,0,0,3,3,32
12634.494466,7.328e-27,0.0598,0.075,0,0.75,-0.025269,NaN,NaN,NaN,NaN,NaN,NaN,NaN,NaN,NaN,NaN,NaN,NaN,NaN,NaN,0.08133,0.945,3,3,4,4,3,2,0,0,0,0,0,0,0,0,0,0,0,0,0,0,3,3,32
12634.543486,2.912e-26,0.0598,0.075,0,0.75,-0.025269,NaN,NaN,NaN,NaN,NaN,NaN,NaN,NaN,NaN,NaN,NaN,NaN,NaN,NaN,0.08133,0.945,3,4,4,4,3,2,0,0,0,0,0,0,0,0,0,0,0,0,0,0,3,3,32
12634.58348,1.274e-26,0.0598,0.075,0,0.75,-0.025269,NaN,NaN,NaN,NaN,NaN,NaN,NaN,NaN,NaN,NaN,NaN,NaN,NaN,NaN,0.08133,0.945,3,3,4,4,3,2,0,0,0,0,0,0,0,0,0,0,0,0,0,0,3,3,32
12642.787443,1.335e-26,0.0598,0.075,0,0.75,-0.025286,NaN,NaN,NaN,NaN,NaN,NaN,NaN,NaN,NaN,NaN,NaN,NaN,NaN,NaN,0.08133,0.945,3,3,4,4,3,2,0,0,0,0,0,0,0,0,0,0,0,0,0,0,3,3,32
12646.108965,1.701e-26,0.0598,0.075,0,0.75,-0.025292,NaN,NaN,NaN,NaN,NaN,NaN,NaN,NaN,NaN,NaN,NaN,NaN,NaN,NaN,0.08133,0.945,3,3,4,4,3,2,0,0,0,0,0,0,0,0,0,0,0,0,0,0,3,3,32
12647.982798,2.923e-26,0.0598,0.075,0,0.75,-0.025296,NaN,NaN,NaN,NaN,NaN,NaN,NaN,NaN,NaN,NaN,NaN,NaN,NaN,NaN,0.08133,0.945,3,4,4,4,3,2,0,0,0,0,0,0,0,0,0,0,0,0,0,0,3,3,32
12650.054588,1.237e-26,0.0598,0.075,0,0.75,-0.0253,NaN,NaN,NaN,NaN,NaN,NaN,NaN,NaN,NaN,NaN,NaN,NaN,NaN,NaN,0.08133,0.945,3,3,4,4,3,2,0,0,0,0,0,0,0,0,0,0,0,0,0,0,3,3,32
12650.082918,1.457e-26,0.0598,0.075,0,0.75,-0.0253,NaN,NaN,NaN,NaN,NaN,NaN,NaN,NaN,NaN,NaN,NaN,NaN,NaN,NaN,0.08133,0.945,3,3,4,4,3,2,0,0,0,0,0,0,0,0,0,0,0,0,0,0,3,3,32
12650.140106,1.224e-26,0.0598,0.075,0,0.75,-0.0253,NaN,NaN,NaN,NaN,NaN,NaN,NaN,NaN,NaN,NaN,NaN,NaN,NaN,NaN,0.08133,0.945,3,3,4,4,3,2,0,0,0,0,0,0,0,0,0,0,0,0,0,0,3,3,32
12650.173559,6.16e-27,0.0598,0.075,0,0.75,-0.0253,NaN,NaN,NaN,NaN,NaN,NaN,NaN,NaN,NaN,NaN,NaN,NaN,NaN,NaN,0.08133,0.945,3,3,4,4,3,2,0,0,0,0,0,0,0,0,0,0,0,0,0,0,3,3,32
12651.582033,2.169e-26,0.0598,0.075,0,0.75,-0.025303,NaN,NaN,NaN,NaN,NaN,NaN,NaN,NaN,NaN,NaN,NaN,NaN,NaN,NaN,0.08133,0.945,3,3,4,4,3,2,0,0,0,0,0,0,0,0,0,0,0,0,0,0,3,3,32
12651.641061,4.505e-26,0.0598,0.075,0,0.75,-0.025303,NaN,NaN,NaN,NaN,NaN,NaN,NaN,NaN,NaN,NaN,NaN,NaN,NaN,NaN,0.08133,0.945,3,4,4,4,3,2,0,0,0,0,0,0,0,0,0,0,0,0,0,0,3,3,32
12651.699094,1.796e-26,0.0598,0.075,0,0.75,-0.025303,NaN,NaN,NaN,NaN,NaN,NaN,NaN,NaN,NaN,NaN,NaN,NaN,NaN,NaN,0.08133,0.945,3,3,4,4,3,2,0,0,0,0,0,0,0,0,0,0,0,0,0,0,3,3,32
12651.758446,1.956e-26,0.0598,0.075,0,0.75,-0.025304,NaN,NaN,NaN,NaN,NaN,NaN,NaN,NaN,NaN,NaN,NaN,NaN,NaN,NaN,0.08133,0.945,3,3,4,4,3,2,0,0,0,0,0,0,0,0,0,0,0,0,0,0,3,3,32
12651.794375,1.655e-26,0.0598,0.075,0,0.75,-0.025304,NaN,NaN,NaN,NaN,NaN,NaN,NaN,NaN,NaN,NaN,NaN,NaN,NaN,NaN,0.08133,0.945,3,3,4,4,3,2,0,0,0,0,0,0,0,0,0,0,0,0,0,0,3,3,32
12655.849606,2.582e-26,0.0598,0.075,0,0.75,-0.025312,NaN,NaN,NaN,NaN,NaN,NaN,NaN,NaN,NaN,NaN,NaN,NaN,NaN,NaN,0.08133,0.945,3,4,4,4,3,2,0,0,0,0,0,0,0,0,0,0,0,0,0,0,3,3,32
12655.889711,3.753e-26,0.0598,0.075,0,0.75,-0.025312,NaN,NaN,NaN,NaN,NaN,NaN,NaN,NaN,NaN,NaN,NaN,NaN,NaN,NaN,0.08133,0.945,3,4,4,4,3,2,0,0,0,0,0,0,0,0,0,0,0,0,0,0,3,3,32
12655.934494,1.104e-26,0.0598,0.075,0,0.75,-0.025312,NaN,NaN,NaN,NaN,NaN,NaN,NaN,NaN,NaN,NaN,NaN,NaN,NaN,NaN,0.08133,0.945,3,3,4,4,3,2,0,0,0,0,0,0,0,0,0,0,0,0,0,0,3,3,32
12655.978699,1.739e-26,0.0598,0.075,0,0.75,-0.025312,NaN,NaN,NaN,NaN,NaN,NaN,NaN,NaN,NaN,NaN,NaN,NaN,NaN,NaN,0.08133,0.945,3,3,4,4,3,2,0,0,0,0,0,0,0,0,0,0,0,0,0,0,3,3,32
12656.020087,1.354e-26,0.0598,0.075,0,0.75,-0.025312,NaN,NaN,NaN,NaN,NaN,NaN,NaN,NaN,NaN,NaN,NaN,NaN,NaN,NaN,0.08133,0.945,3,3,4,4,3,2,0,0,0,0,0,0,0,0,0,0,0,0,0,0,3,3,32
12658.825822,6.691e-27,0.0598,0.075,0,0.75,-0.025318,NaN,NaN,NaN,NaN,NaN,NaN,NaN,NaN,NaN,NaN,NaN,NaN,NaN,NaN,0.08133,0.945,3,3,4,4,3,2,0,0,0,0,0,0,0,0,0,0,0,0,0,0,3,3,32
12658.873037,1.51e-26,0.0598,0.075,0,0.75,-0.025318,NaN,NaN,NaN,NaN,NaN,NaN,NaN,NaN,NaN,NaN,NaN,NaN,NaN,NaN,0.08133,0.945,3,3,4,4,3,2,0,0,0,0,0,0,0,0,0,0,0,0,0,0,3,3,32
12658.91614,2.264e-26,0.0598,0.075,0,0.75,-0.025318,NaN,NaN,NaN,NaN,NaN,NaN,NaN,NaN,NaN,NaN,NaN,NaN,NaN,NaN,0.08133,0.945,3,3,4,4,3,2,0,0,0,0,0,0,0,0,0,0,0,0,0,0,3,3,32
12658.966173,5.233e-27,0.0598,0.075,0,0.75,-0.025318,NaN,NaN,NaN,NaN,NaN,NaN,NaN,NaN,NaN,NaN,NaN,NaN,NaN,NaN,0.08133,0.945,3,3,4,4,3,2,0,0,0,0,0,0,0,0,0,0,0,0,0,0,3,3,32
12670.253956,1.554e-26,0.0598,0.075,0,0.75,-0.025341,NaN,NaN,NaN,NaN,NaN,NaN,NaN,NaN,NaN,NaN,NaN,NaN,NaN,NaN,0.08133,0.945,3,3,4,4,3,2,0,0,0,0,0,0,0,0,0,0,0,0,0,0,3,3,32
12670.287663,1.027e-26,0.0598,0.075,0,0.75,-0.025341,NaN,NaN,NaN,NaN,NaN,NaN,NaN,NaN,NaN,NaN,NaN,NaN,NaN,NaN,0.08133,0.945,3,3,4,4,3,2,0,0,0,0,0,0,0,0,0,0,0,0,0,0,3,3,32
12671.013102,2.831e-26,0.0598,0.075,0,0.75,-0.025342,NaN,NaN,NaN,NaN,NaN,NaN,NaN,NaN,NaN,NaN,NaN,NaN,NaN,NaN,0.08133,0.945,3,4,4,4,3,2,0,0,0,0,0,0,0,0,0,0,0,0,0,0,3,3,32
12671.051037,2.656e-26,0.0598,0.075,0,0.75,-0.025342,NaN,NaN,NaN,NaN,NaN,NaN,NaN,NaN,NaN,NaN,NaN,NaN,NaN,NaN,0.08133,0.945,3,4,4,4,3,2,0,0,0,0,0,0,0,0,0,0,0,0,0,0,3,3,32
12671.106497,1.153e-26,0.0598,0.075,0,0.75,-0.025342,NaN,NaN,NaN,NaN,NaN,NaN,NaN,NaN,NaN,NaN,NaN,NaN,NaN,NaN,0.08133,0.945,3,3,4,4,3,2,0,0,0,0,0,0,0,0,0,0,0,0,0,0,3,3,32
12676.570525,1.276e-26,0.0598,0.075,0,0.75,-0.025353,NaN,NaN,NaN,NaN,NaN,NaN,NaN,NaN,NaN,NaN,NaN,NaN,NaN,NaN,0.08133,0.945,3,3,4,4,3,2,0,0,0,0,0,0,0,0,0,0,0,0,0,0,3,3,32
12676.636589,2.288e-26,0.0598,0.075,0,0.75,-0.025353,NaN,NaN,NaN,NaN,NaN,NaN,NaN,NaN,NaN,NaN,NaN,NaN,NaN,NaN,0.08133,0.945,3,3,4,4,3,2,0,0,0,0,0,0,0,0,0,0,0,0,0,0,3,3,32
12676.670834,3.759e-26,0.0598,0.075,0,0.75,-0.025353,NaN,NaN,NaN,NaN,NaN,NaN,NaN,NaN,NaN,NaN,NaN,NaN,NaN,NaN,0.08133,0.945,3,4,4,4,3,2,0,0,0,0,0,0,0,0,0,0,0,0,0,0,3,3,32
12676.731804,1.45e-26,0.0598,0.075,0,0.75,-0.025353,NaN,NaN,NaN,NaN,NaN,NaN,NaN,NaN,NaN,NaN,NaN,NaN,NaN,NaN,0.08133,0.945,3,3,4,4,3,2,0,0,0,0,0,0,0,0,0,0,0,0,0,0,3,3,32
12676.780637,1.679e-26,0.0598,0.075,0,0.75,-0.025354,NaN,NaN,NaN,NaN,NaN,NaN,NaN,NaN,NaN,NaN,NaN,NaN,NaN,NaN,0.08133,0.945,3,3,4,4,3,2,0,0,0,0,0,0,0,0,0,0,0,0,0,0,3,3,32
12676.819833,1.385e-26,0.0598,0.075,0,0.75,-0.025354,NaN,NaN,NaN,NaN,NaN,NaN,NaN,NaN,NaN,NaN,NaN,NaN,NaN,NaN,0.08133,0.945,3,3,4,4,3,2,0,0,0,0,0,0,0,0,0,0,0,0,0,0,3,3,32
12676.867823,3.43e-26,0.0598,0.075,0,0.75,-0.025354,NaN,NaN,NaN,NaN,NaN,NaN,NaN,NaN,NaN,NaN,NaN,NaN,NaN,NaN,0.08133,0.945,3,4,4,4,3,2,0,0,0,0,0,0,0,0,0,0,0,0,0,0,3,3,32
12676.909251,5.785e-27,0.0598,0.075,0,0.75,-0.025354,NaN,NaN,NaN,NaN,NaN,NaN,NaN,NaN,NaN,NaN,NaN,NaN,NaN,NaN,0.08133,0.945,3,3,4,4,3,2,0,0,0,0,0,0,0,0,0,0,0,0,0,0,3,3,32
12678.005688,2.355e-26,0.0598,0.075,0,0.75,-0.025356,NaN,NaN,NaN,NaN,NaN,NaN,NaN,NaN,NaN,NaN,NaN,NaN,NaN,NaN,0.08133,0.945,3,3,4,4,3,2,0,0,0,0,0,0,0,0,0,0,0,0,0,0,3,3,32
12678.050078,2.47e-26,0.0598,0.075,0,0.75,-0.025356,NaN,NaN,NaN,NaN,NaN,NaN,NaN,NaN,NaN,NaN,NaN,NaN,NaN,NaN,0.08133,0.945,3,3,4,4,3,2,0,0,0,0,0,0,0,0,0,0,0,0,0,0,3,3,32
12678.087231,2.612e-26,0.0598,0.075,0,0.75,-0.025356,NaN,NaN,NaN,NaN,NaN,NaN,NaN,NaN,NaN,NaN,NaN,NaN,NaN,NaN,0.08133,0.945,3,4,4,4,3,2,0,0,0,0,0,0,0,0,0,0,0,0,0,0,3,3,32
12678.130857,1.927e-26,0.0598,0.075,0,0.75,-0.025356,NaN,NaN,NaN,NaN,NaN,NaN,NaN,NaN,NaN,NaN,NaN,NaN,NaN,NaN,0.08133,0.945,3,3,4,4,3,2,0,0,0,0,0,0,0,0,0,0,0,0,0,0,3,3,32
12678.167818,1.479e-26,0.0598,0.075,0,0.75,-0.025356,NaN,NaN,NaN,NaN,NaN,NaN,NaN,NaN,NaN,NaN,NaN,NaN,NaN,NaN,0.08133,0.945,3,3,4,4,3,2,0,0,0,0,0,0,0,0,0,0,0,0,0,0,3,3,32
12678.208833,1.671e-26,0.0598,0.075,0,0.75,-0.025356,NaN,NaN,NaN,NaN,NaN,NaN,NaN,NaN,NaN,NaN,NaN,NaN,NaN,NaN,0.08133,0.945,3,3,4,4,3,2,0,0,0,0,0,0,0,0,0,0,0,0,0,0,3,3,32
12679.588383,5.155e-27,0.0598,0.075,0,0.75,-0.025359,NaN,NaN,NaN,NaN,NaN,NaN,NaN,NaN,NaN,NaN,NaN,NaN,NaN,NaN,0.08133,0.945,3,3,4,4,3,2,0,0,0,0,0,0,0,0,0,0,0,0,0,0,3,3,32
12679.645529,2.114e-26,0.0598,0.075,0,0.75,-0.025359,NaN,NaN,NaN,NaN,NaN,NaN,NaN,NaN,NaN,NaN,NaN,NaN,NaN,NaN,0.08133,0.945,3,3,4,4,3,2,0,0,0,0,0,0,0,0,0,0,0,0,0,0,3,3,32
12679.682769,1.344e-26,0.0598,0.075,0,0.75,-0.025359,NaN,NaN,NaN,NaN,NaN,NaN,NaN,NaN,NaN,NaN,NaN,NaN,NaN,NaN,0.08133,0.945,3,3,4,4,3,2,0,0,0,0,0,0,0,0,0,0,0,0,0,0,3,3,32
12680.428378,2.132e-26,0.0598,0.075,0,0.75,-0.025361,NaN,NaN,NaN,NaN,NaN,NaN,NaN,NaN,NaN,NaN,NaN,NaN,NaN,NaN,0.08133,0.945,3,3,4,4,3,2,0,0,0,0,0,0,0,0,0,0,0,0,0,0,3,3,32
12680.479341,8.739e-27,0.0598,0.075,0,0.75,-0.025361,NaN,NaN,NaN,NaN,NaN,NaN,NaN,NaN,NaN,NaN,NaN,NaN,NaN,NaN,0.08133,0.945,3,3,4,4,3,2,0,0,0,0,0,0,0,0,0,0,0,0,0,0,3,3,32
12681.671469,1.445e-26,0.0598,0.075,0,0.75,-0.025363,NaN,NaN,NaN,NaN,NaN,NaN,NaN,NaN,NaN,NaN,NaN,NaN,NaN,NaN,0.08133,0.945,3,3,4,4,3,2,0,0,0,0,0,0,0,0,0,0,0,0,0,0,3,3,32
12681.719421,5.888e-27,0.0598,0.075,0,0.75,-0.025363,NaN,NaN,NaN,NaN,NaN,NaN,NaN,NaN,NaN,NaN,NaN,NaN,NaN,NaN,0.08133,0.945,3,3,4,4,3,2,0,0,0,0,0,0,0,0,0,0,0,0,0,0,3,3,32
12681.816851,9.676e-27,0.0598,0.075,0,0.75,-0.025364,NaN,NaN,NaN,NaN,NaN,NaN,NaN,NaN,NaN,NaN,NaN,NaN,NaN,NaN,0.08133,0.945,3,3,4,4,3,2,0,0,0,0,0,0,0,0,0,0,0,0,0,0,3,3,32
12681.858887,1.413e-26,0.0598,0.075,0,0.75,-0.025364,NaN,NaN,NaN,NaN,NaN,NaN,NaN,NaN,NaN,NaN,NaN,NaN,NaN,NaN,0.08133,0.945,3,3,4,4,3,2,0,0,0,0,0,0,0,0,0,0,0,0,0,0,3,3,32
12681.916282,7.384e-27,0.0598,0.075,0,0.75,-0.025364,NaN,NaN,NaN,NaN,NaN,NaN,NaN,NaN,NaN,NaN,NaN,NaN,NaN,NaN,0.08133,0.945,3,3,4,4,3,2,0,0,0,0,0,0,0,0,0,0,0,0,0,0,3,3,32
12685.920566,2.736e-26,0.0598,0.075,0,0.75,-0.025372,NaN,NaN,NaN,NaN,NaN,NaN,NaN,NaN,NaN,NaN,NaN,NaN,NaN,NaN,0.08133,0.945,3,4,4,4,3,2,0,0,0,0,0,0,0,0,0,0,0,0,0,0,3,3,32
12698.07316,1.175e-26,0.0598,0.075,0,0.75,-0.025396,NaN,NaN,NaN,NaN,NaN,NaN,NaN,NaN,NaN,NaN,NaN,NaN,NaN,NaN,0.08133,0.945,3,3,4,4,3,2,0,0,0,0,0,0,0,0,0,0,0,0,0,0,3,3,32
12698.115655,1.258e-26,0.0598,0.075,0,0.75,-0.025396,NaN,NaN,NaN,NaN,NaN,NaN,NaN,NaN,NaN,NaN,NaN,NaN,NaN,NaN,0.08133,0.945,3,3,4,4,3,2,0,0,0,0,0,0,0,0,0,0,0,0,0,0,3,3,32
12698.591586,1.655e-26,0.0598,0.075,0,0.75,-0.025397,NaN,NaN,NaN,NaN,NaN,NaN,NaN,NaN,NaN,NaN,NaN,NaN,NaN,NaN,0.08133,0.945,3,3,4,4,3,2,0,0,0,0,0,0,0,0,0,0,0,0,0,0,3,3,32
12698.625134,1.793e-26,0.0598,0.075,0,0.75,-0.025397,NaN,NaN,NaN,NaN,NaN,NaN,NaN,NaN,NaN,NaN,NaN,NaN,NaN,NaN,0.08133,0.945,3,3,4,4,3,2,0,0,0,0,0,0,0,0,0,0,0,0,0,0,3,3,32
12699.77111,1.188e-26,0.0598,0.075,0,0.75,-0.0254,NaN,NaN,NaN,NaN,NaN,NaN,NaN,NaN,NaN,NaN,NaN,NaN,NaN,NaN,0.08133,0.945,3,3,4,4,3,2,0,0,0,0,0,0,0,0,0,0,0,0,0,0,3,3,32
12699.80591,1.965e-26,0.0598,0.075,0,0.75,-0.0254,NaN,NaN,NaN,NaN,NaN,NaN,NaN,NaN,NaN,NaN,NaN,NaN,NaN,NaN,0.08133,0.945,3,3,4,4,3,2,0,0,0,0,0,0,0,0,0,0,0,0,0,0,3,3,32
12705.15183,1.886e-26,0.0598,0.075,0,0.75,-0.02541,NaN,NaN,NaN,NaN,NaN,NaN,NaN,NaN,NaN,NaN,NaN,NaN,NaN,NaN,0.08133,0.945,3,3,4,4,3,2,0,0,0,0,0,0,0,0,0,0,0,0,0,0,3,3,32
12705.188333,1.681e-26,0.0598,0.075,0,0.75,-0.02541,NaN,NaN,NaN,NaN,NaN,NaN,NaN,NaN,NaN,NaN,NaN,NaN,NaN,NaN,0.08133,0.945,3,3,4,4,3,2,0,0,0,0,0,0,0,0,0,0,0,0,0,0,3,3,32
12706.064418,1.442e-26,0.0598,0.075,0,0.75,-0.025412,NaN,NaN,NaN,NaN,NaN,NaN,NaN,NaN,NaN,NaN,NaN,NaN,NaN,NaN,0.08133,0.945,3,3,4,4,3,2,0,0,0,0,0,0,0,0,0,0,0,0,0,0,3,3,32
12710.501277,2.549e-26,0.0598,0.075,0,0.75,-0.025421,NaN,NaN,NaN,NaN,NaN,NaN,NaN,NaN,NaN,NaN,NaN,NaN,NaN,NaN,0.08133,0.945,3,4,4,4,3,2,0,0,0,0,0,0,0,0,0,0,0,0,0,0,3,3,32
12710.5389,1.136e-26,0.0598,0.075,0,0.75,-0.025421,NaN,NaN,NaN,NaN,NaN,NaN,NaN,NaN,NaN,NaN,NaN,NaN,NaN,NaN,0.08133,0.945,3,3,4,4,3,2,0,0,0,0,0,0,0,0,0,0,0,0,0,0,3,3,32
12710.579582,6.873e-27,0.0598,0.075,0,0.75,-0.025421,NaN,NaN,NaN,NaN,NaN,NaN,NaN,NaN,NaN,NaN,NaN,NaN,NaN,NaN,0.08133,0.945,3,3,4,4,3,2,0,0,0,0,0,0,0,0,0,0,0,0,0,0,3,3,32
12712.171614,3.002e-26,0.0598,0.075,0,0.75,-0.025424,NaN,NaN,NaN,NaN,NaN,NaN,NaN,NaN,NaN,NaN,NaN,NaN,NaN,NaN,0.08133,0.945,3,4,4,4,3,2,0,0,0,0,0,0,0,0,0,0,0,0,0,0,3,3,32
12712.220764,9.382e-27,0.0598,0.075,0,0.75,-0.025424,NaN,NaN,NaN,NaN,NaN,NaN,NaN,NaN,NaN,NaN,NaN,NaN,NaN,NaN,0.08133,0.945,3,3,4,4,3,2,0,0,0,0,0,0,0,0,0,0,0,0,0,0,3,3,32
12713.296792,3.888e-26,0.0598,0.075,0,0.75,-0.025427,NaN,NaN,NaN,NaN,NaN,NaN,NaN,NaN,NaN,NaN,NaN,NaN,NaN,NaN,0.08133,0.945,3,4,4,4,3,2,0,0,0,0,0,0,0,0,0,0,0,0,0,0,3,3,32
12713.33055,1.677e-26,0.0598,0.075,0,0.75,-0.025427,NaN,NaN,NaN,NaN,NaN,NaN,NaN,NaN,NaN,NaN,NaN,NaN,NaN,NaN,0.08133,0.945,3,3,4,4,3,2,0,0,0,0,0,0,0,0,0,0,0,0,0,0,3,3,32
12718.617064,2.775e-26,0.0598,0.075,0,0.75,-0.025437,NaN,NaN,NaN,NaN,NaN,NaN,NaN,NaN,NaN,NaN,NaN,NaN,NaN,NaN,0.08133,0.945,3,4,4,4,3,2,0,0,0,0,0,0,0,0,0,0,0,0,0,0,3,3,32
12718.690372,3.633e-26,0.0598,0.075,0,0.75,-0.025437,NaN,NaN,NaN,NaN,NaN,NaN,NaN,NaN,NaN,NaN,NaN,NaN,NaN,NaN,0.08133,0.945,3,4,4,4,3,2,0,0,0,0,0,0,0,0,0,0,0,0,0,0,3,3,32
12723.956704,1.317e-26,0.0598,0.075,0,0.75,-0.025448,NaN,NaN,NaN,NaN,NaN,NaN,NaN,NaN,NaN,NaN,NaN,NaN,NaN,NaN,0.08133,0.945,3,3,4,4,3,2,0,0,0,0,0,0,0,0,0,0,0,0,0,0,3,3,32
12724.006403,2.822e-26,0.0598,0.075,0,0.75,-0.025448,NaN,NaN,NaN,NaN,NaN,NaN,NaN,NaN,NaN,NaN,NaN,NaN,NaN,NaN,0.08133,0.945,3,4,4,4,3,2,0,0,0,0,0,0,0,0,0,0,0,0,0,0,3,3,32
12724.052208,1.137e-26,0.0598,0.075,0,0.75,-0.025448,NaN,NaN,NaN,NaN,NaN,NaN,NaN,NaN,NaN,NaN,NaN,NaN,NaN,NaN,0.08133,0.945,3,3,4,4,3,2,0,0,0,0,0,0,0,0,0,0,0,0,0,0,3,3,32
12728.123433,1.063e-26,0.0598,0.075,0,0.75,-0.025456,NaN,NaN,NaN,NaN,NaN,NaN,NaN,NaN,NaN,NaN,NaN,NaN,NaN,NaN,0.08133,0.945,3,3,4,4,3,2,0,0,0,0,0,0,0,0,0,0,0,0,0,0,3,3,32
12728.168664,5.472e-26,0.0598,0.075,0,0.75,-0.025456,NaN,NaN,NaN,NaN,NaN,NaN,NaN,NaN,NaN,NaN,NaN,NaN,NaN,NaN,0.08133,0.945,3,5,4,4,3,2,0,0,0,0,0,0,0,0,0,0,0,0,0,0,3,3,32
12730.450317,6.09e-27,0.0598,0.075,0,0.75,-0.025461,NaN,NaN,NaN,NaN,NaN,NaN,NaN,NaN,NaN,NaN,NaN,NaN,NaN,NaN,0.08133,0.945,3,3,4,4,3,2,0,0,0,0,0,0,0,0,0,0,0,0,0,0,3,3,32
12730.496062,2.768e-26,0.0598,0.075,0,0.75,-0.025461,NaN,NaN,NaN,NaN,NaN,NaN,NaN,NaN,NaN,NaN,NaN,NaN,NaN,NaN,0.08133,0.945,3,4,4,4,3,2,0,0,0,0,0,0,0,0,0,0,0,0,0,0,3,3,32
12730.537218,1.41e-26,0.0598,0.075,0,0.75,-0.025461,NaN,NaN,NaN,NaN,NaN,NaN,NaN,NaN,NaN,NaN,NaN,NaN,NaN,NaN,0.08133,0.945,3,3,4,4,3,2,0,0,0,0,0,0,0,0,0,0,0,0,0,0,3,3,32
12730.583176,1.763e-26,0.0598,0.075,0,0.75,-0.025461,NaN,NaN,NaN,NaN,NaN,NaN,NaN,NaN,NaN,NaN,NaN,NaN,NaN,NaN,0.08133,0.945,3,3,4,4,3,2,0,0,0,0,0,0,0,0,0,0,0,0,0,0,3,3,32
12730.624068,1.219e-26,0.0598,0.075,0,0.75,-0.025461,NaN,NaN,NaN,NaN,NaN,NaN,NaN,NaN,NaN,NaN,NaN,NaN,NaN,NaN,0.08133,0.945,3,3,4,4,3,2,0,0,0,0,0,0,0,0,0,0,0,0,0,0,3,3,32
12730.668722,9.684e-27,0.0598,0.075,0,0.75,-0.025461,NaN,NaN,NaN,NaN,NaN,NaN,NaN,NaN,NaN,NaN,NaN,NaN,NaN,NaN,0.08133,0.945,3,3,4,4,3,2,0,0,0,0,0,0,0,0,0,0,0,0,0,0,3,3,32
12730.72255,8.222e-27,0.0598,0.075,0,0.75,-0.025461,NaN,NaN,NaN,NaN,NaN,NaN,NaN,NaN,NaN,NaN,NaN,NaN,NaN,NaN,0.08133,0.945,3,3,4,4,3,2,0,0,0,0,0,0,0,0,0,0,0,0,0,0,3,3,32
12730.766832,2.07e-26,0.0598,0.075,0,0.75,-0.025462,NaN,NaN,NaN,NaN,NaN,NaN,NaN,NaN,NaN,NaN,NaN,NaN,NaN,NaN,0.08133,0.945,3,3,4,4,3,2,0,0,0,0,0,0,0,0,0,0,0,0,0,0,3,3,32
12730.807411,2.418e-26,0.0598,0.075,0,0.75,-0.025462,NaN,NaN,NaN,NaN,NaN,NaN,NaN,NaN,NaN,NaN,NaN,NaN,NaN,NaN,0.08133,0.945,3,3,4,4,3,2,0,0,0,0,0,0,0,0,0,0,0,0,0,0,3,3,32
12730.855235,1.294e-26,0.0598,0.075,0,0.75,-0.025462,NaN,NaN,NaN,NaN,NaN,NaN,NaN,NaN,NaN,NaN,NaN,NaN,NaN,NaN,0.08133,0.945,3,3,4,4,3,2,0,0,0,0,0,0,0,0,0,0,0,0,0,0,3,3,32
12740.140189,2.383e-26,0.0598,0.075,0,0.75,-0.02548,NaN,NaN,NaN,NaN,NaN,NaN,NaN,NaN,NaN,NaN,NaN,NaN,NaN,NaN,0.08133,0.945,3,3,4,4,3,2,0,0,0,0,0,0,0,0,0,0,0,0,0,0,3,3,32
12740.171589,1.658e-26,0.0598,0.075,0,0.75,-0.02548,NaN,NaN,NaN,NaN,NaN,NaN,NaN,NaN,NaN,NaN,NaN,NaN,NaN,NaN,0.08133,0.945,3,3,4,4,3,2,0,0,0,0,0,0,0,0,0,0,0,0,0,0,3,3,32
12740.226776,1.218e-26,0.0598,0.075,0,0.75,-0.02548,NaN,NaN,NaN,NaN,NaN,NaN,NaN,NaN,NaN,NaN,NaN,NaN,NaN,NaN,0.08133,0.945,3,3,4,4,3,2,0,0,0,0,0,0,0,0,0,0,0,0,0,0,3,3,32
12740.275787,2.283e-26,0.0598,0.075,0,0.75,-0.025481,NaN,NaN,NaN,NaN,NaN,NaN,NaN,NaN,NaN,NaN,NaN,NaN,NaN,NaN,0.08133,0.945,3,3,4,4,3,2,0,0,0,0,0,0,0,0,0,0,0,0,0,0,3,3,32
12740.31351,1.411e-26,0.0598,0.075,0,0.75,-0.025481,NaN,NaN,NaN,NaN,NaN,NaN,NaN,NaN,NaN,NaN,NaN,NaN,NaN,NaN,0.08133,0.945,3,3,4,4,3,2,0,0,0,0,0,0,0,0,0,0,0,0,0,0,3,3,32
12741.185169,1.981e-26,0.0598,0.075,0,0.75,-0.025482,NaN,NaN,NaN,NaN,NaN,NaN,NaN,NaN,NaN,NaN,NaN,NaN,NaN,NaN,0.08133,0.945,3,3,4,4,3,2,0,0,0,0,0,0,0,0,0,0,0,0,0,0,3,3,32
12741.232568,4.257e-26,0.0598,0.075,0,0.75,-0.025482,NaN,NaN,NaN,NaN,NaN,NaN,NaN,NaN,NaN,NaN,NaN,NaN,NaN,NaN,0.08133,0.945,3,4,4,4,3,2,0,0,0,0,0,0,0,0,0,0,0,0,0,0,3,3,32
12746.442836,1.059e-26,0.0598,0.075,0,0.75,-0.025493,NaN,NaN,NaN,NaN,NaN,NaN,NaN,NaN,NaN,NaN,NaN,NaN,NaN,NaN,0.08133,0.945,3,3,4,4,3,2,0,0,0,0,0,0,0,0,0,0,0,0,0,0,3,3,32
12746.487297,3.305e-26,0.0598,0.075,0,0.75,-0.025493,NaN,NaN,NaN,NaN,NaN,NaN,NaN,NaN,NaN,NaN,NaN,NaN,NaN,NaN,0.08133,0.945,3,4,4,4,3,2,0,0,0,0,0,0,0,0,0,0,0,0,0,0,3,3,32
12746.536864,1.304e-26,0.0598,0.075,0,0.75,-0.025493,NaN,NaN,NaN,NaN,NaN,NaN,NaN,NaN,NaN,NaN,NaN,NaN,NaN,NaN,0.08133,0.945,3,3,4,4,3,2,0,0,0,0,0,0,0,0,0,0,0,0,0,0,3,3,32
12746.581008,1.436e-26,0.0598,0.075,0,0.75,-0.025493,NaN,NaN,NaN,NaN,NaN,NaN,NaN,NaN,NaN,NaN,NaN,NaN,NaN,NaN,0.08133,0.945,3,3,4,4,3,2,0,0,0,0,0,0,0,0,0,0,0,0,0,0,3,3,32
12746.625502,9.303e-27,0.0598,0.075,0,0.75,-0.025493,NaN,NaN,NaN,NaN,NaN,NaN,NaN,NaN,NaN,NaN,NaN,NaN,NaN,NaN,0.08133,0.945,3,3,4,4,3,2,0,0,0,0,0,0,0,0,0,0,0,0,0,0,3,3,32
12750.663871,1.928e-26,0.0598,0.075,0,0.75,-0.025501,NaN,NaN,NaN,NaN,NaN,NaN,NaN,NaN,NaN,NaN,NaN,NaN,NaN,NaN,0.08133,0.945,3,3,4,4,3,2,0,0,0,0,0,0,0,0,0,0,0,0,0,0,3,3,32
12750.701783,2.123e-26,0.0598,0.075,0,0.75,-0.025501,NaN,NaN,NaN,NaN,NaN,NaN,NaN,NaN,NaN,NaN,NaN,NaN,NaN,NaN,0.08133,0.945,3,3,4,4,3,2,0,0,0,0,0,0,0,0,0,0,0,0,0,0,3,3,32
12750.755352,2.28e-26,0.0598,0.075,0,0.75,-0.025502,NaN,NaN,NaN,NaN,NaN,NaN,NaN,NaN,NaN,NaN,NaN,NaN,NaN,NaN,0.08133,0.945,3,3,4,4,3,2,0,0,0,0,0,0,0,0,0,0,0,0,0,0,3,3,32
12750.782012,1.388e-26,0.0598,0.075,0,0.75,-0.025502,NaN,NaN,NaN,NaN,NaN,NaN,NaN,NaN,NaN,NaN,NaN,NaN,NaN,NaN,0.08133,0.945,3,3,4,4,3,2,0,0,0,0,0,0,0,0,0,0,0,0,0,0,3,3,32
12751.045601,4.974e-26,0.0598,0.075,0,0.75,-0.025502,NaN,NaN,NaN,NaN,NaN,NaN,NaN,NaN,NaN,NaN,NaN,NaN,NaN,NaN,0.08133,0.945,3,4,4,4,3,2,0,0,0,0,0,0,0,0,0,0,0,0,0,0,3,3,32
12751.083671,6.191e-26,0.0598,0.075,0,0.75,-0.025502,NaN,NaN,NaN,NaN,NaN,NaN,NaN,NaN,NaN,NaN,NaN,NaN,NaN,NaN,0.08133,0.945,3,5,4,4,3,2,0,0,0,0,0,0,0,0,0,0,0,0,0,0,3,3,32
12751.144334,2.86e-26,0.0598,0.075,0,0.75,-0.025502,NaN,NaN,NaN,NaN,NaN,NaN,NaN,NaN,NaN,NaN,NaN,NaN,NaN,NaN,0.08133,0.945,3,4,4,4,3,2,0,0,0,0,0,0,0,0,0,0,0,0,0,0,3,3,32
12751.920686,1.642e-26,0.0598,0.075,0,0.75,-0.025504,NaN,NaN,NaN,NaN,NaN,NaN,NaN,NaN,NaN,NaN,NaN,NaN,NaN,NaN,0.08133,0.945,3,3,4,4,3,2,0,0,0,0,0,0,0,0,0,0,0,0,0,0,3,3,32
12751.959724,2.028e-26,0.0598,0.075,0,0.75,-0.025504,NaN,NaN,NaN,NaN,NaN,NaN,NaN,NaN,NaN,NaN,NaN,NaN,NaN,NaN,0.08133,0.945,3,3,4,4,3,2,0,0,0,0,0,0,0,0,0,0,0,0,0,0,3,3,32
12751.999975,1.703e-26,0.0598,0.075,0,0.75,-0.025504,NaN,NaN,NaN,NaN,NaN,NaN,NaN,NaN,NaN,NaN,NaN,NaN,NaN,NaN,0.08133,0.945,3,3,4,4,3,2,0,0,0,0,0,0,0,0,0,0,0,0,0,0,3,3,32
12752.049665,4.298e-26,0.0598,0.075,0,0.75,-0.025504,NaN,NaN,NaN,NaN,NaN,NaN,NaN,NaN,NaN,NaN,NaN,NaN,NaN,NaN,0.08133,0.945,3,4,4,4,3,2,0,0,0,0,0,0,0,0,0,0,0,0,0,0,3,3,32
12752.090703,3.333e-26,0.0598,0.075,0,0.75,-0.025504,NaN,NaN,NaN,NaN,NaN,NaN,NaN,NaN,NaN,NaN,NaN,NaN,NaN,NaN,0.08133,0.945,3,4,4,4,3,2,0,0,0,0,0,0,0,0,0,0,0,0,0,0,3,3,32
12752.154253,1.638e-26,0.0598,0.075,0,0.75,-0.025504,NaN,NaN,NaN,NaN,NaN,NaN,NaN,NaN,NaN,NaN,NaN,NaN,NaN,NaN,0.08133,0.945,3,3,4,4,3,2,0,0,0,0,0,0,0,0,0,0,0,0,0,0,3,3,32
12752.179832,3.015e-26,0.0598,0.075,0,0.75,-0.025504,NaN,NaN,NaN,NaN,NaN,NaN,NaN,NaN,NaN,NaN,NaN,NaN,NaN,NaN,0.08133,0.945,3,4,4,4,3,2,0,0,0,0,0,0,0,0,0,0,0,0,0,0,3,3,32
12752.22699,4.612e-26,0.0598,0.075,0,0.75,-0.025504,NaN,NaN,NaN,NaN,NaN,NaN,NaN,NaN,NaN,NaN,NaN,NaN,NaN,NaN,0.08133,0.945,3,4,4,4,3,2,0,0,0,0,0,0,0,0,0,0,0,0,0,0,3,3,32
12752.771579,4.496e-26,0.0598,0.075,0,0.75,-0.025506,NaN,NaN,NaN,NaN,NaN,NaN,NaN,NaN,NaN,NaN,NaN,NaN,NaN,NaN,0.08133,0.945,3,4,4,4,3,2,0,0,0,0,0,0,0,0,0,0,0,0,0,0,3,3,32
12753.007553,1.972e-26,0.0598,0.075,0,0.75,-0.025506,NaN,NaN,NaN,NaN,NaN,NaN,NaN,NaN,NaN,NaN,NaN,NaN,NaN,NaN,0.08133,0.945,3,3,4,4,3,2,0,0,0,0,0,0,0,0,0,0,0,0,0,0,3,3,32
12753.516218,5.52e-26,0.0598,0.075,0,0.75,-0.025507,NaN,NaN,NaN,NaN,NaN,NaN,NaN,NaN,NaN,NaN,NaN,NaN,NaN,NaN,0.08133,0.945,3,5,4,4,3,2,0,0,0,0,0,0,0,0,0,0,0,0,0,0,3,3,32
12753.910998,2.785e-26,0.0598,0.075,0,0.75,-0.025508,NaN,NaN,NaN,NaN,NaN,NaN,NaN,NaN,NaN,NaN,NaN,NaN,NaN,NaN,0.08133,0.945,3,4,4,4,3,2,0,0,0,0,0,0,0,0,0,0,0,0,0,0,3,3,32
12755.008819,3.191e-26,0.0598,0.075,0,0.75,-0.02551,NaN,NaN,NaN,NaN,NaN,NaN,NaN,NaN,NaN,NaN,NaN,NaN,NaN,NaN,0.08133,0.945,3,4,4,4,3,2,0,0,0,0,0,0,0,0,0,0,0,0,0,0,3,3,32
12755.084173,1.038e-26,0.0598,0.075,0,0.75,-0.02551,NaN,NaN,NaN,NaN,NaN,NaN,NaN,NaN,NaN,NaN,NaN,NaN,NaN,NaN,0.08133,0.945,3,3,4,4,3,2,0,0,0,0,0,0,0,0,0,0,0,0,0,0,3,3,32
12755.12591,3.596e-26,0.0598,0.075,0,0.75,-0.02551,NaN,NaN,NaN,NaN,NaN,NaN,NaN,NaN,NaN,NaN,NaN,NaN,NaN,NaN,0.08133,0.945,3,4,4,4,3,2,0,0,0,0,0,0,0,0,0,0,0,0,0,0,3,3,32
12755.350539,1.077e-26,0.0598,0.075,0,0.75,-0.025511,NaN,NaN,NaN,NaN,NaN,NaN,NaN,NaN,NaN,NaN,NaN,NaN,NaN,NaN,0.08133,0.945,3,3,4,4,3,2,0,0,0,0,0,0,0,0,0,0,0,0,0,0,3,3,32
12755.392134,1.722e-26,0.0598,0.075,0,0.75,-0.025511,NaN,NaN,NaN,NaN,NaN,NaN,NaN,NaN,NaN,NaN,NaN,NaN,NaN,NaN,0.08133,0.945,3,3,4,4,3,2,0,0,0,0,0,0,0,0,0,0,0,0,0,0,3,3,32
12755.489704,3.598e-26,0.0598,0.075,0,0.75,-0.025511,NaN,NaN,NaN,NaN,NaN,NaN,NaN,NaN,NaN,NaN,NaN,NaN,NaN,NaN,0.08133,0.945,3,4,4,4,3,2,0,0,0,0,0,0,0,0,0,0,0,0,0,0,3,3,32
12755.542327,5.297e-27,0.0598,0.075,0,0.75,-0.025511,NaN,NaN,NaN,NaN,NaN,NaN,NaN,NaN,NaN,NaN,NaN,NaN,NaN,NaN,0.08133,0.945,3,3,4,4,3,2,0,0,0,0,0,0,0,0,0,0,0,0,0,0,3,3,32
12755.595483,1.791e-26,0.0598,0.075,0,0.75,-0.025511,NaN,NaN,NaN,NaN,NaN,NaN,NaN,NaN,NaN,NaN,NaN,NaN,NaN,NaN,0.08133,0.945,3,3,4,4,3,2,0,0,0,0,0,0,0,0,0,0,0,0,0,0,3,3,32
12755.661516,2.358e-26,0.0598,0.075,0,0.75,-0.025511,NaN,NaN,NaN,NaN,NaN,NaN,NaN,NaN,NaN,NaN,NaN,NaN,NaN,NaN,0.08133,0.945,3,3,4,4,3,2,0,0,0,0,0,0,0,0,0,0,0,0,0,0,3,3,32
12755.707206,1.426e-26,0.0598,0.075,0,0.75,-0.025511,NaN,NaN,NaN,NaN,NaN,NaN,NaN,NaN,NaN,NaN,NaN,NaN,NaN,NaN,0.08133,0.945,3,3,4,4,3,2,0,0,0,0,0,0,0,0,0,0,0,0,0,0,3,3,32
12755.749909,1.495e-26,0.0598,0.075,0,0.75,-0.025511,NaN,NaN,NaN,NaN,NaN,NaN,NaN,NaN,NaN,NaN,NaN,NaN,NaN,NaN,0.08133,0.945,3,3,4,4,3,2,0,0,0,0,0,0,0,0,0,0,0,0,0,0,3,3,32
12756.22902,3.55e-26,0.0598,0.075,0,0.75,-0.025512,NaN,NaN,NaN,NaN,NaN,NaN,NaN,NaN,NaN,NaN,NaN,NaN,NaN,NaN,0.08133,0.945,3,4,4,4,3,2,0,0,0,0,0,0,0,0,0,0,0,0,0,0,3,3,32
12756.276914,3.304e-26,0.0598,0.075,0,0.75,-0.025513,NaN,NaN,NaN,NaN,NaN,NaN,NaN,NaN,NaN,NaN,NaN,NaN,NaN,NaN,0.08133,0.945,3,4,4,4,3,2,0,0,0,0,0,0,0,0,0,0,0,0,0,0,3,3,32
12756.327192,3.473e-26,0.0598,0.075,0,0.75,-0.025513,NaN,NaN,NaN,NaN,NaN,NaN,NaN,NaN,NaN,NaN,NaN,NaN,NaN,NaN,0.08133,0.945,3,4,4,4,3,2,0,0,0,0,0,0,0,0,0,0,0,0,0,0,3,3,32
12756.35644,6.008e-26,0.0598,0.075,0,0.75,-0.025513,NaN,NaN,NaN,NaN,NaN,NaN,NaN,NaN,NaN,NaN,NaN,NaN,NaN,NaN,0.08133,0.945,3,5,4,4,3,2,0,0,0,0,0,0,0,0,0,0,0,0,0,0,3,3,32
12760.633972,1.204e-26,0.0598,0.075,0,0.75,-0.025521,NaN,NaN,NaN,NaN,NaN,NaN,NaN,NaN,NaN,NaN,NaN,NaN,NaN,NaN,0.08133,0.945,3,3,4,4,3,2,0,0,0,0,0,0,0,0,0,0,0,0,0,0,3,3,32
12760.678199,2.418e-26,0.0598,0.075,0,0.75,-0.025521,NaN,NaN,NaN,NaN,NaN,NaN,NaN,NaN,NaN,NaN,NaN,NaN,NaN,NaN,0.08133,0.945,3,3,4,4,3,2,0,0,0,0,0,0,0,0,0,0,0,0,0,0,3,3,32
12760.728232,5.563e-26,0.0598,0.075,0,0.75,-0.025521,NaN,NaN,NaN,NaN,NaN,NaN,NaN,NaN,NaN,NaN,NaN,NaN,NaN,NaN,0.08133,0.945,3,5,4,4,3,2,0,0,0,0,0,0,0,0,0,0,0,0,0,0,3,3,32
12767.138505,8.023e-26,0.0598,0.075,0,0.75,-0.025534,NaN,NaN,NaN,NaN,NaN,NaN,NaN,NaN,NaN,NaN,NaN,NaN,NaN,NaN,0.08133,0.945,3,5,4,4,3,2,0,0,0,0,0,0,0,0,0,0,0,0,0,0,3,3,32
12773.811868,2.072e-26,0.0598,0.075,0,0.75,-0.025548,NaN,NaN,NaN,NaN,NaN,NaN,NaN,NaN,NaN,NaN,NaN,NaN,NaN,NaN,0.08133,0.945,3,3,4,4,3,2,0,0,0,0,0,0,0,0,0,0,0,0,0,0,3,3,32
12773.843106,2.458e-26,0.0598,0.075,0,0.75,-0.025548,NaN,NaN,NaN,NaN,NaN,NaN,NaN,NaN,NaN,NaN,NaN,NaN,NaN,NaN,0.08133,0.945,3,3,4,4,3,2,0,0,0,0,0,0,0,0,0,0,0,0,0,0,3,3,32
12776.314555,1.534e-26,0.0598,0.075,0,0.75,-0.025553,NaN,NaN,NaN,NaN,NaN,NaN,NaN,NaN,NaN,NaN,NaN,NaN,NaN,NaN,0.08133,0.945,3,3,4,4,3,2,0,0,0,0,0,0,0,0,0,0,0,0,0,0,3,3,32
12776.353934,1.828e-26,0.0598,0.075,0,0.75,-0.025553,NaN,NaN,NaN,NaN,NaN,NaN,NaN,NaN,NaN,NaN,NaN,NaN,NaN,NaN,0.08133,0.945,3,3,4,4,3,2,0,0,0,0,0,0,0,0,0,0,0,0,0,0,3,3,32
12776.39309,2.727e-26,0.0598,0.075,0,0.75,-0.025553,NaN,NaN,NaN,NaN,NaN,NaN,NaN,NaN,NaN,NaN,NaN,NaN,NaN,NaN,0.08133,0.945,3,4,4,4,3,2,0,0,0,0,0,0,0,0,0,0,0,0,0,0,3,3,32
12778.855231,1.742e-26,0.0598,0.075,0,0.75,-0.025558,NaN,NaN,NaN,NaN,NaN,NaN,NaN,NaN,NaN,NaN,NaN,NaN,NaN,NaN,0.08133,0.945,3,3,4,4,3,2,0,0,0,0,0,0,0,0,0,0,0,0,0,0,3,3,32
12778.887695,1.56e-26,0.0598,0.075,0,0.75,-0.025558,NaN,NaN,NaN,NaN,NaN,NaN,NaN,NaN,NaN,NaN,NaN,NaN,NaN,NaN,0.08133,0.945,3,3,4,4,3,2,0,0,0,0,0,0,0,0,0,0,0,0,0,0,3,3,32
12778.943409,2.313e-26,0.0598,0.075,0,0.75,-0.025558,NaN,NaN,NaN,NaN,NaN,NaN,NaN,NaN,NaN,NaN,NaN,NaN,NaN,NaN,0.08133,0.945,3,3,4,4,3,2,0,0,0,0,0,0,0,0,0,0,0,0,0,0,3,3,32
12778.992228,1.261e-26,0.0598,0.075,0,0.75,-0.025558,NaN,NaN,NaN,NaN,NaN,NaN,NaN,NaN,NaN,NaN,NaN,NaN,NaN,NaN,0.08133,0.945,3,3,4,4,3,2,0,0,0,0,0,0,0,0,0,0,0,0,0,0,3,3,32
12779.061712,2.008e-26,0.0598,0.075,0,0.75,-0.025558,NaN,NaN,NaN,NaN,NaN,NaN,NaN,NaN,NaN,NaN,NaN,NaN,NaN,NaN,0.08133,0.945,3,3,4,4,3,2,0,0,0,0,0,0,0,0,0,0,0,0,0,0,3,3,32
12779.133718,5.161e-26,0.0598,0.075,0,0.75,-0.025558,NaN,NaN,NaN,NaN,NaN,NaN,NaN,NaN,NaN,NaN,NaN,NaN,NaN,NaN,0.08133,0.945,3,5,4,4,3,2,0,0,0,0,0,0,0,0,0,0,0,0,0,0,3,3,32
12779.186744,1.906e-26,0.0598,0.075,0,0.75,-0.025558,NaN,NaN,NaN,NaN,NaN,NaN,NaN,NaN,NaN,NaN,NaN,NaN,NaN,NaN,0.08133,0.945,3,3,4,4,3,2,0,0,0,0,0,0,0,0,0,0,0,0,0,0,3,3,32
12779.231114,5.763e-27,0.0598,0.075,0,0.75,-0.025558,NaN,NaN,NaN,NaN,NaN,NaN,NaN,NaN,NaN,NaN,NaN,NaN,NaN,NaN,0.08133,0.945,3,3,4,4,3,2,0,0,0,0,0,0,0,0,0,0,0,0,0,0,3,3,32
12779.476088,3.466e-26,0.0598,0.075,0,0.75,-0.025559,NaN,NaN,NaN,NaN,NaN,NaN,NaN,NaN,NaN,NaN,NaN,NaN,NaN,NaN,0.08133,0.945,3,4,4,4,3,2,0,0,0,0,0,0,0,0,0,0,0,0,0,0,3,3,32
12779.51999,3.334e-26,0.0598,0.075,0,0.75,-0.025559,NaN,NaN,NaN,NaN,NaN,NaN,NaN,NaN,NaN,NaN,NaN,NaN,NaN,NaN,0.08133,0.945,3,4,4,4,3,2,0,0,0,0,0,0,0,0,0,0,0,0,0,0,3,3,32
12779.567502,1.556e-26,0.0598,0.075,0,0.75,-0.025559,NaN,NaN,NaN,NaN,NaN,NaN,NaN,NaN,NaN,NaN,NaN,NaN,NaN,NaN,0.08133,0.945,3,3,4,4,3,2,0,0,0,0,0,0,0,0,0,0,0,0,0,0,3,3,32
12779.61894,2.052e-26,0.0598,0.075,0,0.75,-0.025559,NaN,NaN,NaN,NaN,NaN,NaN,NaN,NaN,NaN,NaN,NaN,NaN,NaN,NaN,0.08133,0.945,3,3,4,4,3,2,0,0,0,0,0,0,0,0,0,0,0,0,0,0,3,3,32
12779.67124,1.722e-26,0.0598,0.075,0,0.75,-0.025559,NaN,NaN,NaN,NaN,NaN,NaN,NaN,NaN,NaN,NaN,NaN,NaN,NaN,NaN,0.08133,0.945,3,3,4,4,3,2,0,0,0,0,0,0,0,0,0,0,0,0,0,0,3,3,32
12779.694714,1.897e-26,0.0598,0.075,0,0.75,-0.025559,NaN,NaN,NaN,NaN,NaN,NaN,NaN,NaN,NaN,NaN,NaN,NaN,NaN,NaN,0.08133,0.945,3,3,4,4,3,2,0,0,0,0,0,0,0,0,0,0,0,0,0,0,3,3,32
12780.99478,2.62e-26,0.0598,0.075,0,0.75,-0.025562,NaN,NaN,NaN,NaN,NaN,NaN,NaN,NaN,NaN,NaN,NaN,NaN,NaN,NaN,0.08133,0.945,3,4,4,4,3,2,0,0,0,0,0,0,0,0,0,0,0,0,0,0,3,3,32
12781.107257,4.448e-26,0.0598,0.075,0,0.75,-0.025562,NaN,NaN,NaN,NaN,NaN,NaN,NaN,NaN,NaN,NaN,NaN,NaN,NaN,NaN,0.08133,0.945,3,4,4,4,3,2,0,0,0,0,0,0,0,0,0,0,0,0,0,0,3,3,32
12781.727922,1.506e-26,0.0598,0.075,0,0.75,-0.025563,NaN,NaN,NaN,NaN,NaN,NaN,NaN,NaN,NaN,NaN,NaN,NaN,NaN,NaN,0.08133,0.945,3,3,4,4,3,2,0,0,0,0,0,0,0,0,0,0,0,0,0,0,3,3,32
12781.798376,4.12e-26,0.0598,0.075,0,0.75,-0.025564,NaN,NaN,NaN,NaN,NaN,NaN,NaN,NaN,NaN,NaN,NaN,NaN,NaN,NaN,0.08133,0.945,3,4,4,4,3,2,0,0,0,0,0,0,0,0,0,0,0,0,0,0,3,3,32
12781.838072,1.518e-26,0.0598,0.075,0,0.75,-0.025564,NaN,NaN,NaN,NaN,NaN,NaN,NaN,NaN,NaN,NaN,NaN,NaN,NaN,NaN,0.08133,0.945,3,3,4,4,3,2,0,0,0,0,0,0,0,0,0,0,0,0,0,0,3,3,32
12781.890274,9.814e-27,0.0598,0.075,0,0.75,-0.025564,NaN,NaN,NaN,NaN,NaN,NaN,NaN,NaN,NaN,NaN,NaN,NaN,NaN,NaN,0.08133,0.945,3,3,4,4,3,2,0,0,0,0,0,0,0,0,0,0,0,0,0,0,3,3,32
12789.476832,3.034e-26,0.0598,0.075,0,0.75,-0.025579,NaN,NaN,NaN,NaN,NaN,NaN,NaN,NaN,NaN,NaN,NaN,NaN,NaN,NaN,0.08133,0.945,3,4,4,4,3,2,0,0,0,0,0,0,0,0,0,0,0,0,0,0,3,3,32
12801.750444,2.392e-26,0.0598,0.075,0,0.75,-0.025604,NaN,NaN,NaN,NaN,NaN,NaN,NaN,NaN,NaN,NaN,NaN,NaN,NaN,NaN,0.08133,0.945,3,3,4,4,3,2,0,0,0,0,0,0,0,0,0,0,0,0,0,0,3,3,32
12801.797328,1.291e-26,0.0598,0.075,0,0.75,-0.025604,NaN,NaN,NaN,NaN,NaN,NaN,NaN,NaN,NaN,NaN,NaN,NaN,NaN,NaN,0.08133,0.945,3,3,4,4,3,2,0,0,0,0,0,0,0,0,0,0,0,0,0,0,3,3,32
12801.832196,4.745e-26,0.0598,0.075,0,0.75,-0.025604,NaN,NaN,NaN,NaN,NaN,NaN,NaN,NaN,NaN,NaN,NaN,NaN,NaN,NaN,0.08133,0.945,3,4,4,4,3,2,0,0,0,0,0,0,0,0,0,0,0,0,0,0,3,3,32
12801.882447,1.404e-26,0.0598,0.075,0,0.75,-0.025604,NaN,NaN,NaN,NaN,NaN,NaN,NaN,NaN,NaN,NaN,NaN,NaN,NaN,NaN,0.08133,0.945,3,3,4,4,3,2,0,0,0,0,0,0,0,0,0,0,0,0,0,0,3,3,32
12804.935151,3.944e-26,0.0598,0.075,0,0.75,-0.02561,NaN,NaN,NaN,NaN,NaN,NaN,NaN,NaN,NaN,NaN,NaN,NaN,NaN,NaN,0.08133,0.945,3,4,4,4,3,2,0,0,0,0,0,0,0,0,0,0,0,0,0,0,3,3,32
12804.964718,2.418e-26,0.0598,0.075,0,0.75,-0.02561,NaN,NaN,NaN,NaN,NaN,NaN,NaN,NaN,NaN,NaN,NaN,NaN,NaN,NaN,0.08133,0.945,3,3,4,4,3,2,0,0,0,0,0,0,0,0,0,0,0,0,0,0,3,3,32
12806.516069,8.061e-26,0.0598,0.075,0,0.75,-0.025613,NaN,NaN,NaN,NaN,NaN,NaN,NaN,NaN,NaN,NaN,NaN,NaN,NaN,NaN,0.08133,0.945,3,5,4,4,3,2,0,0,0,0,0,0,0,0,0,0,0,0,0,0,3,3,32
12820.338355,2.117e-26,0.0598,0.075,0,0.75,-0.025641,NaN,NaN,NaN,NaN,NaN,NaN,NaN,NaN,NaN,NaN,NaN,NaN,NaN,NaN,0.08133,0.945,3,3,4,4,3,2,0,0,0,0,0,0,0,0,0,0,0,0,0,0,3,3,32
12820.372413,1.289e-26,0.0598,0.075,0,0.75,-0.025641,NaN,NaN,NaN,NaN,NaN,NaN,NaN,NaN,NaN,NaN,NaN,NaN,NaN,NaN,0.08133,0.945,3,3,4,4,3,2,0,0,0,0,0,0,0,0,0,0,0,0,0,0,3,3,32
12824.846194,5.394e-26,0.0598,0.075,0,0.75,-0.02565,NaN,NaN,NaN,NaN,NaN,NaN,NaN,NaN,NaN,NaN,NaN,NaN,NaN,NaN,0.08133,0.945,3,5,4,4,3,2,0,0,0,0,0,0,0,0,0,0,0,0,0,0,3,3,32
12825.773986,2.558e-26,0.0598,0.075,0,0.75,-0.025652,NaN,NaN,NaN,NaN,NaN,NaN,NaN,NaN,NaN,NaN,NaN,NaN,NaN,NaN,0.08133,0.945,3,4,4,4,3,2,0,0,0,0,0,0,0,0,0,0,0,0,0,0,3,3,32
12825.820962,2.119e-26,0.0598,0.075,0,0.75,-0.025652,NaN,NaN,NaN,NaN,NaN,NaN,NaN,NaN,NaN,NaN,NaN,NaN,NaN,NaN,0.08133,0.945,3,3,4,4,3,2,0,0,0,0,0,0,0,0,0,0,0,0,0,0,3,3,32
13063.258358,4.656e-28,0.0598,0.075,0,0.75,-0.026127,NaN,NaN,NaN,NaN,NaN,NaN,NaN,NaN,NaN,NaN,NaN,NaN,NaN,NaN,0.08133,0.945,3,4,4,4,3,2,0,0,0,0,0,0,0,0,0,0,0,0,0,0,3,3,32
13063.348772,9.129e-28,0.0598,0.075,0,0.75,-0.026127,NaN,NaN,NaN,NaN,NaN,NaN,NaN,NaN,NaN,NaN,NaN,NaN,NaN,NaN,0.08133,0.945,3,4,4,4,3,2,0,0,0,0,0,0,0,0,0,0,0,0,0,0,3,3,32
13063.44941,1.35e-27,0.0598,0.075,0,0.75,-0.026127,NaN,NaN,NaN,NaN,NaN,NaN,NaN,NaN,NaN,NaN,NaN,NaN,NaN,NaN,0.08133,0.945,3,4,4,4,3,2,0,0,0,0,0,0,0,0,0,0,0,0,0,0,3,3,32
13063.583787,1.309e-27,0.0598,0.075,0,0.75,-0.026127,NaN,NaN,NaN,NaN,NaN,NaN,NaN,NaN,NaN,NaN,NaN,NaN,NaN,NaN,0.08133,0.945,3,4,4,4,3,2,0,0,0,0,0,0,0,0,0,0,0,0,0,0,3,3,32
13063.667944,4.564e-27,0.0598,0.075,0,0.75,-0.026127,NaN,NaN,NaN,NaN,NaN,NaN,NaN,NaN,NaN,NaN,NaN,NaN,NaN,NaN,0.08133,0.945,3,4,4,4,3,2,0,0,0,0,0,0,0,0,0,0,0,0,0,0,3,3,32
13063.771792,1.902e-27,0.0598,0.075,0,0.75,-0.026128,NaN,NaN,NaN,NaN,NaN,NaN,NaN,NaN,NaN,NaN,NaN,NaN,NaN,NaN,0.08133,0.945,3,4,4,4,3,2,0,0,0,0,0,0,0,0,0,0,0,0,0,0,3,3,32
13064.014909,3.723e-27,0.0598,0.075,0,0.75,-0.026128,NaN,NaN,NaN,NaN,NaN,NaN,NaN,NaN,NaN,NaN,NaN,NaN,NaN,NaN,0.08133,0.945,3,4,4,4,3,2,0,0,0,0,0,0,0,0,0,0,0,0,0,0,3,3,32
13064.188185,2.084e-27,0.0598,0.075,0,0.75,-0.026128,NaN,NaN,NaN,NaN,NaN,NaN,NaN,NaN,NaN,NaN,NaN,NaN,NaN,NaN,0.08133,0.945,3,4,4,4,3,2,0,0,0,0,0,0,0,0,0,0,0,0,0,0,3,3,32
13064.320623,5.393e-27,0.0598,0.075,0,0.75,-0.026129,NaN,NaN,NaN,NaN,NaN,NaN,NaN,NaN,NaN,NaN,NaN,NaN,NaN,NaN,0.08133,0.945,3,5,4,4,3,2,0,0,0,0,0,0,0,0,0,0,0,0,0,0,3,3,32
13064.423959,8.811e-28,0.0598,0.075,0,0.75,-0.026129,NaN,NaN,NaN,NaN,NaN,NaN,NaN,NaN,NaN,NaN,NaN,NaN,NaN,NaN,0.08133,0.945,3,4,4,4,3,2,0,0,0,0,0,0,0,0,0,0,0,0,0,0,3,3,32
13064.506547,2.131e-27,0.0598,0.075,0,0.75,-0.026129,NaN,NaN,NaN,NaN,NaN,NaN,NaN,NaN,NaN,NaN,NaN,NaN,NaN,NaN,0.08133,0.945,3,4,4,4,3,2,0,0,0,0,0,0,0,0,0,0,0,0,0,0,3,3,32
13064.612308,1.233e-27,0.0598,0.075,0,0.75,-0.026129,NaN,NaN,NaN,NaN,NaN,NaN,NaN,NaN,NaN,NaN,NaN,NaN,NaN,NaN,0.08133,0.945,3,4,4,4,3,2,0,0,0,0,0,0,0,0,0,0,0,0,0,0,3,3,32
13064.711539,2.418e-27,0.0598,0.075,0,0.75,-0.026129,NaN,NaN,NaN,NaN,NaN,NaN,NaN,NaN,NaN,NaN,NaN,NaN,NaN,NaN,0.08133,0.945,3,4,4,4,3,2,0,0,0,0,0,0,0,0,0,0,0,0,0,0,3,3,32
13064.779979,1.231e-27,0.0598,0.075,0,0.75,-0.02613,NaN,NaN,NaN,NaN,NaN,NaN,NaN,NaN,NaN,NaN,NaN,NaN,NaN,NaN,0.08133,0.945,3,4,4,4,3,2,0,0,0,0,0,0,0,0,0,0,0,0,0,0,3,3,32
13064.945507,5.025e-27,0.0598,0.075,0,0.75,-0.02613,NaN,NaN,NaN,NaN,NaN,NaN,NaN,NaN,NaN,NaN,NaN,NaN,NaN,NaN,0.08133,0.945,3,5,4,4,3,2,0,0,0,0,0,0,0,0,0,0,0,0,0,0,3,3,32
13065.064938,6.003e-28,0.0598,0.075,0,0.75,-0.02613,NaN,NaN,NaN,NaN,NaN,NaN,NaN,NaN,NaN,NaN,NaN,NaN,NaN,NaN,0.08133,0.945,3,4,4,4,3,2,0,0,0,0,0,0,0,0,0,0,0,0,0,0,3,3,32
13065.237824,3.123e-27,0.0598,0.075,0,0.75,-0.02613,NaN,NaN,NaN,NaN,NaN,NaN,NaN,NaN,NaN,NaN,NaN,NaN,NaN,NaN,0.08133,0.945,3,4,4,4,3,2,0,0,0,0,0,0,0,0,0,0,0,0,0,0,3,3,32
13065.411589,3.278e-27,0.0598,0.075,0,0.75,-0.026131,NaN,NaN,NaN,NaN,NaN,NaN,NaN,NaN,NaN,NaN,NaN,NaN,NaN,NaN,0.08133,0.945,3,4,4,4,3,2,0,0,0,0,0,0,0,0,0,0,0,0,0,0,3,3,32
13065.549576,6.045e-27,0.0598,0.075,0,0.75,-0.026131,NaN,NaN,NaN,NaN,NaN,NaN,NaN,NaN,NaN,NaN,NaN,NaN,NaN,NaN,0.08133,0.945,3,5,4,4,3,2,0,0,0,0,0,0,0,0,0,0,0,0,0,0,3,3,32
13065.652825,2.534e-27,0.0598,0.075,0,0.75,-0.026131,NaN,NaN,NaN,NaN,NaN,NaN,NaN,NaN,NaN,NaN,NaN,NaN,NaN,NaN,0.08133,0.945,3,4,4,4,3,2,0,0,0,0,0,0,0,0,0,0,0,0,0,0,3,3,32
13065.725967,4.539e-27,0.0598,0.075,0,0.75,-0.026131,NaN,NaN,NaN,NaN,NaN,NaN,NaN,NaN,NaN,NaN,NaN,NaN,NaN,NaN,0.08133,0.945,3,4,4,4,3,2,0,0,0,0,0,0,0,0,0,0,0,0,0,0,3,3,32
13065.861846,5.472e-28,0.0598,0.075,0,0.75,-0.026132,NaN,NaN,NaN,NaN,NaN,NaN,NaN,NaN,NaN,NaN,NaN,NaN,NaN,NaN,0.08133,0.945,3,4,4,4,3,2,0,0,0,0,0,0,0,0,0,0,0,0,0,0,3,3,32
13065.994705,2e-27,0.0598,0.075,0,0.75,-0.026132,NaN,NaN,NaN,NaN,NaN,NaN,NaN,NaN,NaN,NaN,NaN,NaN,NaN,NaN,0.08133,0.945,3,4,4,4,3,2,0,0,0,0,0,0,0,0,0,0,0,0,0,0,3,3,32
13066.08697,8.14e-27,0.0598,0.075,0,0.75,-0.026132,NaN,NaN,NaN,NaN,NaN,NaN,NaN,NaN,NaN,NaN,NaN,NaN,NaN,NaN,0.08133,0.945,3,5,4,4,3,2,0,0,0,0,0,0,0,0,0,0,0,0,0,0,3,3,32
13066.228598,4.978e-27,0.0598,0.075,0,0.75,-0.026132,NaN,NaN,NaN,NaN,NaN,NaN,NaN,NaN,NaN,NaN,NaN,NaN,NaN,NaN,0.08133,0.945,3,4,4,4,3,2,0,0,0,0,0,0,0,0,0,0,0,0,0,0,3,3,32
13066.319284,4.656e-27,0.0598,0.075,0,0.75,-0.026133,NaN,NaN,NaN,NaN,NaN,NaN,NaN,NaN,NaN,NaN,NaN,NaN,NaN,NaN,0.08133,0.945,3,4,4,4,3,2,0,0,0,0,0,0,0,0,0,0,0,0,0,0,3,3,32
13066.406355,5.663e-28,0.0598,0.075,0,0.75,-0.026133,NaN,NaN,NaN,NaN,NaN,NaN,NaN,NaN,NaN,NaN,NaN,NaN,NaN,NaN,0.08133,0.945,3,4,4,4,3,2,0,0,0,0,0,0,0,0,0,0,0,0,0,0,3,3,32
13066.488933,3.34e-27,0.0598,0.075,0,0.75,-0.026133,NaN,NaN,NaN,NaN,NaN,NaN,NaN,NaN,NaN,NaN,NaN,NaN,NaN,NaN,0.08133,0.945,3,4,4,4,3,2,0,0,0,0,0,0,0,0,0,0,0,0,0,0,3,3,32
13066.589004,1.959e-27,0.0598,0.075,0,0.75,-0.026133,NaN,NaN,NaN,NaN,NaN,NaN,NaN,NaN,NaN,NaN,NaN,NaN,NaN,NaN,0.08133,0.945,3,4,4,4,3,2,0,0,0,0,0,0,0,0,0,0,0,0,0,0,3,3,32
13066.684935,3.563e-27,0.0598,0.075,0,0.75,-0.026133,NaN,NaN,NaN,NaN,NaN,NaN,NaN,NaN,NaN,NaN,NaN,NaN,NaN,NaN,0.08133,0.945,3,4,4,4,3,2,0,0,0,0,0,0,0,0,0,0,0,0,0,0,3,3,32
13066.743416,3.11e-27,0.0598,0.075,0,0.75,-0.026133,NaN,NaN,NaN,NaN,NaN,NaN,NaN,NaN,NaN,NaN,NaN,NaN,NaN,NaN,0.08133,0.945,3,4,4,4,3,2,0,0,0,0,0,0,0,0,0,0,0,0,0,0,3,3,32
13066.792969,9.665e-28,0.0598,0.075,0,0.75,-0.026134,NaN,NaN,NaN,NaN,NaN,NaN,NaN,NaN,NaN,NaN,NaN,NaN,NaN,NaN,0.08133,0.945,3,4,4,4,3,2,0,0,0,0,0,0,0,0,0,0,0,0,0,0,3,3,32
13066.964425,3.229e-27,0.0598,0.075,0,0.75,-0.026134,NaN,NaN,NaN,NaN,NaN,NaN,NaN,NaN,NaN,NaN,NaN,NaN,NaN,NaN,0.08133,0.945,3,4,4,4,3,2,0,0,0,0,0,0,0,0,0,0,0,0,0,0,3,3,32
13067.04488,1.711e-27,0.0598,0.075,0,0.75,-0.026134,NaN,NaN,NaN,NaN,NaN,NaN,NaN,NaN,NaN,NaN,NaN,NaN,NaN,NaN,0.08133,0.945,3,4,4,4,3,2,0,0,0,0,0,0,0,0,0,0,0,0,0,0,3,3,32
13067.107778,1.058e-27,0.0598,0.075,0,0.75,-0.026134,NaN,NaN,NaN,NaN,NaN,NaN,NaN,NaN,NaN,NaN,NaN,NaN,NaN,NaN,0.08133,0.945,3,4,4,4,3,2,0,0,0,0,0,0,0,0,0,0,0,0,0,0,3,3,32
13067.223951,1.805e-27,0.0598,0.075,0,0.75,-0.026134,NaN,NaN,NaN,NaN,NaN,NaN,NaN,NaN,NaN,NaN,NaN,NaN,NaN,NaN,0.08133,0.945,3,4,4,4,3,2,0,0,0,0,0,0,0,0,0,0,0,0,0,0,3,3,32
13067.296026,2.551e-27,0.0598,0.075,0,0.75,-0.026135,NaN,NaN,NaN,NaN,NaN,NaN,NaN,NaN,NaN,NaN,NaN,NaN,NaN,NaN,0.08133,0.945,3,4,4,4,3,2,0,0,0,0,0,0,0,0,0,0,0,0,0,0,3,3,32
13067.420315,1.25e-27,0.0598,0.075,0,0.75,-0.026135,NaN,NaN,NaN,NaN,NaN,NaN,NaN,NaN,NaN,NaN,NaN,NaN,NaN,NaN,0.08133,0.945,3,4,4,4,3,2,0,0,0,0,0,0,0,0,0,0,0,0,0,0,3,3,32
13067.495583,4.936e-28,0.0598,0.075,0,0.75,-0.026135,NaN,NaN,NaN,NaN,NaN,NaN,NaN,NaN,NaN,NaN,NaN,NaN,NaN,NaN,0.08133,0.945,3,4,4,4,3,2,0,0,0,0,0,0,0,0,0,0,0,0,0,0,3,3,32
13067.561085,1.418e-27,0.0598,0.075,0,0.75,-0.026135,NaN,NaN,NaN,NaN,NaN,NaN,NaN,NaN,NaN,NaN,NaN,NaN,NaN,NaN,0.08133,0.945,3,4,4,4,3,2,0,0,0,0,0,0,0,0,0,0,0,0,0,0,3,3,32
13067.612437,2.808e-27,0.0598,0.075,0,0.75,-0.026135,NaN,NaN,NaN,NaN,NaN,NaN,NaN,NaN,NaN,NaN,NaN,NaN,NaN,NaN,0.08133,0.945,3,4,4,4,3,2,0,0,0,0,0,0,0,0,0,0,0,0,0,0,3,3,32
13067.716554,1.137e-27,0.0598,0.075,0,0.75,-0.026135,NaN,NaN,NaN,NaN,NaN,NaN,NaN,NaN,NaN,NaN,NaN,NaN,NaN,NaN,0.08133,0.945,3,4,4,4,3,2,0,0,0,0,0,0,0,0,0,0,0,0,0,0,3,3,32
13067.843191,1.006e-27,0.0598,0.075,0,0.75,-0.026136,NaN,NaN,NaN,NaN,NaN,NaN,NaN,NaN,NaN,NaN,NaN,NaN,NaN,NaN,0.08133,0.945,3,4,4,4,3,2,0,0,0,0,0,0,0,0,0,0,0,0,0,0,3,3,32
13067.883606,3.793e-27,0.0598,0.075,0,0.75,-0.026136,NaN,NaN,NaN,NaN,NaN,NaN,NaN,NaN,NaN,NaN,NaN,NaN,NaN,NaN,0.08133,0.945,3,4,4,4,3,2,0,0,0,0,0,0,0,0,0,0,0,0,0,0,3,3,32
13068.003262,6.088e-28,0.0598,0.075,0,0.75,-0.026136,NaN,NaN,NaN,NaN,NaN,NaN,NaN,NaN,NaN,NaN,NaN,NaN,NaN,NaN,0.08133,0.945,3,4,4,4,3,2,0,0,0,0,0,0,0,0,0,0,0,0,0,0,3,3,32
13068.245771,2.524e-27,0.0598,0.075,0,0.75,-0.026136,NaN,NaN,NaN,NaN,NaN,NaN,NaN,NaN,NaN,NaN,NaN,NaN,NaN,NaN,0.08133,0.945,3,4,4,4,3,2,0,0,0,0,0,0,0,0,0,0,0,0,0,0,3,3,32
13068.299874,1.804e-27,0.0598,0.075,0,0.75,-0.026137,NaN,NaN,NaN,NaN,NaN,NaN,NaN,NaN,NaN,NaN,NaN,NaN,NaN,NaN,0.08133,0.945,3,4,4,4,3,2,0,0,0,0,0,0,0,0,0,0,0,0,0,0,3,3,32
13068.489073,6.861e-28,0.0598,0.075,0,0.75,-0.026137,NaN,NaN,NaN,NaN,NaN,NaN,NaN,NaN,NaN,NaN,NaN,NaN,NaN,NaN,0.08133,0.945,3,4,4,4,3,2,0,0,0,0,0,0,0,0,0,0,0,0,0,0,3,3,32
13068.558456,3.714e-27,0.0598,0.075,0,0.75,-0.026137,NaN,NaN,NaN,NaN,NaN,NaN,NaN,NaN,NaN,NaN,NaN,NaN,NaN,NaN,0.08133,0.945,3,4,4,4,3,2,0,0,0,0,0,0,0,0,0,0,0,0,0,0,3,3,32
13068.649204,2.751e-27,0.0598,0.075,0,0.75,-0.026137,NaN,NaN,NaN,NaN,NaN,NaN,NaN,NaN,NaN,NaN,NaN,NaN,NaN,NaN,0.08133,0.945,3,4,4,4,3,2,0,0,0,0,0,0,0,0,0,0,0,0,0,0,3,3,32
13068.717565,4.892e-28,0.0598,0.075,0,0.75,-0.026137,NaN,NaN,NaN,NaN,NaN,NaN,NaN,NaN,NaN,NaN,NaN,NaN,NaN,NaN,0.08133,0.945,3,4,4,4,3,2,0,0,0,0,0,0,0,0,0,0,0,0,0,0,3,3,32
13068.791561,1.412e-27,0.0598,0.075,0,0.75,-0.026138,NaN,NaN,NaN,NaN,NaN,NaN,NaN,NaN,NaN,NaN,NaN,NaN,NaN,NaN,0.08133,0.945,3,4,4,4,3,2,0,0,0,0,0,0,0,0,0,0,0,0,0,0,3,3,32
13068.879905,1.073e-27,0.0598,0.075,0,0.75,-0.026138,NaN,NaN,NaN,NaN,NaN,NaN,NaN,NaN,NaN,NaN,NaN,NaN,NaN,NaN,0.08133,0.945,3,4,4,4,3,2,0,0,0,0,0,0,0,0,0,0,0,0,0,0,3,3,32
13068.952653,4.089e-28,0.0598,0.075,0,0.75,-0.026138,NaN,NaN,NaN,NaN,NaN,NaN,NaN,NaN,NaN,NaN,NaN,NaN,NaN,NaN,0.08133,0.945,3,4,4,4,3,2,0,0,0,0,0,0,0,0,0,0,0,0,0,0,3,3,32
13069.047747,3.724e-27,0.0598,0.075,0,0.75,-0.026138,NaN,NaN,NaN,NaN,NaN,NaN,NaN,NaN,NaN,NaN,NaN,NaN,NaN,NaN,0.08133,0.945,3,4,4,4,3,2,0,0,0,0,0,0,0,0,0,0,0,0,0,0,3,3,32
13069.134835,8.513e-27,0.0598,0.075,0,0.75,-0.026138,NaN,NaN,NaN,NaN,NaN,NaN,NaN,NaN,NaN,NaN,NaN,NaN,NaN,NaN,0.08133,0.945,3,5,4,4,3,2,0,0,0,0,0,0,0,0,0,0,0,0,0,0,3,3,32
13069.226872,3.831e-27,0.0598,0.075,0,0.75,-0.026138,NaN,NaN,NaN,NaN,NaN,NaN,NaN,NaN,NaN,NaN,NaN,NaN,NaN,NaN,0.08133,0.945,3,4,4,4,3,2,0,0,0,0,0,0,0,0,0,0,0,0,0,0,3,3,32
13069.276546,8.794e-28,0.0598,0.075,0,0.75,-0.026139,NaN,NaN,NaN,NaN,NaN,NaN,NaN,NaN,NaN,NaN,NaN,NaN,NaN,NaN,0.08133,0.945,3,4,4,4,3,2,0,0,0,0,0,0,0,0,0,0,0,0,0,0,3,3,32
13069.455419,4.334e-28,0.0598,0.075,0,0.75,-0.026139,NaN,NaN,NaN,NaN,NaN,NaN,NaN,NaN,NaN,NaN,NaN,NaN,NaN,NaN,0.08133,0.945,3,4,4,4,3,2,0,0,0,0,0,0,0,0,0,0,0,0,0,0,3,3,32
13069.515304,5.474e-27,0.0598,0.075,0,0.75,-0.026139,NaN,NaN,NaN,NaN,NaN,NaN,NaN,NaN,NaN,NaN,NaN,NaN,NaN,NaN,0.08133,0.945,3,5,4,4,3,2,0,0,0,0,0,0,0,0,0,0,0,0,0,0,3,3,32
13069.60895,3.443e-27,0.0598,0.075,0,0.75,-0.026139,NaN,NaN,NaN,NaN,NaN,NaN,NaN,NaN,NaN,NaN,NaN,NaN,NaN,NaN,0.08133,0.945,3,4,4,4,3,2,0,0,0,0,0,0,0,0,0,0,0,0,0,0,3,3,32
13069.824189,4.35e-28,0.0598,0.075,0,0.75,-0.02614,NaN,NaN,NaN,NaN,NaN,NaN,NaN,NaN,NaN,NaN,NaN,NaN,NaN,NaN,0.08133,0.945,3,4,4,4,3,2,0,0,0,0,0,0,0,0,0,0,0,0,0,0,3,3,32
13070.011375,1.038e-27,0.0598,0.075,0,0.75,-0.02614,NaN,NaN,NaN,NaN,NaN,NaN,NaN,NaN,NaN,NaN,NaN,NaN,NaN,NaN,0.08133,0.945,3,4,4,4,3,2,0,0,0,0,0,0,0,0,0,0,0,0,0,0,3,3,32
13070.121917,1.325e-27,0.0598,0.075,0,0.75,-0.02614,NaN,NaN,NaN,NaN,NaN,NaN,NaN,NaN,NaN,NaN,NaN,NaN,NaN,NaN,0.08133,0.945,3,4,4,4,3,2,0,0,0,0,0,0,0,0,0,0,0,0,0,0,3,3,32
13070.178077,3.881e-27,0.0598,0.075,0,0.75,-0.02614,NaN,NaN,NaN,NaN,NaN,NaN,NaN,NaN,NaN,NaN,NaN,NaN,NaN,NaN,0.08133,0.945,3,4,4,4,3,2,0,0,0,0,0,0,0,0,0,0,0,0,0,0,3,3,32
13070.27642,2.428e-27,0.0598,0.075,0,0.75,-0.026141,NaN,NaN,NaN,NaN,NaN,NaN,NaN,NaN,NaN,NaN,NaN,NaN,NaN,NaN,0.08133,0.945,3,4,4,4,3,2,0,0,0,0,0,0,0,0,0,0,0,0,0,0,3,3,32
13070.343704,1.95e-27,0.0598,0.075,0,0.75,-0.026141,NaN,NaN,NaN,NaN,NaN,NaN,NaN,NaN,NaN,NaN,NaN,NaN,NaN,NaN,0.08133,0.945,3,4,4,4,3,2,0,0,0,0,0,0,0,0,0,0,0,0,0,0,3,3,32
13070.442984,9.59e-28,0.0598,0.075,0,0.75,-0.026141,NaN,NaN,NaN,NaN,NaN,NaN,NaN,NaN,NaN,NaN,NaN,NaN,NaN,NaN,0.08133,0.945,3,4,4,4,3,2,0,0,0,0,0,0,0,0,0,0,0,0,0,0,3,3,32
13070.576416,2.64e-27,0.0598,0.075,0,0.75,-0.026141,NaN,NaN,NaN,NaN,NaN,NaN,NaN,NaN,NaN,NaN,NaN,NaN,NaN,NaN,0.08133,0.945,3,4,4,4,3,2,0,0,0,0,0,0,0,0,0,0,0,0,0,0,3,3,32
13070.688553,3.804e-27,0.0598,0.075,0,0.75,-0.026141,NaN,NaN,NaN,NaN,NaN,NaN,NaN,NaN,NaN,NaN,NaN,NaN,NaN,NaN,0.08133,0.945,3,4,4,4,3,2,0,0,0,0,0,0,0,0,0,0,0,0,0,0,3,3,32
13070.835272,4.87e-28,0.0598,0.075,0,0.75,-0.026142,NaN,NaN,NaN,NaN,NaN,NaN,NaN,NaN,NaN,NaN,NaN,NaN,NaN,NaN,0.08133,0.945,3,4,4,4,3,2,0,0,0,0,0,0,0,0,0,0,0,0,0,0,3,3,32
13070.912825,1.165e-27,0.0598,0.075,0,0.75,-0.026142,NaN,NaN,NaN,NaN,NaN,NaN,NaN,NaN,NaN,NaN,NaN,NaN,NaN,NaN,0.08133,0.945,3,4,4,4,3,2,0,0,0,0,0,0,0,0,0,0,0,0,0,0,3,3,32
13071.026644,1.612e-27,0.0598,0.075,0,0.75,-0.026142,NaN,NaN,NaN,NaN,NaN,NaN,NaN,NaN,NaN,NaN,NaN,NaN,NaN,NaN,0.08133,0.945,3,4,4,4,3,2,0,0,0,0,0,0,0,0,0,0,0,0,0,0,3,3,32
13071.108452,1.506e-27,0.0598,0.075,0,0.75,-0.026142,NaN,NaN,NaN,NaN,NaN,NaN,NaN,NaN,NaN,NaN,NaN,NaN,NaN,NaN,0.08133,0.945,3,4,4,4,3,2,0,0,0,0,0,0,0,0,0,0,0,0,0,0,3,3,32
13071.172433,1.772e-27,0.0598,0.075,0,0.75,-0.026142,NaN,NaN,NaN,NaN,NaN,NaN,NaN,NaN,NaN,NaN,NaN,NaN,NaN,NaN,0.08133,0.945,3,4,4,4,3,2,0,0,0,0,0,0,0,0,0,0,0,0,0,0,3,3,32
13071.219826,2.568e-27,0.0598,0.075,0,0.75,-0.026142,NaN,NaN,NaN,NaN,NaN,NaN,NaN,NaN,NaN,NaN,NaN,NaN,NaN,NaN,0.08133,0.945,3,4,4,4,3,2,0,0,0,0,0,0,0,0,0,0,0,0,0,0,3,3,32
13071.25818,5.742e-28,0.0598,0.075,0,0.75,-0.026143,NaN,NaN,NaN,NaN,NaN,NaN,NaN,NaN,NaN,NaN,NaN,NaN,NaN,NaN,0.08133,0.945,3,4,4,4,3,2,0,0,0,0,0,0,0,0,0,0,0,0,0,0,3,3,32
13071.317204,1.124e-27,0.0598,0.075,0,0.75,-0.026143,NaN,NaN,NaN,NaN,NaN,NaN,NaN,NaN,NaN,NaN,NaN,NaN,NaN,NaN,0.08133,0.945,3,4,4,4,3,2,0,0,0,0,0,0,0,0,0,0,0,0,0,0,3,3,32
13071.368513,4.332e-27,0.0598,0.075,0,0.75,-0.026143,NaN,NaN,NaN,NaN,NaN,NaN,NaN,NaN,NaN,NaN,NaN,NaN,NaN,NaN,0.08133,0.945,3,4,4,4,3,2,0,0,0,0,0,0,0,0,0,0,0,0,0,0,3,3,32
13071.415372,1.006e-27,0.0598,0.075,0,0.75,-0.026143,NaN,NaN,NaN,NaN,NaN,NaN,NaN,NaN,NaN,NaN,NaN,NaN,NaN,NaN,0.08133,0.945,3,4,4,4,3,2,0,0,0,0,0,0,0,0,0,0,0,0,0,0,3,3,32
13071.444456,9.85e-28,0.0598,0.075,0,0.75,-0.026143,NaN,NaN,NaN,NaN,NaN,NaN,NaN,NaN,NaN,NaN,NaN,NaN,NaN,NaN,0.08133,0.945,3,4,4,4,3,2,0,0,0,0,0,0,0,0,0,0,0,0,0,0,3,3,32
13071.575258,1.403e-27,0.0598,0.075,0,0.75,-0.026143,NaN,NaN,NaN,NaN,NaN,NaN,NaN,NaN,NaN,NaN,NaN,NaN,NaN,NaN,0.08133,0.945,3,4,4,4,3,2,0,0,0,0,0,0,0,0,0,0,0,0,0,0,3,3,32
13071.642748,1.903e-27,0.0598,0.075,0,0.75,-0.026143,NaN,NaN,NaN,NaN,NaN,NaN,NaN,NaN,NaN,NaN,NaN,NaN,NaN,NaN,0.08133,0.945,3,4,4,4,3,2,0,0,0,0,0,0,0,0,0,0,0,0,0,0,3,3,32
13071.709986,4.173e-27,0.0598,0.075,0,0.75,-0.026143,NaN,NaN,NaN,NaN,NaN,NaN,NaN,NaN,NaN,NaN,NaN,NaN,NaN,NaN,0.08133,0.945,3,4,4,4,3,2,0,0,0,0,0,0,0,0,0,0,0,0,0,0,3,3,32
13071.769019,6.599e-28,0.0598,0.075,0,0.75,-0.026144,NaN,NaN,NaN,NaN,NaN,NaN,NaN,NaN,NaN,NaN,NaN,NaN,NaN,NaN,0.08133,0.945,3,4,4,4,3,2,0,0,0,0,0,0,0,0,0,0,0,0,0,0,3,3,32
13071.911896,3.148e-27,0.0598,0.075,0,0.75,-0.026144,NaN,NaN,NaN,NaN,NaN,NaN,NaN,NaN,NaN,NaN,NaN,NaN,NaN,NaN,0.08133,0.945,3,4,4,4,3,2,0,0,0,0,0,0,0,0,0,0,0,0,0,0,3,3,32
13071.994296,6.639e-28,0.0598,0.075,0,0.75,-0.026144,NaN,NaN,NaN,NaN,NaN,NaN,NaN,NaN,NaN,NaN,NaN,NaN,NaN,NaN,0.08133,0.945,3,4,4,4,3,2,0,0,0,0,0,0,0,0,0,0,0,0,0,0,3,3,32
13072.126939,4.56e-27,0.0598,0.075,0,0.75,-0.026144,NaN,NaN,NaN,NaN,NaN,NaN,NaN,NaN,NaN,NaN,NaN,NaN,NaN,NaN,0.08133,0.945,3,4,4,4,3,2,0,0,0,0,0,0,0,0,0,0,0,0,0,0,3,3,32
13072.177872,1.65e-27,0.0598,0.075,0,0.75,-0.026144,NaN,NaN,NaN,NaN,NaN,NaN,NaN,NaN,NaN,NaN,NaN,NaN,NaN,NaN,0.08133,0.945,3,4,4,4,3,2,0,0,0,0,0,0,0,0,0,0,0,0,0,0,3,3,32
13072.236164,1.577e-27,0.0598,0.075,0,0.75,-0.026144,NaN,NaN,NaN,NaN,NaN,NaN,NaN,NaN,NaN,NaN,NaN,NaN,NaN,NaN,0.08133,0.945,3,4,4,4,3,2,0,0,0,0,0,0,0,0,0,0,0,0,0,0,3,3,32
13072.368035,1.242e-27,0.0598,0.075,0,0.75,-0.026145,NaN,NaN,NaN,NaN,NaN,NaN,NaN,NaN,NaN,NaN,NaN,NaN,NaN,NaN,0.08133,0.945,3,4,4,4,3,2,0,0,0,0,0,0,0,0,0,0,0,0,0,0,3,3,32
13072.484472,6.037e-28,0.0598,0.075,0,0.75,-0.026145,NaN,NaN,NaN,NaN,NaN,NaN,NaN,NaN,NaN,NaN,NaN,NaN,NaN,NaN,0.08133,0.945,3,4,4,4,3,2,0,0,0,0,0,0,0,0,0,0,0,0,0,0,3,3,32
13072.596429,1.343e-27,0.0598,0.075,0,0.75,-0.026145,NaN,NaN,NaN,NaN,NaN,NaN,NaN,NaN,NaN,NaN,NaN,NaN,NaN,NaN,0.08133,0.945,3,4,4,4,3,2,0,0,0,0,0,0,0,0,0,0,0,0,0,0,3,3,32
13072.727268,1.243e-27,0.0598,0.075,0,0.75,-0.026145,NaN,NaN,NaN,NaN,NaN,NaN,NaN,NaN,NaN,NaN,NaN,NaN,NaN,NaN,0.08133,0.945,3,4,4,4,3,2,0,0,0,0,0,0,0,0,0,0,0,0,0,0,3,3,32
13072.83625,6.269e-28,0.0598,0.075,0,0.75,-0.026146,NaN,NaN,NaN,NaN,NaN,NaN,NaN,NaN,NaN,NaN,NaN,NaN,NaN,NaN,0.08133,0.945,3,4,4,4,3,2,0,0,0,0,0,0,0,0,0,0,0,0,0,0,3,3,32
13072.942685,1.857e-27,0.0598,0.075,0,0.75,-0.026146,NaN,NaN,NaN,NaN,NaN,NaN,NaN,NaN,NaN,NaN,NaN,NaN,NaN,NaN,0.08133,0.945,3,4,4,4,3,2,0,0,0,0,0,0,0,0,0,0,0,0,0,0,3,3,32
13073.077553,7.724e-28,0.0598,0.075,0,0.75,-0.026146,NaN,NaN,NaN,NaN,NaN,NaN,NaN,NaN,NaN,NaN,NaN,NaN,NaN,NaN,0.08133,0.945,3,4,4,4,3,2,0,0,0,0,0,0,0,0,0,0,0,0,0,0,3,3,32
13073.161657,4.716e-27,0.0598,0.075,0,0.75,-0.026146,NaN,NaN,NaN,NaN,NaN,NaN,NaN,NaN,NaN,NaN,NaN,NaN,NaN,NaN,0.08133,0.945,3,4,4,4,3,2,0,0,0,0,0,0,0,0,0,0,0,0,0,0,3,3,32
13073.251395,2.021e-27,0.0598,0.075,0,0.75,-0.026147,NaN,NaN,NaN,NaN,NaN,NaN,NaN,NaN,NaN,NaN,NaN,NaN,NaN,NaN,0.08133,0.945,3,4,4,4,3,2,0,0,0,0,0,0,0,0,0,0,0,0,0,0,3,3,32
13073.426956,2.148e-27,0.0598,0.075,0,0.75,-0.026147,NaN,NaN,NaN,NaN,NaN,NaN,NaN,NaN,NaN,NaN,NaN,NaN,NaN,NaN,0.08133,0.945,3,4,4,4,3,2,0,0,0,0,0,0,0,0,0,0,0,0,0,0,3,3,32
13073.496682,2.039e-27,0.0598,0.075,0,0.75,-0.026147,NaN,NaN,NaN,NaN,NaN,NaN,NaN,NaN,NaN,NaN,NaN,NaN,NaN,NaN,0.08133,0.945,3,4,4,4,3,2,0,0,0,0,0,0,0,0,0,0,0,0,0,0,3,3,32
13073.590409,3.362e-27,0.0598,0.075,0,0.75,-0.026147,NaN,NaN,NaN,NaN,NaN,NaN,NaN,NaN,NaN,NaN,NaN,NaN,NaN,NaN,0.08133,0.945,3,4,4,4,3,2,0,0,0,0,0,0,0,0,0,0,0,0,0,0,3,3,32
13073.699517,4.021e-27,0.0598,0.075,0,0.75,-0.026147,NaN,NaN,NaN,NaN,NaN,NaN,NaN,NaN,NaN,NaN,NaN,NaN,NaN,NaN,0.08133,0.945,3,4,4,4,3,2,0,0,0,0,0,0,0,0,0,0,0,0,0,0,3,3,32
13073.947237,6.273e-28,0.0598,0.075,0,0.75,-0.026148,NaN,NaN,NaN,NaN,NaN,NaN,NaN,NaN,NaN,NaN,NaN,NaN,NaN,NaN,0.08133,0.945,3,4,4,4,3,2,0,0,0,0,0,0,0,0,0,0,0,0,0,0,3,3,32
13074.038585,3.548e-27,0.0598,0.075,0,0.75,-0.026148,NaN,NaN,NaN,NaN,NaN,NaN,NaN,NaN,NaN,NaN,NaN,NaN,NaN,NaN,0.08133,0.945,3,4,4,4,3,2,0,0,0,0,0,0,0,0,0,0,0,0,0,0,3,3,32
13074.160016,2.762e-27,0.0598,0.075,0,0.75,-0.026148,NaN,NaN,NaN,NaN,NaN,NaN,NaN,NaN,NaN,NaN,NaN,NaN,NaN,NaN,0.08133,0.945,3,4,4,4,3,2,0,0,0,0,0,0,0,0,0,0,0,0,0,0,3,3,32
13074.238965,2.836e-27,0.0598,0.075,0,0.75,-0.026148,NaN,NaN,NaN,NaN,NaN,NaN,NaN,NaN,NaN,NaN,NaN,NaN,NaN,NaN,0.08133,0.945,3,4,4,4,3,2,0,0,0,0,0,0,0,0,0,0,0,0,0,0,3,3,32
13074.351946,2.641e-27,0.0598,0.075,0,0.75,-0.026149,NaN,NaN,NaN,NaN,NaN,NaN,NaN,NaN,NaN,NaN,NaN,NaN,NaN,NaN,0.08133,0.945,3,4,4,4,3,2,0,0,0,0,0,0,0,0,0,0,0,0,0,0,3,3,32
13074.491638,2.114e-27,0.0598,0.075,0,0.75,-0.026149,NaN,NaN,NaN,NaN,NaN,NaN,NaN,NaN,NaN,NaN,NaN,NaN,NaN,NaN,0.08133,0.945,3,4,4,4,3,2,0,0,0,0,0,0,0,0,0,0,0,0,0,0,3,3,32
13074.626363,7.633e-28,0.0598,0.075,0,0.75,-0.026149,NaN,NaN,NaN,NaN,NaN,NaN,NaN,NaN,NaN,NaN,NaN,NaN,NaN,NaN,0.08133,0.945,3,4,4,4,3,2,0,0,0,0,0,0,0,0,0,0,0,0,0,0,3,3,32
13074.731665,2.722e-27,0.0598,0.075,0,0.75,-0.026149,NaN,NaN,NaN,NaN,NaN,NaN,NaN,NaN,NaN,NaN,NaN,NaN,NaN,NaN,0.08133,0.945,3,4,4,4,3,2,0,0,0,0,0,0,0,0,0,0,0,0,0,0,3,3,32
13074.857537,2.043e-27,0.0598,0.075,0,0.75,-0.02615,NaN,NaN,NaN,NaN,NaN,NaN,NaN,NaN,NaN,NaN,NaN,NaN,NaN,NaN,0.08133,0.945,3,4,4,4,3,2,0,0,0,0,0,0,0,0,0,0,0,0,0,0,3,3,32
13074.985037,3.975e-27,0.0598,0.075,0,0.75,-0.02615,NaN,NaN,NaN,NaN,NaN,NaN,NaN,NaN,NaN,NaN,NaN,NaN,NaN,NaN,0.08133,0.945,3,4,4,4,3,2,0,0,0,0,0,0,0,0,0,0,0,0,0,0,3,3,32
13075.0626,2.576e-27,0.0598,0.075,0,0.75,-0.02615,NaN,NaN,NaN,NaN,NaN,NaN,NaN,NaN,NaN,NaN,NaN,NaN,NaN,NaN,0.08133,0.945,3,4,4,4,3,2,0,0,0,0,0,0,0,0,0,0,0,0,0,0,3,3,32
13075.240435,8.684e-28,0.0598,0.075,0,0.75,-0.02615,NaN,NaN,NaN,NaN,NaN,NaN,NaN,NaN,NaN,NaN,NaN,NaN,NaN,NaN,0.08133,0.945,3,4,4,4,3,2,0,0,0,0,0,0,0,0,0,0,0,0,0,0,3,3,32
13075.298772,1.763e-27,0.0598,0.075,0,0.75,-0.026151,NaN,NaN,NaN,NaN,NaN,NaN,NaN,NaN,NaN,NaN,NaN,NaN,NaN,NaN,0.08133,0.945,3,4,4,4,3,2,0,0,0,0,0,0,0,0,0,0,0,0,0,0,3,3,32
13075.371746,6.502e-28,0.0598,0.075,0,0.75,-0.026151,NaN,NaN,NaN,NaN,NaN,NaN,NaN,NaN,NaN,NaN,NaN,NaN,NaN,NaN,0.08133,0.945,3,4,4,4,3,2,0,0,0,0,0,0,0,0,0,0,0,0,0,0,3,3,32
13075.458195,2.254e-27,0.0598,0.075,0,0.75,-0.026151,NaN,NaN,NaN,NaN,NaN,NaN,NaN,NaN,NaN,NaN,NaN,NaN,NaN,NaN,0.08133,0.945,3,4,4,4,3,2,0,0,0,0,0,0,0,0,0,0,0,0,0,0,3,3,32
13075.503619,2.855e-27,0.0598,0.075,0,0.75,-0.026151,NaN,NaN,NaN,NaN,NaN,NaN,NaN,NaN,NaN,NaN,NaN,NaN,NaN,NaN,0.08133,0.945,3,4,4,4,3,2,0,0,0,0,0,0,0,0,0,0,0,0,0,0,3,3,32
13075.640642,1.65e-27,0.0598,0.075,0,0.75,-0.026151,NaN,NaN,NaN,NaN,NaN,NaN,NaN,NaN,NaN,NaN,NaN,NaN,NaN,NaN,0.08133,0.945,3,4,4,4,3,2,0,0,0,0,0,0,0,0,0,0,0,0,0,0,3,3,32
13075.69133,1.401e-27,0.0598,0.075,0,0.75,-0.026151,NaN,NaN,NaN,NaN,NaN,NaN,NaN,NaN,NaN,NaN,NaN,NaN,NaN,NaN,0.08133,0.945,3,4,4,4,3,2,0,0,0,0,0,0,0,0,0,0,0,0,0,0,3,3,32
13075.795595,1.128e-27,0.0598,0.075,0,0.75,-0.026152,NaN,NaN,NaN,NaN,NaN,NaN,NaN,NaN,NaN,NaN,NaN,NaN,NaN,NaN,0.08133,0.945,3,4,4,4,3,2,0,0,0,0,0,0,0,0,0,0,0,0,0,0,3,3,32
13075.90015,1.359e-27,0.0598,0.075,0,0.75,-0.026152,NaN,NaN,NaN,NaN,NaN,NaN,NaN,NaN,NaN,NaN,NaN,NaN,NaN,NaN,0.08133,0.945,3,4,4,4,3,2,0,0,0,0,0,0,0,0,0,0,0,0,0,0,3,3,32
13076.072209,3.463e-27,0.0598,0.075,0,0.75,-0.026152,NaN,NaN,NaN,NaN,NaN,NaN,NaN,NaN,NaN,NaN,NaN,NaN,NaN,NaN,0.08133,0.945,3,4,4,4,3,2,0,0,0,0,0,0,0,0,0,0,0,0,0,0,3,3,32
13076.16775,8.288e-27,0.0598,0.075,0,0.75,-0.026152,NaN,NaN,NaN,NaN,NaN,NaN,NaN,NaN,NaN,NaN,NaN,NaN,NaN,NaN,0.08133,0.945,3,5,4,4,3,2,0,0,0,0,0,0,0,0,0,0,0,0,0,0,3,3,32
13076.270458,2.571e-27,0.0598,0.075,0,0.75,-0.026153,NaN,NaN,NaN,NaN,NaN,NaN,NaN,NaN,NaN,NaN,NaN,NaN,NaN,NaN,0.08133,0.945,3,4,4,4,3,2,0,0,0,0,0,0,0,0,0,0,0,0,0,0,3,3,32
13076.455179,2.236e-27,0.0598,0.075,0,0.75,-0.026153,NaN,NaN,NaN,NaN,NaN,NaN,NaN,NaN,NaN,NaN,NaN,NaN,NaN,NaN,0.08133,0.945,3,4,4,4,3,2,0,0,0,0,0,0,0,0,0,0,0,0,0,0,3,3,32
13076.576779,1.356e-27,0.0598,0.075,0,0.75,-0.026153,NaN,NaN,NaN,NaN,NaN,NaN,NaN,NaN,NaN,NaN,NaN,NaN,NaN,NaN,0.08133,0.945,3,4,4,4,3,2,0,0,0,0,0,0,0,0,0,0,0,0,0,0,3,3,32
13076.646089,1.887e-27,0.0598,0.075,0,0.75,-0.026153,NaN,NaN,NaN,NaN,NaN,NaN,NaN,NaN,NaN,NaN,NaN,NaN,NaN,NaN,0.08133,0.945,3,4,4,4,3,2,0,0,0,0,0,0,0,0,0,0,0,0,0,0,3,3,32
13076.679106,7.173e-27,0.0598,0.075,0,0.75,-0.026153,NaN,NaN,NaN,NaN,NaN,NaN,NaN,NaN,NaN,NaN,NaN,NaN,NaN,NaN,0.08133,0.945,3,5,4,4,3,2,0,0,0,0,0,0,0,0,0,0,0,0,0,0,3,3,32
13076.897914,8.338e-28,0.0598,0.075,0,0.75,-0.026154,NaN,NaN,NaN,NaN,NaN,NaN,NaN,NaN,NaN,NaN,NaN,NaN,NaN,NaN,0.08133,0.945,3,4,4,4,3,2,0,0,0,0,0,0,0,0,0,0,0,0,0,0,3,3,32
13077.101981,2.949e-27,0.0598,0.075,0,0.75,-0.026154,NaN,NaN,NaN,NaN,NaN,NaN,NaN,NaN,NaN,NaN,NaN,NaN,NaN,NaN,0.08133,0.945,3,4,4,4,3,2,0,0,0,0,0,0,0,0,0,0,0,0,0,0,3,3,32
13077.152835,1.675e-27,0.0598,0.075,0,0.75,-0.026154,NaN,NaN,NaN,NaN,NaN,NaN,NaN,NaN,NaN,NaN,NaN,NaN,NaN,NaN,0.08133,0.945,3,4,4,4,3,2,0,0,0,0,0,0,0,0,0,0,0,0,0,0,3,3,32
13077.220689,5.827e-27,0.0598,0.075,0,0.75,-0.026154,NaN,NaN,NaN,NaN,NaN,NaN,NaN,NaN,NaN,NaN,NaN,NaN,NaN,NaN,0.08133,0.945,3,5,4,4,3,2,0,0,0,0,0,0,0,0,0,0,0,0,0,0,3,3,32
13077.313271,2.249e-27,0.0598,0.075,0,0.75,-0.026155,NaN,NaN,NaN,NaN,NaN,NaN,NaN,NaN,NaN,NaN,NaN,NaN,NaN,NaN,0.08133,0.945,3,4,4,4,3,2,0,0,0,0,0,0,0,0,0,0,0,0,0,0,3,3,32
13077.459266,2.811e-27,0.0598,0.075,0,0.75,-0.026155,NaN,NaN,NaN,NaN,NaN,NaN,NaN,NaN,NaN,NaN,NaN,NaN,NaN,NaN,0.08133,0.945,3,4,4,4,3,2,0,0,0,0,0,0,0,0,0,0,0,0,0,0,3,3,32
13077.539835,2.337e-27,0.0598,0.075,0,0.75,-0.026155,NaN,NaN,NaN,NaN,NaN,NaN,NaN,NaN,NaN,NaN,NaN,NaN,NaN,NaN,0.08133,0.945,3,4,4,4,3,2,0,0,0,0,0,0,0,0,0,0,0,0,0,0,3,3,32
13077.668879,1.049e-27,0.0598,0.075,0,0.75,-0.026155,NaN,NaN,NaN,NaN,NaN,NaN,NaN,NaN,NaN,NaN,NaN,NaN,NaN,NaN,0.08133,0.945,3,4,4,4,3,2,0,0,0,0,0,0,0,0,0,0,0,0,0,0,3,3,32
13077.729116,3.629e-27,0.0598,0.075,0,0.75,-0.026155,NaN,NaN,NaN,NaN,NaN,NaN,NaN,NaN,NaN,NaN,NaN,NaN,NaN,NaN,0.08133,0.945,3,4,4,4,3,2,0,0,0,0,0,0,0,0,0,0,0,0,0,0,3,3,32
13077.793203,2.35e-27,0.0598,0.075,0,0.75,-0.026156,NaN,NaN,NaN,NaN,NaN,NaN,NaN,NaN,NaN,NaN,NaN,NaN,NaN,NaN,0.08133,0.945,3,4,4,4,3,2,0,0,0,0,0,0,0,0,0,0,0,0,0,0,3,3,32
13077.957852,1.875e-27,0.0598,0.075,0,0.75,-0.026156,NaN,NaN,NaN,NaN,NaN,NaN,NaN,NaN,NaN,NaN,NaN,NaN,NaN,NaN,0.08133,0.945,3,4,4,4,3,2,0,0,0,0,0,0,0,0,0,0,0,0,0,0,3,3,32
13078.009359,2.491e-27,0.0598,0.075,0,0.75,-0.026156,NaN,NaN,NaN,NaN,NaN,NaN,NaN,NaN,NaN,NaN,NaN,NaN,NaN,NaN,0.08133,0.945,3,4,4,4,3,2,0,0,0,0,0,0,0,0,0,0,0,0,0,0,3,3,32
13078.118518,5.761e-28,0.0598,0.075,0,0.75,-0.026156,NaN,NaN,NaN,NaN,NaN,NaN,NaN,NaN,NaN,NaN,NaN,NaN,NaN,NaN,0.08133,0.945,3,4,4,4,3,2,0,0,0,0,0,0,0,0,0,0,0,0,0,0,3,3,32
13078.223117,5.1e-27,0.0598,0.075,0,0.75,-0.026156,NaN,NaN,NaN,NaN,NaN,NaN,NaN,NaN,NaN,NaN,NaN,NaN,NaN,NaN,0.08133,0.945,3,5,4,4,3,2,0,0,0,0,0,0,0,0,0,0,0,0,0,0,3,3,32
13078.449093,3.768e-27,0.0598,0.075,0,0.75,-0.026157,NaN,NaN,NaN,NaN,NaN,NaN,NaN,NaN,NaN,NaN,NaN,NaN,NaN,NaN,0.08133,0.945,3,4,4,4,3,2,0,0,0,0,0,0,0,0,0,0,0,0,0,0,3,3,32
13078.567517,1.077e-27,0.0598,0.075,0,0.75,-0.026157,NaN,NaN,NaN,NaN,NaN,NaN,NaN,NaN,NaN,NaN,NaN,NaN,NaN,NaN,0.08133,0.945,3,4,4,4,3,2,0,0,0,0,0,0,0,0,0,0,0,0,0,0,3,3,32
13078.638297,1.668e-27,0.0598,0.075,0,0.75,-0.026157,NaN,NaN,NaN,NaN,NaN,NaN,NaN,NaN,NaN,NaN,NaN,NaN,NaN,NaN,0.08133,0.945,3,4,4,4,3,2,0,0,0,0,0,0,0,0,0,0,0,0,0,0,3,3,32
13078.691293,2.415e-27,0.0598,0.075,0,0.75,-0.026157,NaN,NaN,NaN,NaN,NaN,NaN,NaN,NaN,NaN,NaN,NaN,NaN,NaN,NaN,0.08133,0.945,3,4,4,4,3,2,0,0,0,0,0,0,0,0,0,0,0,0,0,0,3,3,32
13078.749494,9.717e-28,0.0598,0.075,0,0.75,-0.026157,NaN,NaN,NaN,NaN,NaN,NaN,NaN,NaN,NaN,NaN,NaN,NaN,NaN,NaN,0.08133,0.945,3,4,4,4,3,2,0,0,0,0,0,0,0,0,0,0,0,0,0,0,3,3,32
13078.893473,4.007e-27,0.0598,0.075,0,0.75,-0.026158,NaN,NaN,NaN,NaN,NaN,NaN,NaN,NaN,NaN,NaN,NaN,NaN,NaN,NaN,0.08133,0.945,3,4,4,4,3,2,0,0,0,0,0,0,0,0,0,0,0,0,0,0,3,3,32
13079.01401,4.475e-27,0.0598,0.075,0,0.75,-0.026158,NaN,NaN,NaN,NaN,NaN,NaN,NaN,NaN,NaN,NaN,NaN,NaN,NaN,NaN,0.08133,0.945,3,4,4,4,3,2,0,0,0,0,0,0,0,0,0,0,0,0,0,0,3,3,32
13079.098099,5.856e-27,0.0598,0.075,0,0.75,-0.026158,NaN,NaN,NaN,NaN,NaN,NaN,NaN,NaN,NaN,NaN,NaN,NaN,NaN,NaN,0.08133,0.945,3,5,4,4,3,2,0,0,0,0,0,0,0,0,0,0,0,0,0,0,3,3,32
13079.171526,1.413e-27,0.0598,0.075,0,0.75,-0.026158,NaN,NaN,NaN,NaN,NaN,NaN,NaN,NaN,NaN,NaN,NaN,NaN,NaN,NaN,0.08133,0.945,3,4,4,4,3,2,0,0,0,0,0,0,0,0,0,0,0,0,0,0,3,3,32
13079.334443,4.933e-28,0.0598,0.075,0,0.75,-0.026159,NaN,NaN,NaN,NaN,NaN,NaN,NaN,NaN,NaN,NaN,NaN,NaN,NaN,NaN,0.08133,0.945,3,4,4,4,3,2,0,0,0,0,0,0,0,0,0,0,0,0,0,0,3,3,32
13079.380169,1.139e-27,0.0598,0.075,0,0.75,-0.026159,NaN,NaN,NaN,NaN,NaN,NaN,NaN,NaN,NaN,NaN,NaN,NaN,NaN,NaN,0.08133,0.945,3,4,4,4,3,2,0,0,0,0,0,0,0,0,0,0,0,0,0,0,3,3,32
13079.530495,2.563e-27,0.0598,0.075,0,0.75,-0.026159,NaN,NaN,NaN,NaN,NaN,NaN,NaN,NaN,NaN,NaN,NaN,NaN,NaN,NaN,0.08133,0.945,3,4,4,4,3,2,0,0,0,0,0,0,0,0,0,0,0,0,0,0,3,3,32
13079.705996,1.33e-27,0.0598,0.075,0,0.75,-0.026159,NaN,NaN,NaN,NaN,NaN,NaN,NaN,NaN,NaN,NaN,NaN,NaN,NaN,NaN,0.08133,0.945,3,4,4,4,3,2,0,0,0,0,0,0,0,0,0,0,0,0,0,0,3,3,32
13079.823961,4.678e-27,0.0598,0.075,0,0.75,-0.02616,NaN,NaN,NaN,NaN,NaN,NaN,NaN,NaN,NaN,NaN,NaN,NaN,NaN,NaN,0.08133,0.945,3,4,4,4,3,2,0,0,0,0,0,0,0,0,0,0,0,0,0,0,3,3,32
13080.039375,2.605e-27,0.0598,0.075,0,0.75,-0.02616,NaN,NaN,NaN,NaN,NaN,NaN,NaN,NaN,NaN,NaN,NaN,NaN,NaN,NaN,0.08133,0.945,3,4,4,4,3,2,0,0,0,0,0,0,0,0,0,0,0,0,0,0,3,3,32
13080.096561,1.543e-27,0.0598,0.075,0,0.75,-0.02616,NaN,NaN,NaN,NaN,NaN,NaN,NaN,NaN,NaN,NaN,NaN,NaN,NaN,NaN,0.08133,0.945,3,4,4,4,3,2,0,0,0,0,0,0,0,0,0,0,0,0,0,0,3,3,32
13080.211939,4.633e-27,0.0598,0.075,0,0.75,-0.02616,NaN,NaN,NaN,NaN,NaN,NaN,NaN,NaN,NaN,NaN,NaN,NaN,NaN,NaN,0.08133,0.945,3,4,4,4,3,2,0,0,0,0,0,0,0,0,0,0,0,0,0,0,3,3,32
13080.326158,3.311e-27,0.0598,0.075,0,0.75,-0.026161,NaN,NaN,NaN,NaN,NaN,NaN,NaN,NaN,NaN,NaN,NaN,NaN,NaN,NaN,0.08133,0.945,3,4,4,4,3,2,0,0,0,0,0,0,0,0,0,0,0,0,0,0,3,3,32
13080.402567,5.234e-27,0.0598,0.075,0,0.75,-0.026161,NaN,NaN,NaN,NaN,NaN,NaN,NaN,NaN,NaN,NaN,NaN,NaN,NaN,NaN,0.08133,0.945,3,5,4,4,3,2,0,0,0,0,0,0,0,0,0,0,0,0,0,0,3,3,32
13080.500662,2.1e-27,0.0598,0.075,0,0.75,-0.026161,NaN,NaN,NaN,NaN,NaN,NaN,NaN,NaN,NaN,NaN,NaN,NaN,NaN,NaN,0.08133,0.945,3,4,4,4,3,2,0,0,0,0,0,0,0,0,0,0,0,0,0,0,3,3,32
13080.696916,3.68e-27,0.0598,0.075,0,0.75,-0.026161,NaN,NaN,NaN,NaN,NaN,NaN,NaN,NaN,NaN,NaN,NaN,NaN,NaN,NaN,0.08133,0.945,3,4,4,4,3,2,0,0,0,0,0,0,0,0,0,0,0,0,0,0,3,3,32
13080.752303,6.736e-28,0.0598,0.075,0,0.75,-0.026162,NaN,NaN,NaN,NaN,NaN,NaN,NaN,NaN,NaN,NaN,NaN,NaN,NaN,NaN,0.08133,0.945,3,4,4,4,3,2,0,0,0,0,0,0,0,0,0,0,0,0,0,0,3,3,32
13080.864032,5.479e-27,0.0598,0.075,0,0.75,-0.026162,NaN,NaN,NaN,NaN,NaN,NaN,NaN,NaN,NaN,NaN,NaN,NaN,NaN,NaN,0.08133,0.945,3,5,4,4,3,2,0,0,0,0,0,0,0,0,0,0,0,0,0,0,3,3,32
13080.983425,1.984e-27,0.0598,0.075,0,0.75,-0.026162,NaN,NaN,NaN,NaN,NaN,NaN,NaN,NaN,NaN,NaN,NaN,NaN,NaN,NaN,0.08133,0.945,3,4,4,4,3,2,0,0,0,0,0,0,0,0,0,0,0,0,0,0,3,3,32
13081.067245,2.483e-27,0.0598,0.075,0,0.75,-0.026162,NaN,NaN,NaN,NaN,NaN,NaN,NaN,NaN,NaN,NaN,NaN,NaN,NaN,NaN,0.08133,0.945,3,4,4,4,3,2,0,0,0,0,0,0,0,0,0,0,0,0,0,0,3,3,32
13081.159605,4.192e-27,0.0598,0.075,0,0.75,-0.026162,NaN,NaN,NaN,NaN,NaN,NaN,NaN,NaN,NaN,NaN,NaN,NaN,NaN,NaN,0.08133,0.945,3,4,4,4,3,2,0,0,0,0,0,0,0,0,0,0,0,0,0,0,3,3,32
13081.316767,1.583e-27,0.0598,0.075,0,0.75,-0.026163,NaN,NaN,NaN,NaN,NaN,NaN,NaN,NaN,NaN,NaN,NaN,NaN,NaN,NaN,0.08133,0.945,3,4,4,4,3,2,0,0,0,0,0,0,0,0,0,0,0,0,0,0,3,3,32
13081.488778,2.261e-27,0.0598,0.075,0,0.75,-0.026163,NaN,NaN,NaN,NaN,NaN,NaN,NaN,NaN,NaN,NaN,NaN,NaN,NaN,NaN,0.08133,0.945,3,4,4,4,3,2,0,0,0,0,0,0,0,0,0,0,0,0,0,0,3,3,32
13081.546192,1.392e-27,0.0598,0.075,0,0.75,-0.026163,NaN,NaN,NaN,NaN,NaN,NaN,NaN,NaN,NaN,NaN,NaN,NaN,NaN,NaN,0.08133,0.945,3,4,4,4,3,2,0,0,0,0,0,0,0,0,0,0,0,0,0,0,3,3,32
13081.616753,5.804e-28,0.0598,0.075,0,0.75,-0.026163,NaN,NaN,NaN,NaN,NaN,NaN,NaN,NaN,NaN,NaN,NaN,NaN,NaN,NaN,0.08133,0.945,3,4,4,4,3,2,0,0,0,0,0,0,0,0,0,0,0,0,0,0,3,3,32
13081.711361,1.03e-27,0.0598,0.075,0,0.75,-0.026163,NaN,NaN,NaN,NaN,NaN,NaN,NaN,NaN,NaN,NaN,NaN,NaN,NaN,NaN,0.08133,0.945,3,4,4,4,3,2,0,0,0,0,0,0,0,0,0,0,0,0,0,0,3,3,32
13081.859972,6.356e-28,0.0598,0.075,0,0.75,-0.026164,NaN,NaN,NaN,NaN,NaN,NaN,NaN,NaN,NaN,NaN,NaN,NaN,NaN,NaN,0.08133,0.945,3,4,4,4,3,2,0,0,0,0,0,0,0,0,0,0,0,0,0,0,3,3,32
13081.942478,7.521e-27,0.0598,0.075,0,0.75,-0.026164,NaN,NaN,NaN,NaN,NaN,NaN,NaN,NaN,NaN,NaN,NaN,NaN,NaN,NaN,0.08133,0.945,3,5,4,4,3,2,0,0,0,0,0,0,0,0,0,0,0,0,0,0,3,3,32
13082.027273,1.279e-27,0.0598,0.075,0,0.75,-0.026164,NaN,NaN,NaN,NaN,NaN,NaN,NaN,NaN,NaN,NaN,NaN,NaN,NaN,NaN,0.08133,0.945,3,4,4,4,3,2,0,0,0,0,0,0,0,0,0,0,0,0,0,0,3,3,32
13082.105558,8.316e-28,0.0598,0.075,0,0.75,-0.026164,NaN,NaN,NaN,NaN,NaN,NaN,NaN,NaN,NaN,NaN,NaN,NaN,NaN,NaN,0.08133,0.945,3,4,4,4,3,2,0,0,0,0,0,0,0,0,0,0,0,0,0,0,3,3,32
13082.225219,1.003e-27,0.0598,0.075,0,0.75,-0.026164,NaN,NaN,NaN,NaN,NaN,NaN,NaN,NaN,NaN,NaN,NaN,NaN,NaN,NaN,0.08133,0.945,3,4,4,4,3,2,0,0,0,0,0,0,0,0,0,0,0,0,0,0,3,3,32
13082.294376,1.67e-27,0.0598,0.075,0,0.75,-0.026165,NaN,NaN,NaN,NaN,NaN,NaN,NaN,NaN,NaN,NaN,NaN,NaN,NaN,NaN,0.08133,0.945,3,4,4,4,3,2,0,0,0,0,0,0,0,0,0,0,0,0,0,0,3,3,32
13082.328959,1.414e-27,0.0598,0.075,0,0.75,-0.026165,NaN,NaN,NaN,NaN,NaN,NaN,NaN,NaN,NaN,NaN,NaN,NaN,NaN,NaN,0.08133,0.945,3,4,4,4,3,2,0,0,0,0,0,0,0,0,0,0,0,0,0,0,3,3,32
13082.381617,1.992e-27,0.0598,0.075,0,0.75,-0.026165,NaN,NaN,NaN,NaN,NaN,NaN,NaN,NaN,NaN,NaN,NaN,NaN,NaN,NaN,0.08133,0.945,3,4,4,4,3,2,0,0,0,0,0,0,0,0,0,0,0,0,0,0,3,3,32
13082.434736,1.468e-27,0.0598,0.075,0,0.75,-0.026165,NaN,NaN,NaN,NaN,NaN,NaN,NaN,NaN,NaN,NaN,NaN,NaN,NaN,NaN,0.08133,0.945,3,4,4,4,3,2,0,0,0,0,0,0,0,0,0,0,0,0,0,0,3,3,32
13082.548221,2.654e-27,0.0598,0.075,0,0.75,-0.026165,NaN,NaN,NaN,NaN,NaN,NaN,NaN,NaN,NaN,NaN,NaN,NaN,NaN,NaN,0.08133,0.945,3,4,4,4,3,2,0,0,0,0,0,0,0,0,0,0,0,0,0,0,3,3,32
13082.614971,4.648e-28,0.0598,0.075,0,0.75,-0.026165,NaN,NaN,NaN,NaN,NaN,NaN,NaN,NaN,NaN,NaN,NaN,NaN,NaN,NaN,0.08133,0.945,3,4,4,4,3,2,0,0,0,0,0,0,0,0,0,0,0,0,0,0,3,3,32
13082.712849,4.977e-27,0.0598,0.075,0,0.75,-0.026165,NaN,NaN,NaN,NaN,NaN,NaN,NaN,NaN,NaN,NaN,NaN,NaN,NaN,NaN,0.08133,0.945,3,4,4,4,3,2,0,0,0,0,0,0,0,0,0,0,0,0,0,0,3,3,32
13082.788525,2.198e-27,0.0598,0.075,0,0.75,-0.026166,NaN,NaN,NaN,NaN,NaN,NaN,NaN,NaN,NaN,NaN,NaN,NaN,NaN,NaN,0.08133,0.945,3,4,4,4,3,2,0,0,0,0,0,0,0,0,0,0,0,0,0,0,3,3,32
13082.902904,2.65e-27,0.0598,0.075,0,0.75,-0.026166,NaN,NaN,NaN,NaN,NaN,NaN,NaN,NaN,NaN,NaN,NaN,NaN,NaN,NaN,0.08133,0.945,3,4,4,4,3,2,0,0,0,0,0,0,0,0,0,0,0,0,0,0,3,3,32
13082.968623,1.969e-27,0.0598,0.075,0,0.75,-0.026166,NaN,NaN,NaN,NaN,NaN,NaN,NaN,NaN,NaN,NaN,NaN,NaN,NaN,NaN,0.08133,0.945,3,4,4,4,3,2,0,0,0,0,0,0,0,0,0,0,0,0,0,0,3,3,32
13083.054279,3.33e-27,0.0598,0.075,0,0.75,-0.026166,NaN,NaN,NaN,NaN,NaN,NaN,NaN,NaN,NaN,NaN,NaN,NaN,NaN,NaN,0.08133,0.945,3,4,4,4,3,2,0,0,0,0,0,0,0,0,0,0,0,0,0,0,3,3,32
13083.128299,2.255e-27,0.0598,0.075,0,0.75,-0.026166,NaN,NaN,NaN,NaN,NaN,NaN,NaN,NaN,NaN,NaN,NaN,NaN,NaN,NaN,0.08133,0.945,3,4,4,4,3,2,0,0,0,0,0,0,0,0,0,0,0,0,0,0,3,3,32
13083.211464,6.71e-28,0.0598,0.075,0,0.75,-0.026166,NaN,NaN,NaN,NaN,NaN,NaN,NaN,NaN,NaN,NaN,NaN,NaN,NaN,NaN,0.08133,0.945,3,4,4,4,3,2,0,0,0,0,0,0,0,0,0,0,0,0,0,0,3,3,32
13083.277218,2.056e-27,0.0598,0.075,0,0.75,-0.026167,NaN,NaN,NaN,NaN,NaN,NaN,NaN,NaN,NaN,NaN,NaN,NaN,NaN,NaN,0.08133,0.945,3,4,4,4,3,2,0,0,0,0,0,0,0,0,0,0,0,0,0,0,3,3,32
13083.386496,3.514e-27,0.0598,0.075,0,0.75,-0.026167,NaN,NaN,NaN,NaN,NaN,NaN,NaN,NaN,NaN,NaN,NaN,NaN,NaN,NaN,0.08133,0.945,3,4,4,4,3,2,0,0,0,0,0,0,0,0,0,0,0,0,0,0,3,3,32
13083.468394,2.039e-27,0.0598,0.075,0,0.75,-0.026167,NaN,NaN,NaN,NaN,NaN,NaN,NaN,NaN,NaN,NaN,NaN,NaN,NaN,NaN,0.08133,0.945,3,4,4,4,3,2,0,0,0,0,0,0,0,0,0,0,0,0,0,0,3,3,32
13083.543827,3.74e-27,0.0598,0.075,0,0.75,-0.026167,NaN,NaN,NaN,NaN,NaN,NaN,NaN,NaN,NaN,NaN,NaN,NaN,NaN,NaN,0.08133,0.945,3,4,4,4,3,2,0,0,0,0,0,0,0,0,0,0,0,0,0,0,3,3,32
13083.653774,2.645e-27,0.0598,0.075,0,0.75,-0.026167,NaN,NaN,NaN,NaN,NaN,NaN,NaN,NaN,NaN,NaN,NaN,NaN,NaN,NaN,0.08133,0.945,3,4,4,4,3,2,0,0,0,0,0,0,0,0,0,0,0,0,0,0,3,3,32
13083.916968,5.368e-27,0.0598,0.075,0,0.75,-0.026168,NaN,NaN,NaN,NaN,NaN,NaN,NaN,NaN,NaN,NaN,NaN,NaN,NaN,NaN,0.08133,0.945,3,5,4,4,3,2,0,0,0,0,0,0,0,0,0,0,0,0,0,0,3,3,32
13083.986301,3.122e-27,0.0598,0.075,0,0.75,-0.026168,NaN,NaN,NaN,NaN,NaN,NaN,NaN,NaN,NaN,NaN,NaN,NaN,NaN,NaN,0.08133,0.945,3,4,4,4,3,2,0,0,0,0,0,0,0,0,0,0,0,0,0,0,3,3,32
13084.081743,2.686e-27,0.0598,0.075,0,0.75,-0.026168,NaN,NaN,NaN,NaN,NaN,NaN,NaN,NaN,NaN,NaN,NaN,NaN,NaN,NaN,0.08133,0.945,3,4,4,4,3,2,0,0,0,0,0,0,0,0,0,0,0,0,0,0,3,3,32
13084.262375,1.139e-27,0.0598,0.075,0,0.75,-0.026169,NaN,NaN,NaN,NaN,NaN,NaN,NaN,NaN,NaN,NaN,NaN,NaN,NaN,NaN,0.08133,0.945,3,4,4,4,3,2,0,0,0,0,0,0,0,0,0,0,0,0,0,0,3,3,32
13084.311187,1.272e-27,0.0598,0.075,0,0.75,-0.026169,NaN,NaN,NaN,NaN,NaN,NaN,NaN,NaN,NaN,NaN,NaN,NaN,NaN,NaN,0.08133,0.945,3,4,4,4,3,2,0,0,0,0,0,0,0,0,0,0,0,0,0,0,3,3,32
13084.426777,3.502e-27,0.0598,0.075,0,0.75,-0.026169,NaN,NaN,NaN,NaN,NaN,NaN,NaN,NaN,NaN,NaN,NaN,NaN,NaN,NaN,0.08133,0.945,3,4,4,4,3,2,0,0,0,0,0,0,0,0,0,0,0,0,0,0,3,3,32
13084.471542,1.187e-27,0.0598,0.075,0,0.75,-0.026169,NaN,NaN,NaN,NaN,NaN,NaN,NaN,NaN,NaN,NaN,NaN,NaN,NaN,NaN,0.08133,0.945,3,4,4,4,3,2,0,0,0,0,0,0,0,0,0,0,0,0,0,0,3,3,32
13084.616328,1.88e-27,0.0598,0.075,0,0.75,-0.026169,NaN,NaN,NaN,NaN,NaN,NaN,NaN,NaN,NaN,NaN,NaN,NaN,NaN,NaN,0.08133,0.945,3,4,4,4,3,2,0,0,0,0,0,0,0,0,0,0,0,0,0,0,3,3,32
13084.73112,1.157e-27,0.0598,0.075,0,0.75,-0.026169,NaN,NaN,NaN,NaN,NaN,NaN,NaN,NaN,NaN,NaN,NaN,NaN,NaN,NaN,0.08133,0.945,3,4,4,4,3,2,0,0,0,0,0,0,0,0,0,0,0,0,0,0,3,3,32
13084.777904,1.386e-27,0.0598,0.075,0,0.75,-0.02617,NaN,NaN,NaN,NaN,NaN,NaN,NaN,NaN,NaN,NaN,NaN,NaN,NaN,NaN,0.08133,0.945,3,4,4,4,3,2,0,0,0,0,0,0,0,0,0,0,0,0,0,0,3,3,32
13084.860257,2.053e-27,0.0598,0.075,0,0.75,-0.02617,NaN,NaN,NaN,NaN,NaN,NaN,NaN,NaN,NaN,NaN,NaN,NaN,NaN,NaN,0.08133,0.945,3,4,4,4,3,2,0,0,0,0,0,0,0,0,0,0,0,0,0,0,3,3,32
13084.944087,1.76e-27,0.0598,0.075,0,0.75,-0.02617,NaN,NaN,NaN,NaN,NaN,NaN,NaN,NaN,NaN,NaN,NaN,NaN,NaN,NaN,0.08133,0.945,3,4,4,4,3,2,0,0,0,0,0,0,0,0,0,0,0,0,0,0,3,3,32
13085.022768,1.014e-27,0.0598,0.075,0,0.75,-0.02617,NaN,NaN,NaN,NaN,NaN,NaN,NaN,NaN,NaN,NaN,NaN,NaN,NaN,NaN,0.08133,0.945,3,4,4,4,3,2,0,0,0,0,0,0,0,0,0,0,0,0,0,0,3,3,32
13085.105086,4.709e-27,0.0598,0.075,0,0.75,-0.02617,NaN,NaN,NaN,NaN,NaN,NaN,NaN,NaN,NaN,NaN,NaN,NaN,NaN,NaN,0.08133,0.945,3,4,4,4,3,2,0,0,0,0,0,0,0,0,0,0,0,0,0,0,3,3,32
13085.17232,6.709e-28,0.0598,0.075,0,0.75,-0.02617,NaN,NaN,NaN,NaN,NaN,NaN,NaN,NaN,NaN,NaN,NaN,NaN,NaN,NaN,0.08133,0.945,3,4,4,4,3,2,0,0,0,0,0,0,0,0,0,0,0,0,0,0,3,3,32
13085.346055,3.441e-27,0.0598,0.075,0,0.75,-0.026171,NaN,NaN,NaN,NaN,NaN,NaN,NaN,NaN,NaN,NaN,NaN,NaN,NaN,NaN,0.08133,0.945,3,4,4,4,3,2,0,0,0,0,0,0,0,0,0,0,0,0,0,0,3,3,32
13085.487221,2.285e-27,0.0598,0.075,0,0.75,-0.026171,NaN,NaN,NaN,NaN,NaN,NaN,NaN,NaN,NaN,NaN,NaN,NaN,NaN,NaN,0.08133,0.945,3,4,4,4,3,2,0,0,0,0,0,0,0,0,0,0,0,0,0,0,3,3,32
13085.570192,1.132e-27,0.0598,0.075,0,0.75,-0.026171,NaN,NaN,NaN,NaN,NaN,NaN,NaN,NaN,NaN,NaN,NaN,NaN,NaN,NaN,0.08133,0.945,3,4,4,4,3,2,0,0,0,0,0,0,0,0,0,0,0,0,0,0,3,3,32
13085.633709,1.44e-27,0.0598,0.075,0,0.75,-0.026171,NaN,NaN,NaN,NaN,NaN,NaN,NaN,NaN,NaN,NaN,NaN,NaN,NaN,NaN,0.08133,0.945,3,4,4,4,3,2,0,0,0,0,0,0,0,0,0,0,0,0,0,0,3,3,32
13085.706331,1.219e-27,0.0598,0.075,0,0.75,-0.026171,NaN,NaN,NaN,NaN,NaN,NaN,NaN,NaN,NaN,NaN,NaN,NaN,NaN,NaN,0.08133,0.945,3,4,4,4,3,2,0,0,0,0,0,0,0,0,0,0,0,0,0,0,3,3,32
13085.77837,4.124e-27,0.0598,0.075,0,0.75,-0.026172,NaN,NaN,NaN,NaN,NaN,NaN,NaN,NaN,NaN,NaN,NaN,NaN,NaN,NaN,0.08133,0.945,3,4,4,4,3,2,0,0,0,0,0,0,0,0,0,0,0,0,0,0,3,3,32
13085.914774,3.57e-27,0.0598,0.075,0,0.75,-0.026172,NaN,NaN,NaN,NaN,NaN,NaN,NaN,NaN,NaN,NaN,NaN,NaN,NaN,NaN,0.08133,0.945,3,4,4,4,3,2,0,0,0,0,0,0,0,0,0,0,0,0,0,0,3,3,32
13086.02649,5.753e-27,0.0598,0.075,0,0.75,-0.026172,NaN,NaN,NaN,NaN,NaN,NaN,NaN,NaN,NaN,NaN,NaN,NaN,NaN,NaN,0.08133,0.945,3,5,4,4,3,2,0,0,0,0,0,0,0,0,0,0,0,0,0,0,3,3,32
13086.425568,1.129e-27,0.0598,0.075,0,0.75,-0.026173,NaN,NaN,NaN,NaN,NaN,NaN,NaN,NaN,NaN,NaN,NaN,NaN,NaN,NaN,0.08133,0.945,3,4,4,4,3,2,0,0,0,0,0,0,0,0,0,0,0,0,0,0,3,3,32
13086.616283,1.306e-27,0.0598,0.075,0,0.75,-0.026173,NaN,NaN,NaN,NaN,NaN,NaN,NaN,NaN,NaN,NaN,NaN,NaN,NaN,NaN,0.08133,0.945,3,4,4,4,3,2,0,0,0,0,0,0,0,0,0,0,0,0,0,0,3,3,32
13086.743306,3.247e-27,0.0598,0.075,0,0.75,-0.026173,NaN,NaN,NaN,NaN,NaN,NaN,NaN,NaN,NaN,NaN,NaN,NaN,NaN,NaN,0.08133,0.945,3,4,4,4,3,2,0,0,0,0,0,0,0,0,0,0,0,0,0,0,3,3,32
13086.897452,6.451e-28,0.0598,0.075,0,0.75,-0.026174,NaN,NaN,NaN,NaN,NaN,NaN,NaN,NaN,NaN,NaN,NaN,NaN,NaN,NaN,0.08133,0.945,3,4,4,4,3,2,0,0,0,0,0,0,0,0,0,0,0,0,0,0,3,3,32
13086.972792,2.89e-27,0.0598,0.075,0,0.75,-0.026174,NaN,NaN,NaN,NaN,NaN,NaN,NaN,NaN,NaN,NaN,NaN,NaN,NaN,NaN,0.08133,0.945,3,4,4,4,3,2,0,0,0,0,0,0,0,0,0,0,0,0,0,0,3,3,32
13087.031002,8.976e-28,0.0598,0.075,0,0.75,-0.026174,NaN,NaN,NaN,NaN,NaN,NaN,NaN,NaN,NaN,NaN,NaN,NaN,NaN,NaN,0.08133,0.945,3,4,4,4,3,2,0,0,0,0,0,0,0,0,0,0,0,0,0,0,3,3,32
13087.134308,2.203e-27,0.0598,0.075,0,0.75,-0.026174,NaN,NaN,NaN,NaN,NaN,NaN,NaN,NaN,NaN,NaN,NaN,NaN,NaN,NaN,0.08133,0.945,3,4,4,4,3,2,0,0,0,0,0,0,0,0,0,0,0,0,0,0,3,3,32
13087.2615,5.443e-27,0.0598,0.075,0,0.75,-0.026175,NaN,NaN,NaN,NaN,NaN,NaN,NaN,NaN,NaN,NaN,NaN,NaN,NaN,NaN,0.08133,0.945,3,5,4,4,3,2,0,0,0,0,0,0,0,0,0,0,0,0,0,0,3,3,32
13087.482441,1.224e-27,0.0598,0.075,0,0.75,-0.026175,NaN,NaN,NaN,NaN,NaN,NaN,NaN,NaN,NaN,NaN,NaN,NaN,NaN,NaN,0.08133,0.945,3,4,4,4,3,2,0,0,0,0,0,0,0,0,0,0,0,0,0,0,3,3,32
13087.588321,1.312e-27,0.0598,0.075,0,0.75,-0.026175,NaN,NaN,NaN,NaN,NaN,NaN,NaN,NaN,NaN,NaN,NaN,NaN,NaN,NaN,0.08133,0.945,3,4,4,4,3,2,0,0,0,0,0,0,0,0,0,0,0,0,0,0,3,3,32
13087.701222,4.847e-27,0.0598,0.075,0,0.75,-0.026175,NaN,NaN,NaN,NaN,NaN,NaN,NaN,NaN,NaN,NaN,NaN,NaN,NaN,NaN,0.08133,0.945,3,4,4,4,3,2,0,0,0,0,0,0,0,0,0,0,0,0,0,0,3,3,32
13087.927389,4.988e-28,0.0598,0.075,0,0.75,-0.026176,NaN,NaN,NaN,NaN,NaN,NaN,NaN,NaN,NaN,NaN,NaN,NaN,NaN,NaN,0.08133,0.945,3,4,4,4,3,2,0,0,0,0,0,0,0,0,0,0,0,0,0,0,3,3,32
13088.056354,1.622e-27,0.0598,0.075,0,0.75,-0.026176,NaN,NaN,NaN,NaN,NaN,NaN,NaN,NaN,NaN,NaN,NaN,NaN,NaN,NaN,0.08133,0.945,3,4,4,4,3,2,0,0,0,0,0,0,0,0,0,0,0,0,0,0,3,3,32
13088.138821,2.117e-27,0.0598,0.075,0,0.75,-0.026176,NaN,NaN,NaN,NaN,NaN,NaN,NaN,NaN,NaN,NaN,NaN,NaN,NaN,NaN,0.08133,0.945,3,4,4,4,3,2,0,0,0,0,0,0,0,0,0,0,0,0,0,0,3,3,32
13088.217211,7.336e-28,0.0598,0.075,0,0.75,-0.026176,NaN,NaN,NaN,NaN,NaN,NaN,NaN,NaN,NaN,NaN,NaN,NaN,NaN,NaN,0.08133,0.945,3,4,4,4,3,2,0,0,0,0,0,0,0,0,0,0,0,0,0,0,3,3,32
13088.329487,1.975e-27,0.0598,0.075,0,0.75,-0.026177,NaN,NaN,NaN,NaN,NaN,NaN,NaN,NaN,NaN,NaN,NaN,NaN,NaN,NaN,0.08133,0.945,3,4,4,4,3,2,0,0,0,0,0,0,0,0,0,0,0,0,0,0,3,3,32
13088.430305,2.243e-27,0.0598,0.075,0,0.75,-0.026177,NaN,NaN,NaN,NaN,NaN,NaN,NaN,NaN,NaN,NaN,NaN,NaN,NaN,NaN,0.08133,0.945,3,4,4,4,3,2,0,0,0,0,0,0,0,0,0,0,0,0,0,0,3,3,32
13088.582038,2.812e-27,0.0598,0.075,0,0.75,-0.026177,NaN,NaN,NaN,NaN,NaN,NaN,NaN,NaN,NaN,NaN,NaN,NaN,NaN,NaN,0.08133,0.945,3,4,4,4,3,2,0,0,0,0,0,0,0,0,0,0,0,0,0,0,3,3,32
13088.690698,5.882e-28,0.0598,0.075,0,0.75,-0.026177,NaN,NaN,NaN,NaN,NaN,NaN,NaN,NaN,NaN,NaN,NaN,NaN,NaN,NaN,0.08133,0.945,3,4,4,4,3,2,0,0,0,0,0,0,0,0,0,0,0,0,0,0,3,3,32
13088.743344,1.164e-27,0.0598,0.075,0,0.75,-0.026177,NaN,NaN,NaN,NaN,NaN,NaN,NaN,NaN,NaN,NaN,NaN,NaN,NaN,NaN,0.08133,0.945,3,4,4,4,3,2,0,0,0,0,0,0,0,0,0,0,0,0,0,0,3,3,32
13088.906603,1.418e-27,0.0598,0.075,0,0.75,-0.026178,NaN,NaN,NaN,NaN,NaN,NaN,NaN,NaN,NaN,NaN,NaN,NaN,NaN,NaN,0.08133,0.945,3,4,4,4,3,2,0,0,0,0,0,0,0,0,0,0,0,0,0,0,3,3,32
13088.957548,1.793e-27,0.0598,0.075,0,0.75,-0.026178,NaN,NaN,NaN,NaN,NaN,NaN,NaN,NaN,NaN,NaN,NaN,NaN,NaN,NaN,0.08133,0.945,3,4,4,4,3,2,0,0,0,0,0,0,0,0,0,0,0,0,0,0,3,3,32
13089.051212,2.021e-27,0.0598,0.075,0,0.75,-0.026178,NaN,NaN,NaN,NaN,NaN,NaN,NaN,NaN,NaN,NaN,NaN,NaN,NaN,NaN,0.08133,0.945,3,4,4,4,3,2,0,0,0,0,0,0,0,0,0,0,0,0,0,0,3,3,32
13089.158063,2.329e-27,0.0598,0.075,0,0.75,-0.026178,NaN,NaN,NaN,NaN,NaN,NaN,NaN,NaN,NaN,NaN,NaN,NaN,NaN,NaN,0.08133,0.945,3,4,4,4,3,2,0,0,0,0,0,0,0,0,0,0,0,0,0,0,3,3,32
13089.276068,5.617e-27,0.0598,0.075,0,0.75,-0.026179,NaN,NaN,NaN,NaN,NaN,NaN,NaN,NaN,NaN,NaN,NaN,NaN,NaN,NaN,0.08133,0.945,3,5,4,4,3,2,0,0,0,0,0,0,0,0,0,0,0,0,0,0,3,3,32
13089.337479,4.531e-27,0.0598,0.075,0,0.75,-0.026179,NaN,NaN,NaN,NaN,NaN,NaN,NaN,NaN,NaN,NaN,NaN,NaN,NaN,NaN,0.08133,0.945,3,4,4,4,3,2,0,0,0,0,0,0,0,0,0,0,0,0,0,0,3,3,32
13089.457779,1.128e-27,0.0598,0.075,0,0.75,-0.026179,NaN,NaN,NaN,NaN,NaN,NaN,NaN,NaN,NaN,NaN,NaN,NaN,NaN,NaN,0.08133,0.945,3,4,4,4,3,2,0,0,0,0,0,0,0,0,0,0,0,0,0,0,3,3,32
13089.551365,2.437e-27,0.0598,0.075,0,0.75,-0.026179,NaN,NaN,NaN,NaN,NaN,NaN,NaN,NaN,NaN,NaN,NaN,NaN,NaN,NaN,0.08133,0.945,3,4,4,4,3,2,0,0,0,0,0,0,0,0,0,0,0,0,0,0,3,3,32
13089.63195,1.097e-27,0.0598,0.075,0,0.75,-0.026179,NaN,NaN,NaN,NaN,NaN,NaN,NaN,NaN,NaN,NaN,NaN,NaN,NaN,NaN,0.08133,0.945,3,4,4,4,3,2,0,0,0,0,0,0,0,0,0,0,0,0,0,0,3,3,32
13089.679474,5.19e-28,0.0598,0.075,0,0.75,-0.026179,NaN,NaN,NaN,NaN,NaN,NaN,NaN,NaN,NaN,NaN,NaN,NaN,NaN,NaN,0.08133,0.945,3,4,4,4,3,2,0,0,0,0,0,0,0,0,0,0,0,0,0,0,3,3,32
13089.764385,2.239e-27,0.0598,0.075,0,0.75,-0.02618,NaN,NaN,NaN,NaN,NaN,NaN,NaN,NaN,NaN,NaN,NaN,NaN,NaN,NaN,0.08133,0.945,3,4,4,4,3,2,0,0,0,0,0,0,0,0,0,0,0,0,0,0,3,3,32
13089.977244,1.163e-27,0.0598,0.075,0,0.75,-0.02618,NaN,NaN,NaN,NaN,NaN,NaN,NaN,NaN,NaN,NaN,NaN,NaN,NaN,NaN,0.08133,0.945,3,4,4,4,3,2,0,0,0,0,0,0,0,0,0,0,0,0,0,0,3,3,32
13090.059172,2.277e-27,0.0598,0.075,0,0.75,-0.02618,NaN,NaN,NaN,NaN,NaN,NaN,NaN,NaN,NaN,NaN,NaN,NaN,NaN,NaN,0.08133,0.945,3,4,4,4,3,2,0,0,0,0,0,0,0,0,0,0,0,0,0,0,3,3,32
13090.151333,7.144e-28,0.0598,0.075,0,0.75,-0.02618,NaN,NaN,NaN,NaN,NaN,NaN,NaN,NaN,NaN,NaN,NaN,NaN,NaN,NaN,0.08133,0.945,3,4,4,4,3,2,0,0,0,0,0,0,0,0,0,0,0,0,0,0,3,3,32
13090.266267,1.78e-27,0.0598,0.075,0,0.75,-0.026181,NaN,NaN,NaN,NaN,NaN,NaN,NaN,NaN,NaN,NaN,NaN,NaN,NaN,NaN,0.08133,0.945,3,4,4,4,3,2,0,0,0,0,0,0,0,0,0,0,0,0,0,0,3,3,32
13090.318537,4.326e-28,0.0598,0.075,0,0.75,-0.026181,NaN,NaN,NaN,NaN,NaN,NaN,NaN,NaN,NaN,NaN,NaN,NaN,NaN,NaN,0.08133,0.945,3,4,4,4,3,2,0,0,0,0,0,0,0,0,0,0,0,0,0,0,3,3,32
13090.395796,1.978e-27,0.0598,0.075,0,0.75,-0.026181,NaN,NaN,NaN,NaN,NaN,NaN,NaN,NaN,NaN,NaN,NaN,NaN,NaN,NaN,0.08133,0.945,3,4,4,4,3,2,0,0,0,0,0,0,0,0,0,0,0,0,0,0,3,3,32
13090.493783,2.157e-27,0.0598,0.075,0,0.75,-0.026181,NaN,NaN,NaN,NaN,NaN,NaN,NaN,NaN,NaN,NaN,NaN,NaN,NaN,NaN,0.08133,0.945,3,4,4,4,3,2,0,0,0,0,0,0,0,0,0,0,0,0,0,0,3,3,32
13090.622906,5.089e-27,0.0598,0.075,0,0.75,-0.026181,NaN,NaN,NaN,NaN,NaN,NaN,NaN,NaN,NaN,NaN,NaN,NaN,NaN,NaN,0.08133,0.945,3,5,4,4,3,2,0,0,0,0,0,0,0,0,0,0,0,0,0,0,3,3,32
13090.739664,1.594e-27,0.0598,0.075,0,0.75,-0.026181,NaN,NaN,NaN,NaN,NaN,NaN,NaN,NaN,NaN,NaN,NaN,NaN,NaN,NaN,0.08133,0.945,3,4,4,4,3,2,0,0,0,0,0,0,0,0,0,0,0,0,0,0,3,3,32
13091.046239,1.38e-27,0.0598,0.075,0,0.75,-0.026182,NaN,NaN,NaN,NaN,NaN,NaN,NaN,NaN,NaN,NaN,NaN,NaN,NaN,NaN,0.08133,0.945,3,4,4,4,3,2,0,0,0,0,0,0,0,0,0,0,0,0,0,0,3,3,32
13091.094243,1.334e-27,0.0598,0.075,0,0.75,-0.026182,NaN,NaN,NaN,NaN,NaN,NaN,NaN,NaN,NaN,NaN,NaN,NaN,NaN,NaN,0.08133,0.945,3,4,4,4,3,2,0,0,0,0,0,0,0,0,0,0,0,0,0,0,3,3,32
13091.155093,1.357e-27,0.0598,0.075,0,0.75,-0.026182,NaN,NaN,NaN,NaN,NaN,NaN,NaN,NaN,NaN,NaN,NaN,NaN,NaN,NaN,0.08133,0.945,3,4,4,4,3,2,0,0,0,0,0,0,0,0,0,0,0,0,0,0,3,3,32
13091.218064,2.327e-27,0.0598,0.075,0,0.75,-0.026182,NaN,NaN,NaN,NaN,NaN,NaN,NaN,NaN,NaN,NaN,NaN,NaN,NaN,NaN,0.08133,0.945,3,4,4,4,3,2,0,0,0,0,0,0,0,0,0,0,0,0,0,0,3,3,32
13091.266111,5.981e-28,0.0598,0.075,0,0.75,-0.026183,NaN,NaN,NaN,NaN,NaN,NaN,NaN,NaN,NaN,NaN,NaN,NaN,NaN,NaN,0.08133,0.945,3,4,4,4,3,2,0,0,0,0,0,0,0,0,0,0,0,0,0,0,3,3,32
13091.386263,4.211e-27,0.0598,0.075,0,0.75,-0.026183,NaN,NaN,NaN,NaN,NaN,NaN,NaN,NaN,NaN,NaN,NaN,NaN,NaN,NaN,0.08133,0.945,3,4,4,4,3,2,0,0,0,0,0,0,0,0,0,0,0,0,0,0,3,3,32
13091.478226,6.528e-28,0.0598,0.075,0,0.75,-0.026183,NaN,NaN,NaN,NaN,NaN,NaN,NaN,NaN,NaN,NaN,NaN,NaN,NaN,NaN,0.08133,0.945,3,4,4,4,3,2,0,0,0,0,0,0,0,0,0,0,0,0,0,0,3,3,32
13091.518153,1.186e-27,0.0598,0.075,0,0.75,-0.026183,NaN,NaN,NaN,NaN,NaN,NaN,NaN,NaN,NaN,NaN,NaN,NaN,NaN,NaN,0.08133,0.945,3,4,4,4,3,2,0,0,0,0,0,0,0,0,0,0,0,0,0,0,3,3,32
13091.600597,9.528e-28,0.0598,0.075,0,0.75,-0.026183,NaN,NaN,NaN,NaN,NaN,NaN,NaN,NaN,NaN,NaN,NaN,NaN,NaN,NaN,0.08133,0.945,3,4,4,4,3,2,0,0,0,0,0,0,0,0,0,0,0,0,0,0,3,3,32
13091.85232,2.476e-27,0.0598,0.075,0,0.75,-0.026184,NaN,NaN,NaN,NaN,NaN,NaN,NaN,NaN,NaN,NaN,NaN,NaN,NaN,NaN,0.08133,0.945,3,4,4,4,3,2,0,0,0,0,0,0,0,0,0,0,0,0,0,0,3,3,32
13091.938504,1.226e-27,0.0598,0.075,0,0.75,-0.026184,NaN,NaN,NaN,NaN,NaN,NaN,NaN,NaN,NaN,NaN,NaN,NaN,NaN,NaN,0.08133,0.945,3,4,4,4,3,2,0,0,0,0,0,0,0,0,0,0,0,0,0,0,3,3,32
13091.998823,5.078e-27,0.0598,0.075,0,0.75,-0.026184,NaN,NaN,NaN,NaN,NaN,NaN,NaN,NaN,NaN,NaN,NaN,NaN,NaN,NaN,0.08133,0.945,3,5,4,4,3,2,0,0,0,0,0,0,0,0,0,0,0,0,0,0,3,3,32
13092.083502,6.079e-28,0.0598,0.075,0,0.75,-0.026184,NaN,NaN,NaN,NaN,NaN,NaN,NaN,NaN,NaN,NaN,NaN,NaN,NaN,NaN,0.08133,0.945,3,4,4,4,3,2,0,0,0,0,0,0,0,0,0,0,0,0,0,0,3,3,32
13092.284481,8.839e-28,0.0598,0.075,0,0.75,-0.026185,NaN,NaN,NaN,NaN,NaN,NaN,NaN,NaN,NaN,NaN,NaN,NaN,NaN,NaN,0.08133,0.945,3,4,4,4,3,2,0,0,0,0,0,0,0,0,0,0,0,0,0,0,3,3,32
13092.40559,5.468e-28,0.0598,0.075,0,0.75,-0.026185,NaN,NaN,NaN,NaN,NaN,NaN,NaN,NaN,NaN,NaN,NaN,NaN,NaN,NaN,0.08133,0.945,3,4,4,4,3,2,0,0,0,0,0,0,0,0,0,0,0,0,0,0,3,3,32
13092.573456,1.711e-27,0.0598,0.075,0,0.75,-0.026185,NaN,NaN,NaN,NaN,NaN,NaN,NaN,NaN,NaN,NaN,NaN,NaN,NaN,NaN,0.08133,0.945,3,4,4,4,3,2,0,0,0,0,0,0,0,0,0,0,0,0,0,0,3,3,32
13092.675685,4.752e-27,0.0598,0.075,0,0.75,-0.026185,NaN,NaN,NaN,NaN,NaN,NaN,NaN,NaN,NaN,NaN,NaN,NaN,NaN,NaN,0.08133,0.945,3,4,4,4,3,2,0,0,0,0,0,0,0,0,0,0,0,0,0,0,3,3,32
13092.730765,3.145e-27,0.0598,0.075,0,0.75,-0.026185,NaN,NaN,NaN,NaN,NaN,NaN,NaN,NaN,NaN,NaN,NaN,NaN,NaN,NaN,0.08133,0.945,3,4,4,4,3,2,0,0,0,0,0,0,0,0,0,0,0,0,0,0,3,3,32
13092.827231,1.861e-27,0.0598,0.075,0,0.75,-0.026186,NaN,NaN,NaN,NaN,NaN,NaN,NaN,NaN,NaN,NaN,NaN,NaN,NaN,NaN,0.08133,0.945,3,4,4,4,3,2,0,0,0,0,0,0,0,0,0,0,0,0,0,0,3,3,32
13092.968983,4.869e-27,0.0598,0.075,0,0.75,-0.026186,NaN,NaN,NaN,NaN,NaN,NaN,NaN,NaN,NaN,NaN,NaN,NaN,NaN,NaN,0.08133,0.945,3,4,4,4,3,2,0,0,0,0,0,0,0,0,0,0,0,0,0,0,3,3,32
13093.115454,2.076e-27,0.0598,0.075,0,0.75,-0.026186,NaN,NaN,NaN,NaN,NaN,NaN,NaN,NaN,NaN,NaN,NaN,NaN,NaN,NaN,0.08133,0.945,3,4,4,4,3,2,0,0,0,0,0,0,0,0,0,0,0,0,0,0,3,3,32
13093.163817,1.015e-27,0.0598,0.075,0,0.75,-0.026186,NaN,NaN,NaN,NaN,NaN,NaN,NaN,NaN,NaN,NaN,NaN,NaN,NaN,NaN,0.08133,0.945,3,4,4,4,3,2,0,0,0,0,0,0,0,0,0,0,0,0,0,0,3,3,32
13093.333688,1.377e-27,0.0598,0.075,0,0.75,-0.026187,NaN,NaN,NaN,NaN,NaN,NaN,NaN,NaN,NaN,NaN,NaN,NaN,NaN,NaN,0.08133,0.945,3,4,4,4,3,2,0,0,0,0,0,0,0,0,0,0,0,0,0,0,3,3,32
13093.413411,1.31e-27,0.0598,0.075,0,0.75,-0.026187,NaN,NaN,NaN,NaN,NaN,NaN,NaN,NaN,NaN,NaN,NaN,NaN,NaN,NaN,0.08133,0.945,3,4,4,4,3,2,0,0,0,0,0,0,0,0,0,0,0,0,0,0,3,3,32
13093.497123,5.729e-28,0.0598,0.075,0,0.75,-0.026187,NaN,NaN,NaN,NaN,NaN,NaN,NaN,NaN,NaN,NaN,NaN,NaN,NaN,NaN,0.08133,0.945,3,4,4,4,3,2,0,0,0,0,0,0,0,0,0,0,0,0,0,0,3,3,32
13093.568021,4.781e-28,0.0598,0.075,0,0.75,-0.026187,NaN,NaN,NaN,NaN,NaN,NaN,NaN,NaN,NaN,NaN,NaN,NaN,NaN,NaN,0.08133,0.945,3,4,4,4,3,2,0,0,0,0,0,0,0,0,0,0,0,0,0,0,3,3,32
13093.797262,3.087e-27,0.0598,0.075,0,0.75,-0.026188,NaN,NaN,NaN,NaN,NaN,NaN,NaN,NaN,NaN,NaN,NaN,NaN,NaN,NaN,0.08133,0.945,3,4,4,4,3,2,0,0,0,0,0,0,0,0,0,0,0,0,0,0,3,3,32
13093.926607,4.675e-27,0.0598,0.075,0,0.75,-0.026188,NaN,NaN,NaN,NaN,NaN,NaN,NaN,NaN,NaN,NaN,NaN,NaN,NaN,NaN,0.08133,0.945,3,4,4,4,3,2,0,0,0,0,0,0,0,0,0,0,0,0,0,0,3,3,32
13094.114107,7.719e-27,0.0598,0.075,0,0.75,-0.026188,NaN,NaN,NaN,NaN,NaN,NaN,NaN,NaN,NaN,NaN,NaN,NaN,NaN,NaN,0.08133,0.945,3,5,4,4,3,2,0,0,0,0,0,0,0,0,0,0,0,0,0,0,3,3,32
13094.253889,2.589e-27,0.0598,0.075,0,0.75,-0.026189,NaN,NaN,NaN,NaN,NaN,NaN,NaN,NaN,NaN,NaN,NaN,NaN,NaN,NaN,0.08133,0.945,3,4,4,4,3,2,0,0,0,0,0,0,0,0,0,0,0,0,0,0,3,3,32
13094.349412,6.777e-28,0.0598,0.075,0,0.75,-0.026189,NaN,NaN,NaN,NaN,NaN,NaN,NaN,NaN,NaN,NaN,NaN,NaN,NaN,NaN,0.08133,0.945,3,4,4,4,3,2,0,0,0,0,0,0,0,0,0,0,0,0,0,0,3,3,32
13094.483352,1.777e-27,0.0598,0.075,0,0.75,-0.026189,NaN,NaN,NaN,NaN,NaN,NaN,NaN,NaN,NaN,NaN,NaN,NaN,NaN,NaN,0.08133,0.945,3,4,4,4,3,2,0,0,0,0,0,0,0,0,0,0,0,0,0,0,3,3,32
13094.805924,2.057e-27,0.0598,0.075,0,0.75,-0.02619,NaN,NaN,NaN,NaN,NaN,NaN,NaN,NaN,NaN,NaN,NaN,NaN,NaN,NaN,0.08133,0.945,3,4,4,4,3,2,0,0,0,0,0,0,0,0,0,0,0,0,0,0,3,3,32
13094.913516,5.161e-28,0.0598,0.075,0,0.75,-0.02619,NaN,NaN,NaN,NaN,NaN,NaN,NaN,NaN,NaN,NaN,NaN,NaN,NaN,NaN,0.08133,0.945,3,4,4,4,3,2,0,0,0,0,0,0,0,0,0,0,0,0,0,0,3,3,32
13095.007918,3.015e-27,0.0598,0.075,0,0.75,-0.02619,NaN,NaN,NaN,NaN,NaN,NaN,NaN,NaN,NaN,NaN,NaN,NaN,NaN,NaN,0.08133,0.945,3,4,4,4,3,2,0,0,0,0,0,0,0,0,0,0,0,0,0,0,3,3,32
13095.127378,1.127e-27,0.0598,0.075,0,0.75,-0.02619,NaN,NaN,NaN,NaN,NaN,NaN,NaN,NaN,NaN,NaN,NaN,NaN,NaN,NaN,0.08133,0.945,3,4,4,4,3,2,0,0,0,0,0,0,0,0,0,0,0,0,0,0,3,3,32
13095.20089,1.477e-27,0.0598,0.075,0,0.75,-0.02619,NaN,NaN,NaN,NaN,NaN,NaN,NaN,NaN,NaN,NaN,NaN,NaN,NaN,NaN,0.08133,0.945,3,4,4,4,3,2,0,0,0,0,0,0,0,0,0,0,0,0,0,0,3,3,32
13095.267366,3.985e-27,0.0598,0.075,0,0.75,-0.026191,NaN,NaN,NaN,NaN,NaN,NaN,NaN,NaN,NaN,NaN,NaN,NaN,NaN,NaN,0.08133,0.945,3,4,4,4,3,2,0,0,0,0,0,0,0,0,0,0,0,0,0,0,3,3,32
13095.337993,4.253e-28,0.0598,0.075,0,0.75,-0.026191,NaN,NaN,NaN,NaN,NaN,NaN,NaN,NaN,NaN,NaN,NaN,NaN,NaN,NaN,0.08133,0.945,3,4,4,4,3,2,0,0,0,0,0,0,0,0,0,0,0,0,0,0,3,3,32
13095.417161,7.034e-28,0.0598,0.075,0,0.75,-0.026191,NaN,NaN,NaN,NaN,NaN,NaN,NaN,NaN,NaN,NaN,NaN,NaN,NaN,NaN,0.08133,0.945,3,4,4,4,3,2,0,0,0,0,0,0,0,0,0,0,0,0,0,0,3,3,32
13095.499163,1.194e-27,0.0598,0.075,0,0.75,-0.026191,NaN,NaN,NaN,NaN,NaN,NaN,NaN,NaN,NaN,NaN,NaN,NaN,NaN,NaN,0.08133,0.945,3,4,4,4,3,2,0,0,0,0,0,0,0,0,0,0,0,0,0,0,3,3,32
13095.598992,5.472e-28,0.0598,0.075,0,0.75,-0.026191,NaN,NaN,NaN,NaN,NaN,NaN,NaN,NaN,NaN,NaN,NaN,NaN,NaN,NaN,0.08133,0.945,3,4,4,4,3,2,0,0,0,0,0,0,0,0,0,0,0,0,0,0,3,3,32
13095.71114,1.509e-27,0.0598,0.075,0,0.75,-0.026191,NaN,NaN,NaN,NaN,NaN,NaN,NaN,NaN,NaN,NaN,NaN,NaN,NaN,NaN,0.08133,0.945,3,4,4,4,3,2,0,0,0,0,0,0,0,0,0,0,0,0,0,0,3,3,32
13095.899462,1.375e-27,0.0598,0.075,0,0.75,-0.026192,NaN,NaN,NaN,NaN,NaN,NaN,NaN,NaN,NaN,NaN,NaN,NaN,NaN,NaN,0.08133,0.945,3,4,4,4,3,2,0,0,0,0,0,0,0,0,0,0,0,0,0,0,3,3,32
13096.019677,2.991e-27,0.0598,0.075,0,0.75,-0.026192,NaN,NaN,NaN,NaN,NaN,NaN,NaN,NaN,NaN,NaN,NaN,NaN,NaN,NaN,0.08133,0.945,3,4,4,4,3,2,0,0,0,0,0,0,0,0,0,0,0,0,0,0,3,3,32
13096.092897,3.841e-27,0.0598,0.075,0,0.75,-0.026192,NaN,NaN,NaN,NaN,NaN,NaN,NaN,NaN,NaN,NaN,NaN,NaN,NaN,NaN,0.08133,0.945,3,4,4,4,3,2,0,0,0,0,0,0,0,0,0,0,0,0,0,0,3,3,32
13096.216974,2.651e-27,0.0598,0.075,0,0.75,-0.026192,NaN,NaN,NaN,NaN,NaN,NaN,NaN,NaN,NaN,NaN,NaN,NaN,NaN,NaN,0.08133,0.945,3,4,4,4,3,2,0,0,0,0,0,0,0,0,0,0,0,0,0,0,3,3,32
13096.359233,1.19e-27,0.0598,0.075,0,0.75,-0.026193,NaN,NaN,NaN,NaN,NaN,NaN,NaN,NaN,NaN,NaN,NaN,NaN,NaN,NaN,0.08133,0.945,3,4,4,4,3,2,0,0,0,0,0,0,0,0,0,0,0,0,0,0,3,3,32
13096.453797,1.925e-27,0.0598,0.075,0,0.75,-0.026193,NaN,NaN,NaN,NaN,NaN,NaN,NaN,NaN,NaN,NaN,NaN,NaN,NaN,NaN,0.08133,0.945,3,4,4,4,3,2,0,0,0,0,0,0,0,0,0,0,0,0,0,0,3,3,32
13096.553457,1.36e-27,0.0598,0.075,0,0.75,-0.026193,NaN,NaN,NaN,NaN,NaN,NaN,NaN,NaN,NaN,NaN,NaN,NaN,NaN,NaN,0.08133,0.945,3,4,4,4,3,2,0,0,0,0,0,0,0,0,0,0,0,0,0,0,3,3,32
13096.661458,1.236e-27,0.0598,0.075,0,0.75,-0.026193,NaN,NaN,NaN,NaN,NaN,NaN,NaN,NaN,NaN,NaN,NaN,NaN,NaN,NaN,0.08133,0.945,3,4,4,4,3,2,0,0,0,0,0,0,0,0,0,0,0,0,0,0,3,3,32
13096.734334,4.993e-28,0.0598,0.075,0,0.75,-0.026193,NaN,NaN,NaN,NaN,NaN,NaN,NaN,NaN,NaN,NaN,NaN,NaN,NaN,NaN,0.08133,0.945,3,4,4,4,3,2,0,0,0,0,0,0,0,0,0,0,0,0,0,0,3,3,32
13096.880621,2.943e-27,0.0598,0.075,0,0.75,-0.026194,NaN,NaN,NaN,NaN,NaN,NaN,NaN,NaN,NaN,NaN,NaN,NaN,NaN,NaN,0.08133,0.945,3,4,4,4,3,2,0,0,0,0,0,0,0,0,0,0,0,0,0,0,3,3,32
13096.970974,4.441e-27,0.0598,0.075,0,0.75,-0.026194,NaN,NaN,NaN,NaN,NaN,NaN,NaN,NaN,NaN,NaN,NaN,NaN,NaN,NaN,0.08133,0.945,3,4,4,4,3,2,0,0,0,0,0,0,0,0,0,0,0,0,0,0,3,3,32
13097.04658,7.698e-28,0.0598,0.075,0,0.75,-0.026194,NaN,NaN,NaN,NaN,NaN,NaN,NaN,NaN,NaN,NaN,NaN,NaN,NaN,NaN,0.08133,0.945,3,4,4,4,3,2,0,0,0,0,0,0,0,0,0,0,0,0,0,0,3,3,32
13097.098649,4.105e-28,0.0598,0.075,0,0.75,-0.026194,NaN,NaN,NaN,NaN,NaN,NaN,NaN,NaN,NaN,NaN,NaN,NaN,NaN,NaN,0.08133,0.945,3,4,4,4,3,2,0,0,0,0,0,0,0,0,0,0,0,0,0,0,3,3,32
13097.179351,3.762e-27,0.0598,0.075,0,0.75,-0.026194,NaN,NaN,NaN,NaN,NaN,NaN,NaN,NaN,NaN,NaN,NaN,NaN,NaN,NaN,0.08133,0.945,3,4,4,4,3,2,0,0,0,0,0,0,0,0,0,0,0,0,0,0,3,3,32
13097.273918,2.62e-27,0.0598,0.075,0,0.75,-0.026195,NaN,NaN,NaN,NaN,NaN,NaN,NaN,NaN,NaN,NaN,NaN,NaN,NaN,NaN,0.08133,0.945,3,4,4,4,3,2,0,0,0,0,0,0,0,0,0,0,0,0,0,0,3,3,32
13097.369826,3.083e-27,0.0598,0.075,0,0.75,-0.026195,NaN,NaN,NaN,NaN,NaN,NaN,NaN,NaN,NaN,NaN,NaN,NaN,NaN,NaN,0.08133,0.945,3,4,4,4,3,2,0,0,0,0,0,0,0,0,0,0,0,0,0,0,3,3,32
13097.653051,9.354e-28,0.0598,0.075,0,0.75,-0.026195,NaN,NaN,NaN,NaN,NaN,NaN,NaN,NaN,NaN,NaN,NaN,NaN,NaN,NaN,0.08133,0.945,3,4,4,4,3,2,0,0,0,0,0,0,0,0,0,0,0,0,0,0,3,3,32
13097.707492,1.623e-27,0.0598,0.075,0,0.75,-0.026195,NaN,NaN,NaN,NaN,NaN,NaN,NaN,NaN,NaN,NaN,NaN,NaN,NaN,NaN,0.08133,0.945,3,4,4,4,3,2,0,0,0,0,0,0,0,0,0,0,0,0,0,0,3,3,32
13097.822573,1.267e-27,0.0598,0.075,0,0.75,-0.026196,NaN,NaN,NaN,NaN,NaN,NaN,NaN,NaN,NaN,NaN,NaN,NaN,NaN,NaN,0.08133,0.945,3,4,4,4,3,2,0,0,0,0,0,0,0,0,0,0,0,0,0,0,3,3,32
13097.888919,4.874e-27,0.0598,0.075,0,0.75,-0.026196,NaN,NaN,NaN,NaN,NaN,NaN,NaN,NaN,NaN,NaN,NaN,NaN,NaN,NaN,0.08133,0.945,3,4,4,4,3,2,0,0,0,0,0,0,0,0,0,0,0,0,0,0,3,3,32
13097.949898,1.387e-27,0.0598,0.075,0,0.75,-0.026196,NaN,NaN,NaN,NaN,NaN,NaN,NaN,NaN,NaN,NaN,NaN,NaN,NaN,NaN,0.08133,0.945,3,4,4,4,3,2,0,0,0,0,0,0,0,0,0,0,0,0,0,0,3,3,32
13098.043704,7.994e-28,0.0598,0.075,0,0.75,-0.026196,NaN,NaN,NaN,NaN,NaN,NaN,NaN,NaN,NaN,NaN,NaN,NaN,NaN,NaN,0.08133,0.945,3,4,4,4,3,2,0,0,0,0,0,0,0,0,0,0,0,0,0,0,3,3,32
13098.10061,1.103e-27,0.0598,0.075,0,0.75,-0.026196,NaN,NaN,NaN,NaN,NaN,NaN,NaN,NaN,NaN,NaN,NaN,NaN,NaN,NaN,0.08133,0.945,3,4,4,4,3,2,0,0,0,0,0,0,0,0,0,0,0,0,0,0,3,3,32
13098.184898,1.611e-27,0.0598,0.075,0,0.75,-0.026196,NaN,NaN,NaN,NaN,NaN,NaN,NaN,NaN,NaN,NaN,NaN,NaN,NaN,NaN,0.08133,0.945,3,4,4,4,3,2,0,0,0,0,0,0,0,0,0,0,0,0,0,0,3,3,32
13098.245284,3.578e-27,0.0598,0.075,0,0.75,-0.026196,NaN,NaN,NaN,NaN,NaN,NaN,NaN,NaN,NaN,NaN,NaN,NaN,NaN,NaN,0.08133,0.945,3,4,4,4,3,2,0,0,0,0,0,0,0,0,0,0,0,0,0,0,3,3,32
13098.310974,4.937e-28,0.0598,0.075,0,0.75,-0.026197,NaN,NaN,NaN,NaN,NaN,NaN,NaN,NaN,NaN,NaN,NaN,NaN,NaN,NaN,0.08133,0.945,3,4,4,4,3,2,0,0,0,0,0,0,0,0,0,0,0,0,0,0,3,3,32
13098.381901,1.554e-27,0.0598,0.075,0,0.75,-0.026197,NaN,NaN,NaN,NaN,NaN,NaN,NaN,NaN,NaN,NaN,NaN,NaN,NaN,NaN,0.08133,0.945,3,4,4,4,3,2,0,0,0,0,0,0,0,0,0,0,0,0,0,0,3,3,32
13098.548029,5.542e-28,0.0598,0.075,0,0.75,-0.026197,NaN,NaN,NaN,NaN,NaN,NaN,NaN,NaN,NaN,NaN,NaN,NaN,NaN,NaN,0.08133,0.945,3,4,4,4,3,2,0,0,0,0,0,0,0,0,0,0,0,0,0,0,3,3,32
13098.59832,8.164e-28,0.0598,0.075,0,0.75,-0.026197,NaN,NaN,NaN,NaN,NaN,NaN,NaN,NaN,NaN,NaN,NaN,NaN,NaN,NaN,0.08133,0.945,3,4,4,4,3,2,0,0,0,0,0,0,0,0,0,0,0,0,0,0,3,3,32
13098.686286,1.704e-27,0.0598,0.075,0,0.75,-0.026197,NaN,NaN,NaN,NaN,NaN,NaN,NaN,NaN,NaN,NaN,NaN,NaN,NaN,NaN,0.08133,0.945,3,4,4,4,3,2,0,0,0,0,0,0,0,0,0,0,0,0,0,0,3,3,32
13098.959255,1.522e-27,0.0598,0.075,0,0.75,-0.026198,NaN,NaN,NaN,NaN,NaN,NaN,NaN,NaN,NaN,NaN,NaN,NaN,NaN,NaN,0.08133,0.945,3,4,4,4,3,2,0,0,0,0,0,0,0,0,0,0,0,0,0,0,3,3,32
13099.02568,1.222e-27,0.0598,0.075,0,0.75,-0.026198,NaN,NaN,NaN,NaN,NaN,NaN,NaN,NaN,NaN,NaN,NaN,NaN,NaN,NaN,0.08133,0.945,3,4,4,4,3,2,0,0,0,0,0,0,0,0,0,0,0,0,0,0,3,3,32
13099.070059,1.116e-27,0.0598,0.075,0,0.75,-0.026198,NaN,NaN,NaN,NaN,NaN,NaN,NaN,NaN,NaN,NaN,NaN,NaN,NaN,NaN,0.08133,0.945,3,4,4,4,3,2,0,0,0,0,0,0,0,0,0,0,0,0,0,0,3,3,32
13099.126784,3.307e-27,0.0598,0.075,0,0.75,-0.026198,NaN,NaN,NaN,NaN,NaN,NaN,NaN,NaN,NaN,NaN,NaN,NaN,NaN,NaN,0.08133,0.945,3,4,4,4,3,2,0,0,0,0,0,0,0,0,0,0,0,0,0,0,3,3,32
13099.203183,1.27e-27,0.0598,0.075,0,0.75,-0.026198,NaN,NaN,NaN,NaN,NaN,NaN,NaN,NaN,NaN,NaN,NaN,NaN,NaN,NaN,0.08133,0.945,3,4,4,4,3,2,0,0,0,0,0,0,0,0,0,0,0,0,0,0,3,3,32
13099.24435,1.326e-27,0.0598,0.075,0,0.75,-0.026198,NaN,NaN,NaN,NaN,NaN,NaN,NaN,NaN,NaN,NaN,NaN,NaN,NaN,NaN,0.08133,0.945,3,4,4,4,3,2,0,0,0,0,0,0,0,0,0,0,0,0,0,0,3,3,32
13099.291943,1.902e-27,0.0598,0.075,0,0.75,-0.026199,NaN,NaN,NaN,NaN,NaN,NaN,NaN,NaN,NaN,NaN,NaN,NaN,NaN,NaN,0.08133,0.945,3,4,4,4,3,2,0,0,0,0,0,0,0,0,0,0,0,0,0,0,3,3,32
13099.414754,9.095e-28,0.0598,0.075,0,0.75,-0.026199,NaN,NaN,NaN,NaN,NaN,NaN,NaN,NaN,NaN,NaN,NaN,NaN,NaN,NaN,0.08133,0.945,3,4,4,4,3,2,0,0,0,0,0,0,0,0,0,0,0,0,0,0,3,3,32
13099.450762,2.15e-27,0.0598,0.075,0,0.75,-0.026199,NaN,NaN,NaN,NaN,NaN,NaN,NaN,NaN,NaN,NaN,NaN,NaN,NaN,NaN,0.08133,0.945,3,4,4,4,3,2,0,0,0,0,0,0,0,0,0,0,0,0,0,0,3,3,32
13099.528023,7.949e-28,0.0598,0.075,0,0.75,-0.026199,NaN,NaN,NaN,NaN,NaN,NaN,NaN,NaN,NaN,NaN,NaN,NaN,NaN,NaN,0.08133,0.945,3,4,4,4,3,2,0,0,0,0,0,0,0,0,0,0,0,0,0,0,3,3,32
13099.578823,1.875e-27,0.0598,0.075,0,0.75,-0.026199,NaN,NaN,NaN,NaN,NaN,NaN,NaN,NaN,NaN,NaN,NaN,NaN,NaN,NaN,0.08133,0.945,3,4,4,4,3,2,0,0,0,0,0,0,0,0,0,0,0,0,0,0,3,3,32
13099.693921,1.941e-27,0.0598,0.075,0,0.75,-0.026199,NaN,NaN,NaN,NaN,NaN,NaN,NaN,NaN,NaN,NaN,NaN,NaN,NaN,NaN,0.08133,0.945,3,4,4,4,3,2,0,0,0,0,0,0,0,0,0,0,0,0,0,0,3,3,32
13099.823728,1.115e-27,0.0598,0.075,0,0.75,-0.0262,NaN,NaN,NaN,NaN,NaN,NaN,NaN,NaN,NaN,NaN,NaN,NaN,NaN,NaN,0.08133,0.945,3,4,4,4,3,2,0,0,0,0,0,0,0,0,0,0,0,0,0,0,3,3,32
13099.935199,5.982e-27,0.0598,0.075,0,0.75,-0.0262,NaN,NaN,NaN,NaN,NaN,NaN,NaN,NaN,NaN,NaN,NaN,NaN,NaN,NaN,0.08133,0.945,3,5,4,4,3,2,0,0,0,0,0,0,0,0,0,0,0,0,0,0,3,3,32
13099.997016,1.924e-27,0.0598,0.075,0,0.75,-0.0262,NaN,NaN,NaN,NaN,NaN,NaN,NaN,NaN,NaN,NaN,NaN,NaN,NaN,NaN,0.08133,0.945,3,4,4,4,3,2,0,0,0,0,0,0,0,0,0,0,0,0,0,0,3,3,32
13100.111996,4.054e-28,0.0598,0.075,0,0.75,-0.0262,NaN,NaN,NaN,NaN,NaN,NaN,NaN,NaN,NaN,NaN,NaN,NaN,NaN,NaN,0.08133,0.945,3,4,4,4,3,2,0,0,0,0,0,0,0,0,0,0,0,0,0,0,3,3,32
13100.220694,2.063e-27,0.0598,0.075,0,0.75,-0.0262,NaN,NaN,NaN,NaN,NaN,NaN,NaN,NaN,NaN,NaN,NaN,NaN,NaN,NaN,0.08133,0.945,3,4,4,4,3,2,0,0,0,0,0,0,0,0,0,0,0,0,0,0,3,3,32
13100.341026,2.531e-27,0.0598,0.075,0,0.75,-0.026201,NaN,NaN,NaN,NaN,NaN,NaN,NaN,NaN,NaN,NaN,NaN,NaN,NaN,NaN,0.08133,0.945,3,4,4,4,3,2,0,0,0,0,0,0,0,0,0,0,0,0,0,0,3,3,32
13100.474271,5.108e-28,0.0598,0.075,0,0.75,-0.026201,NaN,NaN,NaN,NaN,NaN,NaN,NaN,NaN,NaN,NaN,NaN,NaN,NaN,NaN,0.08133,0.945,3,4,4,4,3,2,0,0,0,0,0,0,0,0,0,0,0,0,0,0,3,3,32
13100.637123,1.222e-27,0.0598,0.075,0,0.75,-0.026201,NaN,NaN,NaN,NaN,NaN,NaN,NaN,NaN,NaN,NaN,NaN,NaN,NaN,NaN,0.08133,0.945,3,4,4,4,3,2,0,0,0,0,0,0,0,0,0,0,0,0,0,0,3,3,32
13100.741375,1.542e-27,0.0598,0.075,0,0.75,-0.026201,NaN,NaN,NaN,NaN,NaN,NaN,NaN,NaN,NaN,NaN,NaN,NaN,NaN,NaN,0.08133,0.945,3,4,4,4,3,2,0,0,0,0,0,0,0,0,0,0,0,0,0,0,3,3,32
13100.874465,2.776e-27,0.0598,0.075,0,0.75,-0.026202,NaN,NaN,NaN,NaN,NaN,NaN,NaN,NaN,NaN,NaN,NaN,NaN,NaN,NaN,0.08133,0.945,3,4,4,4,3,2,0,0,0,0,0,0,0,0,0,0,0,0,0,0,3,3,32
13100.944827,8.38e-28,0.0598,0.075,0,0.75,-0.026202,NaN,NaN,NaN,NaN,NaN,NaN,NaN,NaN,NaN,NaN,NaN,NaN,NaN,NaN,0.08133,0.945,3,4,4,4,3,2,0,0,0,0,0,0,0,0,0,0,0,0,0,0,3,3,32
13101.065804,1.703e-27,0.0598,0.075,0,0.75,-0.026202,NaN,NaN,NaN,NaN,NaN,NaN,NaN,NaN,NaN,NaN,NaN,NaN,NaN,NaN,0.08133,0.945,3,4,4,4,3,2,0,0,0,0,0,0,0,0,0,0,0,0,0,0,3,3,32
13101.120295,4.085e-28,0.0598,0.075,0,0.75,-0.026202,NaN,NaN,NaN,NaN,NaN,NaN,NaN,NaN,NaN,NaN,NaN,NaN,NaN,NaN,0.08133,0.945,3,4,4,4,3,2,0,0,0,0,0,0,0,0,0,0,0,0,0,0,3,3,32
13101.182309,9.095e-28,0.0598,0.075,0,0.75,-0.026202,NaN,NaN,NaN,NaN,NaN,NaN,NaN,NaN,NaN,NaN,NaN,NaN,NaN,NaN,0.08133,0.945,3,4,4,4,3,2,0,0,0,0,0,0,0,0,0,0,0,0,0,0,3,3,32
13101.269684,4.326e-28,0.0598,0.075,0,0.75,-0.026203,NaN,NaN,NaN,NaN,NaN,NaN,NaN,NaN,NaN,NaN,NaN,NaN,NaN,NaN,0.08133,0.945,3,4,4,4,3,2,0,0,0,0,0,0,0,0,0,0,0,0,0,0,3,3,32
13101.411423,3.292e-27,0.0598,0.075,0,0.75,-0.026203,NaN,NaN,NaN,NaN,NaN,NaN,NaN,NaN,NaN,NaN,NaN,NaN,NaN,NaN,0.08133,0.945,3,4,4,4,3,2,0,0,0,0,0,0,0,0,0,0,0,0,0,0,3,3,32
13101.547679,2.052e-27,0.0598,0.075,0,0.75,-0.026203,NaN,NaN,NaN,NaN,NaN,NaN,NaN,NaN,NaN,NaN,NaN,NaN,NaN,NaN,0.08133,0.945,3,4,4,4,3,2,0,0,0,0,0,0,0,0,0,0,0,0,0,0,3,3,32
13101.638559,1.051e-27,0.0598,0.075,0,0.75,-0.026203,NaN,NaN,NaN,NaN,NaN,NaN,NaN,NaN,NaN,NaN,NaN,NaN,NaN,NaN,0.08133,0.945,3,4,4,4,3,2,0,0,0,0,0,0,0,0,0,0,0,0,0,0,3,3,32
13101.788754,1.699e-27,0.0598,0.075,0,0.75,-0.026204,NaN,NaN,NaN,NaN,NaN,NaN,NaN,NaN,NaN,NaN,NaN,NaN,NaN,NaN,0.08133,0.945,3,4,4,4,3,2,0,0,0,0,0,0,0,0,0,0,0,0,0,0,3,3,32
13101.908311,1.912e-27,0.0598,0.075,0,0.75,-0.026204,NaN,NaN,NaN,NaN,NaN,NaN,NaN,NaN,NaN,NaN,NaN,NaN,NaN,NaN,0.08133,0.945,3,4,4,4,3,2,0,0,0,0,0,0,0,0,0,0,0,0,0,0,3,3,32
13101.993372,1.104e-27,0.0598,0.075,0,0.75,-0.026204,NaN,NaN,NaN,NaN,NaN,NaN,NaN,NaN,NaN,NaN,NaN,NaN,NaN,NaN,0.08133,0.945,3,4,4,4,3,2,0,0,0,0,0,0,0,0,0,0,0,0,0,0,3,3,32
13102.167532,1.684e-27,0.0598,0.075,0,0.75,-0.026204,NaN,NaN,NaN,NaN,NaN,NaN,NaN,NaN,NaN,NaN,NaN,NaN,NaN,NaN,0.08133,0.945,3,4,4,4,3,2,0,0,0,0,0,0,0,0,0,0,0,0,0,0,3,3,32
13102.280972,2.021e-27,0.0598,0.075,0,0.75,-0.026205,NaN,NaN,NaN,NaN,NaN,NaN,NaN,NaN,NaN,NaN,NaN,NaN,NaN,NaN,0.08133,0.945,3,4,4,4,3,2,0,0,0,0,0,0,0,0,0,0,0,0,0,0,3,3,32
13102.358974,6.826e-28,0.0598,0.075,0,0.75,-0.026205,NaN,NaN,NaN,NaN,NaN,NaN,NaN,NaN,NaN,NaN,NaN,NaN,NaN,NaN,0.08133,0.945,3,4,4,4,3,2,0,0,0,0,0,0,0,0,0,0,0,0,0,0,3,3,32
13102.472779,2.311e-27,0.0598,0.075,0,0.75,-0.026205,NaN,NaN,NaN,NaN,NaN,NaN,NaN,NaN,NaN,NaN,NaN,NaN,NaN,NaN,0.08133,0.945,3,4,4,4,3,2,0,0,0,0,0,0,0,0,0,0,0,0,0,0,3,3,32
13102.622024,2.468e-27,0.0598,0.075,0,0.75,-0.026205,NaN,NaN,NaN,NaN,NaN,NaN,NaN,NaN,NaN,NaN,NaN,NaN,NaN,NaN,0.08133,0.945,3,4,4,4,3,2,0,0,0,0,0,0,0,0,0,0,0,0,0,0,3,3,32
13102.695632,4.6e-27,0.0598,0.075,0,0.75,-0.026205,NaN,NaN,NaN,NaN,NaN,NaN,NaN,NaN,NaN,NaN,NaN,NaN,NaN,NaN,0.08133,0.945,3,4,4,4,3,2,0,0,0,0,0,0,0,0,0,0,0,0,0,0,3,3,32
13102.782847,6.817e-28,0.0598,0.075,0,0.75,-0.026206,NaN,NaN,NaN,NaN,NaN,NaN,NaN,NaN,NaN,NaN,NaN,NaN,NaN,NaN,0.08133,0.945,3,4,4,4,3,2,0,0,0,0,0,0,0,0,0,0,0,0,0,0,3,3,32
13102.877796,1.083e-27,0.0598,0.075,0,0.75,-0.026206,NaN,NaN,NaN,NaN,NaN,NaN,NaN,NaN,NaN,NaN,NaN,NaN,NaN,NaN,0.08133,0.945,3,4,4,4,3,2,0,0,0,0,0,0,0,0,0,0,0,0,0,0,3,3,32
13102.97416,4.773e-28,0.0598,0.075,0,0.75,-0.026206,NaN,NaN,NaN,NaN,NaN,NaN,NaN,NaN,NaN,NaN,NaN,NaN,NaN,NaN,0.08133,0.945,3,4,4,4,3,2,0,0,0,0,0,0,0,0,0,0,0,0,0,0,3,3,32
13103.118657,4.364e-27,0.0598,0.075,0,0.75,-0.026206,NaN,NaN,NaN,NaN,NaN,NaN,NaN,NaN,NaN,NaN,NaN,NaN,NaN,NaN,0.08133,0.945,3,4,4,4,3,2,0,0,0,0,0,0,0,0,0,0,0,0,0,0,3,3,32
13103.254634,1.716e-27,0.0598,0.075,0,0.75,-0.026207,NaN,NaN,NaN,NaN,NaN,NaN,NaN,NaN,NaN,NaN,NaN,NaN,NaN,NaN,0.08133,0.945,3,4,4,4,3,2,0,0,0,0,0,0,0,0,0,0,0,0,0,0,3,3,32
13103.326684,3.983e-27,0.0598,0.075,0,0.75,-0.026207,NaN,NaN,NaN,NaN,NaN,NaN,NaN,NaN,NaN,NaN,NaN,NaN,NaN,NaN,0.08133,0.945,3,4,4,4,3,2,0,0,0,0,0,0,0,0,0,0,0,0,0,0,3,3,32
13103.440957,2.001e-27,0.0598,0.075,0,0.75,-0.026207,NaN,NaN,NaN,NaN,NaN,NaN,NaN,NaN,NaN,NaN,NaN,NaN,NaN,NaN,0.08133,0.945,3,4,4,4,3,2,0,0,0,0,0,0,0,0,0,0,0,0,0,0,3,3,32
13103.539013,5.81e-28,0.0598,0.075,0,0.75,-0.026207,NaN,NaN,NaN,NaN,NaN,NaN,NaN,NaN,NaN,NaN,NaN,NaN,NaN,NaN,0.08133,0.945,3,4,4,4,3,2,0,0,0,0,0,0,0,0,0,0,0,0,0,0,3,3,32
13103.650927,9.164e-28,0.0598,0.075,0,0.75,-0.026207,NaN,NaN,NaN,NaN,NaN,NaN,NaN,NaN,NaN,NaN,NaN,NaN,NaN,NaN,0.08133,0.945,3,4,4,4,3,2,0,0,0,0,0,0,0,0,0,0,0,0,0,0,3,3,32
13103.791778,6.323e-28,0.0598,0.075,0,0.75,-0.026208,NaN,NaN,NaN,NaN,NaN,NaN,NaN,NaN,NaN,NaN,NaN,NaN,NaN,NaN,0.08133,0.945,3,4,4,4,3,2,0,0,0,0,0,0,0,0,0,0,0,0,0,0,3,3,32
13103.885443,1.013e-27,0.0598,0.075,0,0.75,-0.026208,NaN,NaN,NaN,NaN,NaN,NaN,NaN,NaN,NaN,NaN,NaN,NaN,NaN,NaN,0.08133,0.945,3,4,4,4,3,2,0,0,0,0,0,0,0,0,0,0,0,0,0,0,3,3,32
13103.93526,4.614e-28,0.0598,0.075,0,0.75,-0.026208,NaN,NaN,NaN,NaN,NaN,NaN,NaN,NaN,NaN,NaN,NaN,NaN,NaN,NaN,0.08133,0.945,3,4,4,4,3,2,0,0,0,0,0,0,0,0,0,0,0,0,0,0,3,3,32
13104.002335,1.113e-27,0.0598,0.075,0,0.75,-0.026208,NaN,NaN,NaN,NaN,NaN,NaN,NaN,NaN,NaN,NaN,NaN,NaN,NaN,NaN,0.08133,0.945,3,4,4,4,3,2,0,0,0,0,0,0,0,0,0,0,0,0,0,0,3,3,32
13104.119241,2.033e-27,0.0598,0.075,0,0.75,-0.026208,NaN,NaN,NaN,NaN,NaN,NaN,NaN,NaN,NaN,NaN,NaN,NaN,NaN,NaN,0.08133,0.945,3,4,4,4,3,2,0,0,0,0,0,0,0,0,0,0,0,0,0,0,3,3,32
13104.196031,2.445e-27,0.0598,0.075,0,0.75,-0.026208,NaN,NaN,NaN,NaN,NaN,NaN,NaN,NaN,NaN,NaN,NaN,NaN,NaN,NaN,0.08133,0.945,3,4,4,4,3,2,0,0,0,0,0,0,0,0,0,0,0,0,0,0,3,3,32
13104.281643,1.315e-27,0.0598,0.075,0,0.75,-0.026209,NaN,NaN,NaN,NaN,NaN,NaN,NaN,NaN,NaN,NaN,NaN,NaN,NaN,NaN,0.08133,0.945,3,4,4,4,3,2,0,0,0,0,0,0,0,0,0,0,0,0,0,0,3,3,32
13104.371431,9.616e-28,0.0598,0.075,0,0.75,-0.026209,NaN,NaN,NaN,NaN,NaN,NaN,NaN,NaN,NaN,NaN,NaN,NaN,NaN,NaN,0.08133,0.945,3,4,4,4,3,2,0,0,0,0,0,0,0,0,0,0,0,0,0,0,3,3,32
13104.506643,4.951e-28,0.0598,0.075,0,0.75,-0.026209,NaN,NaN,NaN,NaN,NaN,NaN,NaN,NaN,NaN,NaN,NaN,NaN,NaN,NaN,0.08133,0.945,3,4,4,4,3,2,0,0,0,0,0,0,0,0,0,0,0,0,0,0,3,3,32
13104.59038,1.895e-27,0.0598,0.075,0,0.75,-0.026209,NaN,NaN,NaN,NaN,NaN,NaN,NaN,NaN,NaN,NaN,NaN,NaN,NaN,NaN,0.08133,0.945,3,4,4,4,3,2,0,0,0,0,0,0,0,0,0,0,0,0,0,0,3,3,32
13104.736529,1.523e-27,0.0598,0.075,0,0.75,-0.026209,NaN,NaN,NaN,NaN,NaN,NaN,NaN,NaN,NaN,NaN,NaN,NaN,NaN,NaN,0.08133,0.945,3,4,4,4,3,2,0,0,0,0,0,0,0,0,0,0,0,0,0,0,3,3,32
13104.832413,4.882e-27,0.0598,0.075,0,0.75,-0.02621,NaN,NaN,NaN,NaN,NaN,NaN,NaN,NaN,NaN,NaN,NaN,NaN,NaN,NaN,0.08133,0.945,3,4,4,4,3,2,0,0,0,0,0,0,0,0,0,0,0,0,0,0,3,3,32
13104.912931,1.98e-27,0.0598,0.075,0,0.75,-0.02621,NaN,NaN,NaN,NaN,NaN,NaN,NaN,NaN,NaN,NaN,NaN,NaN,NaN,NaN,0.08133,0.945,3,4,4,4,3,2,0,0,0,0,0,0,0,0,0,0,0,0,0,0,3,3,32
13105.030523,1.141e-27,0.0598,0.075,0,0.75,-0.02621,NaN,NaN,NaN,NaN,NaN,NaN,NaN,NaN,NaN,NaN,NaN,NaN,NaN,NaN,0.08133,0.945,3,4,4,4,3,2,0,0,0,0,0,0,0,0,0,0,0,0,0,0,3,3,32
13105.095988,8.654e-28,0.0598,0.075,0,0.75,-0.02621,NaN,NaN,NaN,NaN,NaN,NaN,NaN,NaN,NaN,NaN,NaN,NaN,NaN,NaN,0.08133,0.945,3,4,4,4,3,2,0,0,0,0,0,0,0,0,0,0,0,0,0,0,3,3,32
13105.266297,1.501e-27,0.0598,0.075,0,0.75,-0.026211,NaN,NaN,NaN,NaN,NaN,NaN,NaN,NaN,NaN,NaN,NaN,NaN,NaN,NaN,0.08133,0.945,3,4,4,4,3,2,0,0,0,0,0,0,0,0,0,0,0,0,0,0,3,3,32
13105.329611,5.017e-27,0.0598,0.075,0,0.75,-0.026211,NaN,NaN,NaN,NaN,NaN,NaN,NaN,NaN,NaN,NaN,NaN,NaN,NaN,NaN,0.08133,0.945,3,5,4,4,3,2,0,0,0,0,0,0,0,0,0,0,0,0,0,0,3,3,32
13105.423488,1.296e-27,0.0598,0.075,0,0.75,-0.026211,NaN,NaN,NaN,NaN,NaN,NaN,NaN,NaN,NaN,NaN,NaN,NaN,NaN,NaN,0.08133,0.945,3,4,4,4,3,2,0,0,0,0,0,0,0,0,0,0,0,0,0,0,3,3,32
13105.529041,8.787e-28,0.0598,0.075,0,0.75,-0.026211,NaN,NaN,NaN,NaN,NaN,NaN,NaN,NaN,NaN,NaN,NaN,NaN,NaN,NaN,0.08133,0.945,3,4,4,4,3,2,0,0,0,0,0,0,0,0,0,0,0,0,0,0,3,3,32
13105.690917,3.37e-27,0.0598,0.075,0,0.75,-0.026211,NaN,NaN,NaN,NaN,NaN,NaN,NaN,NaN,NaN,NaN,NaN,NaN,NaN,NaN,0.08133,0.945,3,4,4,4,3,2,0,0,0,0,0,0,0,0,0,0,0,0,0,0,3,3,32
13105.950864,2.118e-27,0.0598,0.075,0,0.75,-0.026212,NaN,NaN,NaN,NaN,NaN,NaN,NaN,NaN,NaN,NaN,NaN,NaN,NaN,NaN,0.08133,0.945,3,4,4,4,3,2,0,0,0,0,0,0,0,0,0,0,0,0,0,0,3,3,32
13106.106485,2.448e-27,0.0598,0.075,0,0.75,-0.026212,NaN,NaN,NaN,NaN,NaN,NaN,NaN,NaN,NaN,NaN,NaN,NaN,NaN,NaN,0.08133,0.945,3,4,4,4,3,2,0,0,0,0,0,0,0,0,0,0,0,0,0,0,3,3,32
13106.165226,7.257e-28,0.0598,0.075,0,0.75,-0.026212,NaN,NaN,NaN,NaN,NaN,NaN,NaN,NaN,NaN,NaN,NaN,NaN,NaN,NaN,0.08133,0.945,3,4,4,4,3,2,0,0,0,0,0,0,0,0,0,0,0,0,0,0,3,3,32
13106.281718,1.739e-27,0.0598,0.075,0,0.75,-0.026213,NaN,NaN,NaN,NaN,NaN,NaN,NaN,NaN,NaN,NaN,NaN,NaN,NaN,NaN,0.08133,0.945,3,4,4,4,3,2,0,0,0,0,0,0,0,0,0,0,0,0,0,0,3,3,32
13106.324583,1.479e-27,0.0598,0.075,0,0.75,-0.026213,NaN,NaN,NaN,NaN,NaN,NaN,NaN,NaN,NaN,NaN,NaN,NaN,NaN,NaN,0.08133,0.945,3,4,4,4,3,2,0,0,0,0,0,0,0,0,0,0,0,0,0,0,3,3,32
13106.439438,9.411e-28,0.0598,0.075,0,0.75,-0.026213,NaN,NaN,NaN,NaN,NaN,NaN,NaN,NaN,NaN,NaN,NaN,NaN,NaN,NaN,0.08133,0.945,3,4,4,4,3,2,0,0,0,0,0,0,0,0,0,0,0,0,0,0,3,3,32
13106.577552,7.47e-28,0.0598,0.075,0,0.75,-0.026213,NaN,NaN,NaN,NaN,NaN,NaN,NaN,NaN,NaN,NaN,NaN,NaN,NaN,NaN,0.08133,0.945,3,4,4,4,3,2,0,0,0,0,0,0,0,0,0,0,0,0,0,0,3,3,32
13106.663592,1.406e-27,0.0598,0.075,0,0.75,-0.026213,NaN,NaN,NaN,NaN,NaN,NaN,NaN,NaN,NaN,NaN,NaN,NaN,NaN,NaN,0.08133,0.945,3,4,4,4,3,2,0,0,0,0,0,0,0,0,0,0,0,0,0,0,3,3,32
13106.743969,1.87e-27,0.0598,0.075,0,0.75,-0.026213,NaN,NaN,NaN,NaN,NaN,NaN,NaN,NaN,NaN,NaN,NaN,NaN,NaN,NaN,0.08133,0.945,3,4,4,4,3,2,0,0,0,0,0,0,0,0,0,0,0,0,0,0,3,3,32
13106.799346,5.287e-28,0.0598,0.075,0,0.75,-0.026214,NaN,NaN,NaN,NaN,NaN,NaN,NaN,NaN,NaN,NaN,NaN,NaN,NaN,NaN,0.08133,0.945,3,4,4,4,3,2,0,0,0,0,0,0,0,0,0,0,0,0,0,0,3,3,32
13106.932083,4.408e-28,0.0598,0.075,0,0.75,-0.026214,NaN,NaN,NaN,NaN,NaN,NaN,NaN,NaN,NaN,NaN,NaN,NaN,NaN,NaN,0.08133,0.945,3,4,4,4,3,2,0,0,0,0,0,0,0,0,0,0,0,0,0,0,3,3,32
13107.015458,4.899e-28,0.0598,0.075,0,0.75,-0.026214,NaN,NaN,NaN,NaN,NaN,NaN,NaN,NaN,NaN,NaN,NaN,NaN,NaN,NaN,0.08133,0.945,3,4,4,4,3,2,0,0,0,0,0,0,0,0,0,0,0,0,0,0,3,3,32
13107.083151,6.918e-28,0.0598,0.075,0,0.75,-0.026214,NaN,NaN,NaN,NaN,NaN,NaN,NaN,NaN,NaN,NaN,NaN,NaN,NaN,NaN,0.08133,0.945,3,4,4,4,3,2,0,0,0,0,0,0,0,0,0,0,0,0,0,0,3,3,32
13107.144833,6.89e-28,0.0598,0.075,0,0.75,-0.026214,NaN,NaN,NaN,NaN,NaN,NaN,NaN,NaN,NaN,NaN,NaN,NaN,NaN,NaN,0.08133,0.945,3,4,4,4,3,2,0,0,0,0,0,0,0,0,0,0,0,0,0,0,3,3,32
13107.265636,7.047e-28,0.0598,0.075,0,0.75,-0.026215,NaN,NaN,NaN,NaN,NaN,NaN,NaN,NaN,NaN,NaN,NaN,NaN,NaN,NaN,0.08133,0.945,3,4,4,4,3,2,0,0,0,0,0,0,0,0,0,0,0,0,0,0,3,3,32
13107.313061,8.781e-28,0.0598,0.075,0,0.75,-0.026215,NaN,NaN,NaN,NaN,NaN,NaN,NaN,NaN,NaN,NaN,NaN,NaN,NaN,NaN,0.08133,0.945,3,4,4,4,3,2,0,0,0,0,0,0,0,0,0,0,0,0,0,0,3,3,32
13107.372696,2.112e-27,0.0598,0.075,0,0.75,-0.026215,NaN,NaN,NaN,NaN,NaN,NaN,NaN,NaN,NaN,NaN,NaN,NaN,NaN,NaN,0.08133,0.945,3,4,4,4,3,2,0,0,0,0,0,0,0,0,0,0,0,0,0,0,3,3,32
13107.465525,1.641e-27,0.0598,0.075,0,0.75,-0.026215,NaN,NaN,NaN,NaN,NaN,NaN,NaN,NaN,NaN,NaN,NaN,NaN,NaN,NaN,0.08133,0.945,3,4,4,4,3,2,0,0,0,0,0,0,0,0,0,0,0,0,0,0,3,3,32
13107.697475,4.309e-27,0.0598,0.075,0,0.75,-0.026215,NaN,NaN,NaN,NaN,NaN,NaN,NaN,NaN,NaN,NaN,NaN,NaN,NaN,NaN,0.08133,0.945,3,4,4,4,3,2,0,0,0,0,0,0,0,0,0,0,0,0,0,0,3,3,32
13107.857091,1.409e-27,0.0598,0.075,0,0.75,-0.026216,NaN,NaN,NaN,NaN,NaN,NaN,NaN,NaN,NaN,NaN,NaN,NaN,NaN,NaN,0.08133,0.945,3,4,4,4,3,2,0,0,0,0,0,0,0,0,0,0,0,0,0,0,3,3,32
13107.937437,1.516e-27,0.0598,0.075,0,0.75,-0.026216,NaN,NaN,NaN,NaN,NaN,NaN,NaN,NaN,NaN,NaN,NaN,NaN,NaN,NaN,0.08133,0.945,3,4,4,4,3,2,0,0,0,0,0,0,0,0,0,0,0,0,0,0,3,3,32
13108.082989,1.446e-27,0.0598,0.075,0,0.75,-0.026216,NaN,NaN,NaN,NaN,NaN,NaN,NaN,NaN,NaN,NaN,NaN,NaN,NaN,NaN,0.08133,0.945,3,4,4,4,3,2,0,0,0,0,0,0,0,0,0,0,0,0,0,0,3,3,32
13108.211389,1.624e-27,0.0598,0.075,0,0.75,-0.026216,NaN,NaN,NaN,NaN,NaN,NaN,NaN,NaN,NaN,NaN,NaN,NaN,NaN,NaN,0.08133,0.945,3,4,4,4,3,2,0,0,0,0,0,0,0,0,0,0,0,0,0,0,3,3,32
13108.303617,2.287e-27,0.0598,0.075,0,0.75,-0.026217,NaN,NaN,NaN,NaN,NaN,NaN,NaN,NaN,NaN,NaN,NaN,NaN,NaN,NaN,0.08133,0.945,3,4,4,4,3,2,0,0,0,0,0,0,0,0,0,0,0,0,0,0,3,3,32
13108.401788,2.143e-27,0.0598,0.075,0,0.75,-0.026217,NaN,NaN,NaN,NaN,NaN,NaN,NaN,NaN,NaN,NaN,NaN,NaN,NaN,NaN,0.08133,0.945,3,4,4,4,3,2,0,0,0,0,0,0,0,0,0,0,0,0,0,0,3,3,32
13108.568666,5.164e-27,0.0598,0.075,0,0.75,-0.026217,NaN,NaN,NaN,NaN,NaN,NaN,NaN,NaN,NaN,NaN,NaN,NaN,NaN,NaN,0.08133,0.945,3,5,4,4,3,2,0,0,0,0,0,0,0,0,0,0,0,0,0,0,3,3,32
13108.748408,2.781e-27,0.0598,0.075,0,0.75,-0.026217,NaN,NaN,NaN,NaN,NaN,NaN,NaN,NaN,NaN,NaN,NaN,NaN,NaN,NaN,0.08133,0.945,3,4,4,4,3,2,0,0,0,0,0,0,0,0,0,0,0,0,0,0,3,3,32
13108.825425,8.133e-28,0.0598,0.075,0,0.75,-0.026218,NaN,NaN,NaN,NaN,NaN,NaN,NaN,NaN,NaN,NaN,NaN,NaN,NaN,NaN,0.08133,0.945,3,4,4,4,3,2,0,0,0,0,0,0,0,0,0,0,0,0,0,0,3,3,32
13108.983992,4.369e-28,0.0598,0.075,0,0.75,-0.026218,NaN,NaN,NaN,NaN,NaN,NaN,NaN,NaN,NaN,NaN,NaN,NaN,NaN,NaN,0.08133,0.945,3,4,4,4,3,2,0,0,0,0,0,0,0,0,0,0,0,0,0,0,3,3,32
13109.197835,8.149e-28,0.0598,0.075,0,0.75,-0.026218,NaN,NaN,NaN,NaN,NaN,NaN,NaN,NaN,NaN,NaN,NaN,NaN,NaN,NaN,0.08133,0.945,3,4,4,4,3,2,0,0,0,0,0,0,0,0,0,0,0,0,0,0,3,3,32
13109.273369,4.703e-27,0.0598,0.075,0,0.75,-0.026219,NaN,NaN,NaN,NaN,NaN,NaN,NaN,NaN,NaN,NaN,NaN,NaN,NaN,NaN,0.08133,0.945,3,4,4,4,3,2,0,0,0,0,0,0,0,0,0,0,0,0,0,0,3,3,32
13109.522898,1.501e-27,0.0598,0.075,0,0.75,-0.026219,NaN,NaN,NaN,NaN,NaN,NaN,NaN,NaN,NaN,NaN,NaN,NaN,NaN,NaN,0.08133,0.945,3,4,4,4,3,2,0,0,0,0,0,0,0,0,0,0,0,0,0,0,3,3,32
13109.663834,1.029e-27,0.0598,0.075,0,0.75,-0.026219,NaN,NaN,NaN,NaN,NaN,NaN,NaN,NaN,NaN,NaN,NaN,NaN,NaN,NaN,0.08133,0.945,3,4,4,4,3,2,0,0,0,0,0,0,0,0,0,0,0,0,0,0,3,3,32
13109.813376,1.211e-27,0.0598,0.075,0,0.75,-0.02622,NaN,NaN,NaN,NaN,NaN,NaN,NaN,NaN,NaN,NaN,NaN,NaN,NaN,NaN,0.08133,0.945,3,4,4,4,3,2,0,0,0,0,0,0,0,0,0,0,0,0,0,0,3,3,32
13109.848042,1.159e-27,0.0598,0.075,0,0.75,-0.02622,NaN,NaN,NaN,NaN,NaN,NaN,NaN,NaN,NaN,NaN,NaN,NaN,NaN,NaN,0.08133,0.945,3,4,4,4,3,2,0,0,0,0,0,0,0,0,0,0,0,0,0,0,3,3,32
13109.971808,2.796e-27,0.0598,0.075,0,0.75,-0.02622,NaN,NaN,NaN,NaN,NaN,NaN,NaN,NaN,NaN,NaN,NaN,NaN,NaN,NaN,0.08133,0.945,3,4,4,4,3,2,0,0,0,0,0,0,0,0,0,0,0,0,0,0,3,3,32
13110.069088,1.736e-27,0.0598,0.075,0,0.75,-0.02622,NaN,NaN,NaN,NaN,NaN,NaN,NaN,NaN,NaN,NaN,NaN,NaN,NaN,NaN,0.08133,0.945,3,4,4,4,3,2,0,0,0,0,0,0,0,0,0,0,0,0,0,0,3,3,32
13110.150021,8.416e-28,0.0598,0.075,0,0.75,-0.02622,NaN,NaN,NaN,NaN,NaN,NaN,NaN,NaN,NaN,NaN,NaN,NaN,NaN,NaN,0.08133,0.945,3,4,4,4,3,2,0,0,0,0,0,0,0,0,0,0,0,0,0,0,3,3,32
13110.20907,1.021e-27,0.0598,0.075,0,0.75,-0.02622,NaN,NaN,NaN,NaN,NaN,NaN,NaN,NaN,NaN,NaN,NaN,NaN,NaN,NaN,0.08133,0.945,3,4,4,4,3,2,0,0,0,0,0,0,0,0,0,0,0,0,0,0,3,3,32
13110.434905,5.075e-27,0.0598,0.075,0,0.75,-0.026221,NaN,NaN,NaN,NaN,NaN,NaN,NaN,NaN,NaN,NaN,NaN,NaN,NaN,NaN,0.08133,0.945,3,5,4,4,3,2,0,0,0,0,0,0,0,0,0,0,0,0,0,0,3,3,32
13110.52099,6.894e-28,0.0598,0.075,0,0.75,-0.026221,NaN,NaN,NaN,NaN,NaN,NaN,NaN,NaN,NaN,NaN,NaN,NaN,NaN,NaN,0.08133,0.945,3,4,4,4,3,2,0,0,0,0,0,0,0,0,0,0,0,0,0,0,3,3,32
13110.61289,1.004e-27,0.0598,0.075,0,0.75,-0.026221,NaN,NaN,NaN,NaN,NaN,NaN,NaN,NaN,NaN,NaN,NaN,NaN,NaN,NaN,0.08133,0.945,3,4,4,4,3,2,0,0,0,0,0,0,0,0,0,0,0,0,0,0,3,3,32
13110.68837,4.732e-28,0.0598,0.075,0,0.75,-0.026221,NaN,NaN,NaN,NaN,NaN,NaN,NaN,NaN,NaN,NaN,NaN,NaN,NaN,NaN,0.08133,0.945,3,4,4,4,3,2,0,0,0,0,0,0,0,0,0,0,0,0,0,0,3,3,32
13110.756412,1.457e-27,0.0598,0.075,0,0.75,-0.026222,NaN,NaN,NaN,NaN,NaN,NaN,NaN,NaN,NaN,NaN,NaN,NaN,NaN,NaN,0.08133,0.945,3,4,4,4,3,2,0,0,0,0,0,0,0,0,0,0,0,0,0,0,3,3,32
13111.027927,2.132e-27,0.0598,0.075,0,0.75,-0.026222,NaN,NaN,NaN,NaN,NaN,NaN,NaN,NaN,NaN,NaN,NaN,NaN,NaN,NaN,0.08133,0.945,3,4,4,4,3,2,0,0,0,0,0,0,0,0,0,0,0,0,0,0,3,3,32
13111.160471,2.24e-27,0.0598,0.075,0,0.75,-0.026222,NaN,NaN,NaN,NaN,NaN,NaN,NaN,NaN,NaN,NaN,NaN,NaN,NaN,NaN,0.08133,0.945,3,4,4,4,3,2,0,0,0,0,0,0,0,0,0,0,0,0,0,0,3,3,32
13111.244175,9.738e-28,0.0598,0.075,0,0.75,-0.026222,NaN,NaN,NaN,NaN,NaN,NaN,NaN,NaN,NaN,NaN,NaN,NaN,NaN,NaN,0.08133,0.945,3,4,4,4,3,2,0,0,0,0,0,0,0,0,0,0,0,0,0,0,3,3,32
13111.354969,2.712e-27,0.0598,0.075,0,0.75,-0.026223,NaN,NaN,NaN,NaN,NaN,NaN,NaN,NaN,NaN,NaN,NaN,NaN,NaN,NaN,0.08133,0.945,3,4,4,4,3,2,0,0,0,0,0,0,0,0,0,0,0,0,0,0,3,3,32
13111.473202,6.892e-28,0.0598,0.075,0,0.75,-0.026223,NaN,NaN,NaN,NaN,NaN,NaN,NaN,NaN,NaN,NaN,NaN,NaN,NaN,NaN,0.08133,0.945,3,4,4,4,3,2,0,0,0,0,0,0,0,0,0,0,0,0,0,0,3,3,32
13111.524634,7.25e-28,0.0598,0.075,0,0.75,-0.026223,NaN,NaN,NaN,NaN,NaN,NaN,NaN,NaN,NaN,NaN,NaN,NaN,NaN,NaN,0.08133,0.945,3,4,4,4,3,2,0,0,0,0,0,0,0,0,0,0,0,0,0,0,3,3,32
13111.643041,1.12e-27,0.0598,0.075,0,0.75,-0.026223,NaN,NaN,NaN,NaN,NaN,NaN,NaN,NaN,NaN,NaN,NaN,NaN,NaN,NaN,0.08133,0.945,3,4,4,4,3,2,0,0,0,0,0,0,0,0,0,0,0,0,0,0,3,3,32
13111.763167,1.243e-27,0.0598,0.075,0,0.75,-0.026224,NaN,NaN,NaN,NaN,NaN,NaN,NaN,NaN,NaN,NaN,NaN,NaN,NaN,NaN,0.08133,0.945,3,4,4,4,3,2,0,0,0,0,0,0,0,0,0,0,0,0,0,0,3,3,32
13111.82265,1.987e-27,0.0598,0.075,0,0.75,-0.026224,NaN,NaN,NaN,NaN,NaN,NaN,NaN,NaN,NaN,NaN,NaN,NaN,NaN,NaN,0.08133,0.945,3,4,4,4,3,2,0,0,0,0,0,0,0,0,0,0,0,0,0,0,3,3,32
13111.883949,6.883e-28,0.0598,0.075,0,0.75,-0.026224,NaN,NaN,NaN,NaN,NaN,NaN,NaN,NaN,NaN,NaN,NaN,NaN,NaN,NaN,0.08133,0.945,3,4,4,4,3,2,0,0,0,0,0,0,0,0,0,0,0,0,0,0,3,3,32
13111.963847,6.113e-28,0.0598,0.075,0,0.75,-0.026224,NaN,NaN,NaN,NaN,NaN,NaN,NaN,NaN,NaN,NaN,NaN,NaN,NaN,NaN,0.08133,0.945,3,4,4,4,3,2,0,0,0,0,0,0,0,0,0,0,0,0,0,0,3,3,32
13112.067808,7.303e-28,0.0598,0.075,0,0.75,-0.026224,NaN,NaN,NaN,NaN,NaN,NaN,NaN,NaN,NaN,NaN,NaN,NaN,NaN,NaN,0.08133,0.945,3,4,4,4,3,2,0,0,0,0,0,0,0,0,0,0,0,0,0,0,3,3,32
13112.164716,1.234e-27,0.0598,0.075,0,0.75,-0.026224,NaN,NaN,NaN,NaN,NaN,NaN,NaN,NaN,NaN,NaN,NaN,NaN,NaN,NaN,0.08133,0.945,3,4,4,4,3,2,0,0,0,0,0,0,0,0,0,0,0,0,0,0,3,3,32
13112.212179,1.381e-27,0.0598,0.075,0,0.75,-0.026224,NaN,NaN,NaN,NaN,NaN,NaN,NaN,NaN,NaN,NaN,NaN,NaN,NaN,NaN,0.08133,0.945,3,4,4,4,3,2,0,0,0,0,0,0,0,0,0,0,0,0,0,0,3,3,32
13112.312021,5.826e-28,0.0598,0.075,0,0.75,-0.026225,NaN,NaN,NaN,NaN,NaN,NaN,NaN,NaN,NaN,NaN,NaN,NaN,NaN,NaN,0.08133,0.945,3,4,4,4,3,2,0,0,0,0,0,0,0,0,0,0,0,0,0,0,3,3,32
13112.34896,5.874e-28,0.0598,0.075,0,0.75,-0.026225,NaN,NaN,NaN,NaN,NaN,NaN,NaN,NaN,NaN,NaN,NaN,NaN,NaN,NaN,0.08133,0.945,3,4,4,4,3,2,0,0,0,0,0,0,0,0,0,0,0,0,0,0,3,3,32
13112.479915,3.088e-27,0.0598,0.075,0,0.75,-0.026225,NaN,NaN,NaN,NaN,NaN,NaN,NaN,NaN,NaN,NaN,NaN,NaN,NaN,NaN,0.08133,0.945,3,4,4,4,3,2,0,0,0,0,0,0,0,0,0,0,0,0,0,0,3,3,32
13112.686484,1.965e-27,0.0598,0.075,0,0.75,-0.026225,NaN,NaN,NaN,NaN,NaN,NaN,NaN,NaN,NaN,NaN,NaN,NaN,NaN,NaN,0.08133,0.945,3,4,4,4,3,2,0,0,0,0,0,0,0,0,0,0,0,0,0,0,3,3,32
13112.755378,1.007e-27,0.0598,0.075,0,0.75,-0.026226,NaN,NaN,NaN,NaN,NaN,NaN,NaN,NaN,NaN,NaN,NaN,NaN,NaN,NaN,0.08133,0.945,3,4,4,4,3,2,0,0,0,0,0,0,0,0,0,0,0,0,0,0,3,3,32
13112.889026,1.703e-27,0.0598,0.075,0,0.75,-0.026226,NaN,NaN,NaN,NaN,NaN,NaN,NaN,NaN,NaN,NaN,NaN,NaN,NaN,NaN,0.08133,0.945,3,4,4,4,3,2,0,0,0,0,0,0,0,0,0,0,0,0,0,0,3,3,32
13112.969395,9.463e-28,0.0598,0.075,0,0.75,-0.026226,NaN,NaN,NaN,NaN,NaN,NaN,NaN,NaN,NaN,NaN,NaN,NaN,NaN,NaN,0.08133,0.945,3,4,4,4,3,2,0,0,0,0,0,0,0,0,0,0,0,0,0,0,3,3,32
13113.055694,5.978e-27,0.0598,0.075,0,0.75,-0.026226,NaN,NaN,NaN,NaN,NaN,NaN,NaN,NaN,NaN,NaN,NaN,NaN,NaN,NaN,0.08133,0.945,3,5,4,4,3,2,0,0,0,0,0,0,0,0,0,0,0,0,0,0,3,3,32
13113.125738,5.278e-28,0.0598,0.075,0,0.75,-0.026226,NaN,NaN,NaN,NaN,NaN,NaN,NaN,NaN,NaN,NaN,NaN,NaN,NaN,NaN,0.08133,0.945,3,4,4,4,3,2,0,0,0,0,0,0,0,0,0,0,0,0,0,0,3,3,32
13113.189382,1.836e-27,0.0598,0.075,0,0.75,-0.026226,NaN,NaN,NaN,NaN,NaN,NaN,NaN,NaN,NaN,NaN,NaN,NaN,NaN,NaN,0.08133,0.945,3,4,4,4,3,2,0,0,0,0,0,0,0,0,0,0,0,0,0,0,3,3,32
13113.300123,8.297e-28,0.0598,0.075,0,0.75,-0.026227,NaN,NaN,NaN,NaN,NaN,NaN,NaN,NaN,NaN,NaN,NaN,NaN,NaN,NaN,0.08133,0.945,3,4,4,4,3,2,0,0,0,0,0,0,0,0,0,0,0,0,0,0,3,3,32
13113.384237,2.203e-27,0.0598,0.075,0,0.75,-0.026227,NaN,NaN,NaN,NaN,NaN,NaN,NaN,NaN,NaN,NaN,NaN,NaN,NaN,NaN,0.08133,0.945,3,4,4,4,3,2,0,0,0,0,0,0,0,0,0,0,0,0,0,0,3,3,32
13113.549733,7.406e-28,0.0598,0.075,0,0.75,-0.026227,NaN,NaN,NaN,NaN,NaN,NaN,NaN,NaN,NaN,NaN,NaN,NaN,NaN,NaN,0.08133,0.945,3,4,4,4,3,2,0,0,0,0,0,0,0,0,0,0,0,0,0,0,3,3,32
13113.610952,7.495e-28,0.0598,0.075,0,0.75,-0.026227,NaN,NaN,NaN,NaN,NaN,NaN,NaN,NaN,NaN,NaN,NaN,NaN,NaN,NaN,0.08133,0.945,3,4,4,4,3,2,0,0,0,0,0,0,0,0,0,0,0,0,0,0,3,3,32
13113.755298,8.741e-28,0.0598,0.075,0,0.75,-0.026228,NaN,NaN,NaN,NaN,NaN,NaN,NaN,NaN,NaN,NaN,NaN,NaN,NaN,NaN,0.08133,0.945,3,4,4,4,3,2,0,0,0,0,0,0,0,0,0,0,0,0,0,0,3,3,32
13113.859759,2.343e-27,0.0598,0.075,0,0.75,-0.026228,NaN,NaN,NaN,NaN,NaN,NaN,NaN,NaN,NaN,NaN,NaN,NaN,NaN,NaN,0.08133,0.945,3,4,4,4,3,2,0,0,0,0,0,0,0,0,0,0,0,0,0,0,3,3,32
13113.959101,5.761e-27,0.0598,0.075,0,0.75,-0.026228,NaN,NaN,NaN,NaN,NaN,NaN,NaN,NaN,NaN,NaN,NaN,NaN,NaN,NaN,0.08133,0.945,3,5,4,4,3,2,0,0,0,0,0,0,0,0,0,0,0,0,0,0,3,3,32
13114.024081,1.452e-27,0.0598,0.075,0,0.75,-0.026228,NaN,NaN,NaN,NaN,NaN,NaN,NaN,NaN,NaN,NaN,NaN,NaN,NaN,NaN,0.08133,0.945,3,4,4,4,3,2,0,0,0,0,0,0,0,0,0,0,0,0,0,0,3,3,32
13114.146906,7.309e-28,0.0598,0.075,0,0.75,-0.026228,NaN,NaN,NaN,NaN,NaN,NaN,NaN,NaN,NaN,NaN,NaN,NaN,NaN,NaN,0.08133,0.945,3,4,4,4,3,2,0,0,0,0,0,0,0,0,0,0,0,0,0,0,3,3,32
13114.200243,5.729e-28,0.0598,0.075,0,0.75,-0.026228,NaN,NaN,NaN,NaN,NaN,NaN,NaN,NaN,NaN,NaN,NaN,NaN,NaN,NaN,0.08133,0.945,3,4,4,4,3,2,0,0,0,0,0,0,0,0,0,0,0,0,0,0,3,3,32
13114.289374,9.451e-28,0.0598,0.075,0,0.75,-0.026229,NaN,NaN,NaN,NaN,NaN,NaN,NaN,NaN,NaN,NaN,NaN,NaN,NaN,NaN,0.08133,0.945,3,4,4,4,3,2,0,0,0,0,0,0,0,0,0,0,0,0,0,0,3,3,32
13114.441676,2.162e-27,0.0598,0.075,0,0.75,-0.026229,NaN,NaN,NaN,NaN,NaN,NaN,NaN,NaN,NaN,NaN,NaN,NaN,NaN,NaN,0.08133,0.945,3,4,4,4,3,2,0,0,0,0,0,0,0,0,0,0,0,0,0,0,3,3,32
13114.486775,5.213e-28,0.0598,0.075,0,0.75,-0.026229,NaN,NaN,NaN,NaN,NaN,NaN,NaN,NaN,NaN,NaN,NaN,NaN,NaN,NaN,0.08133,0.945,3,4,4,4,3,2,0,0,0,0,0,0,0,0,0,0,0,0,0,0,3,3,32
13114.575491,1.131e-27,0.0598,0.075,0,0.75,-0.026229,NaN,NaN,NaN,NaN,NaN,NaN,NaN,NaN,NaN,NaN,NaN,NaN,NaN,NaN,0.08133,0.945,3,4,4,4,3,2,0,0,0,0,0,0,0,0,0,0,0,0,0,0,3,3,32
13114.631115,8.06e-28,0.0598,0.075,0,0.75,-0.026229,NaN,NaN,NaN,NaN,NaN,NaN,NaN,NaN,NaN,NaN,NaN,NaN,NaN,NaN,0.08133,0.945,3,4,4,4,3,2,0,0,0,0,0,0,0,0,0,0,0,0,0,0,3,3,32
13114.680346,4.47e-27,0.0598,0.075,0,0.75,-0.026229,NaN,NaN,NaN,NaN,NaN,NaN,NaN,NaN,NaN,NaN,NaN,NaN,NaN,NaN,0.08133,0.945,3,4,4,4,3,2,0,0,0,0,0,0,0,0,0,0,0,0,0,0,3,3,32
13114.716747,2.523e-27,0.0598,0.075,0,0.75,-0.026229,NaN,NaN,NaN,NaN,NaN,NaN,NaN,NaN,NaN,NaN,NaN,NaN,NaN,NaN,0.08133,0.945,3,4,4,4,3,2,0,0,0,0,0,0,0,0,0,0,0,0,0,0,3,3,32
13114.801019,1.658e-27,0.0598,0.075,0,0.75,-0.02623,NaN,NaN,NaN,NaN,NaN,NaN,NaN,NaN,NaN,NaN,NaN,NaN,NaN,NaN,0.08133,0.945,3,4,4,4,3,2,0,0,0,0,0,0,0,0,0,0,0,0,0,0,3,3,32
13114.870148,1.309e-27,0.0598,0.075,0,0.75,-0.02623,NaN,NaN,NaN,NaN,NaN,NaN,NaN,NaN,NaN,NaN,NaN,NaN,NaN,NaN,0.08133,0.945,3,4,4,4,3,2,0,0,0,0,0,0,0,0,0,0,0,0,0,0,3,3,32
13114.898326,9.771e-28,0.0598,0.075,0,0.75,-0.02623,NaN,NaN,NaN,NaN,NaN,NaN,NaN,NaN,NaN,NaN,NaN,NaN,NaN,NaN,0.08133,0.945,3,4,4,4,3,2,0,0,0,0,0,0,0,0,0,0,0,0,0,0,3,3,32
13114.973137,9.02e-28,0.0598,0.075,0,0.75,-0.02623,NaN,NaN,NaN,NaN,NaN,NaN,NaN,NaN,NaN,NaN,NaN,NaN,NaN,NaN,0.08133,0.945,3,4,4,4,3,2,0,0,0,0,0,0,0,0,0,0,0,0,0,0,3,3,32
13115.03005,1.739e-27,0.0598,0.075,0,0.75,-0.02623,NaN,NaN,NaN,NaN,NaN,NaN,NaN,NaN,NaN,NaN,NaN,NaN,NaN,NaN,0.08133,0.945,3,4,4,4,3,2,0,0,0,0,0,0,0,0,0,0,0,0,0,0,3,3,32
13115.147507,8.412e-28,0.0598,0.075,0,0.75,-0.02623,NaN,NaN,NaN,NaN,NaN,NaN,NaN,NaN,NaN,NaN,NaN,NaN,NaN,NaN,0.08133,0.945,3,4,4,4,3,2,0,0,0,0,0,0,0,0,0,0,0,0,0,0,3,3,32
13115.242367,7.88e-28,0.0598,0.075,0,0.75,-0.02623,NaN,NaN,NaN,NaN,NaN,NaN,NaN,NaN,NaN,NaN,NaN,NaN,NaN,NaN,0.08133,0.945,3,4,4,4,3,2,0,0,0,0,0,0,0,0,0,0,0,0,0,0,3,3,32
13115.329477,2.543e-27,0.0598,0.075,0,0.75,-0.026231,NaN,NaN,NaN,NaN,NaN,NaN,NaN,NaN,NaN,NaN,NaN,NaN,NaN,NaN,0.08133,0.945,3,4,4,4,3,2,0,0,0,0,0,0,0,0,0,0,0,0,0,0,3,3,32
13115.432327,2.744e-27,0.0598,0.075,0,0.75,-0.026231,NaN,NaN,NaN,NaN,NaN,NaN,NaN,NaN,NaN,NaN,NaN,NaN,NaN,NaN,0.08133,0.945,3,4,4,4,3,2,0,0,0,0,0,0,0,0,0,0,0,0,0,0,3,3,32
13115.483462,7.517e-28,0.0598,0.075,0,0.75,-0.026231,NaN,NaN,NaN,NaN,NaN,NaN,NaN,NaN,NaN,NaN,NaN,NaN,NaN,NaN,0.08133,0.945,3,4,4,4,3,2,0,0,0,0,0,0,0,0,0,0,0,0,0,0,3,3,32
13115.602392,9.284e-28,0.0598,0.075,0,0.75,-0.026231,NaN,NaN,NaN,NaN,NaN,NaN,NaN,NaN,NaN,NaN,NaN,NaN,NaN,NaN,0.08133,0.945,3,4,4,4,3,2,0,0,0,0,0,0,0,0,0,0,0,0,0,0,3,3,32
13115.783274,7.725e-28,0.0598,0.075,0,0.75,-0.026232,NaN,NaN,NaN,NaN,NaN,NaN,NaN,NaN,NaN,NaN,NaN,NaN,NaN,NaN,0.08133,0.945,3,4,4,4,3,2,0,0,0,0,0,0,0,0,0,0,0,0,0,0,3,3,32
13115.875596,4.026e-27,0.0598,0.075,0,0.75,-0.026232,NaN,NaN,NaN,NaN,NaN,NaN,NaN,NaN,NaN,NaN,NaN,NaN,NaN,NaN,0.08133,0.945,3,4,4,4,3,2,0,0,0,0,0,0,0,0,0,0,0,0,0,0,3,3,32
13115.964169,7.373e-28,0.0598,0.075,0,0.75,-0.026232,NaN,NaN,NaN,NaN,NaN,NaN,NaN,NaN,NaN,NaN,NaN,NaN,NaN,NaN,0.08133,0.945,3,4,4,4,3,2,0,0,0,0,0,0,0,0,0,0,0,0,0,0,3,3,32
13116.079212,1.502e-27,0.0598,0.075,0,0.75,-0.026232,NaN,NaN,NaN,NaN,NaN,NaN,NaN,NaN,NaN,NaN,NaN,NaN,NaN,NaN,0.08133,0.945,3,4,4,4,3,2,0,0,0,0,0,0,0,0,0,0,0,0,0,0,3,3,32
13116.137876,1.895e-27,0.0598,0.075,0,0.75,-0.026232,NaN,NaN,NaN,NaN,NaN,NaN,NaN,NaN,NaN,NaN,NaN,NaN,NaN,NaN,0.08133,0.945,3,4,4,4,3,2,0,0,0,0,0,0,0,0,0,0,0,0,0,0,3,3,32
13116.212049,4.115e-28,0.0598,0.075,0,0.75,-0.026232,NaN,NaN,NaN,NaN,NaN,NaN,NaN,NaN,NaN,NaN,NaN,NaN,NaN,NaN,0.08133,0.945,3,4,4,4,3,2,0,0,0,0,0,0,0,0,0,0,0,0,0,0,3,3,32
13116.272935,8.054e-28,0.0598,0.075,0,0.75,-0.026233,NaN,NaN,NaN,NaN,NaN,NaN,NaN,NaN,NaN,NaN,NaN,NaN,NaN,NaN,0.08133,0.945,3,4,4,4,3,2,0,0,0,0,0,0,0,0,0,0,0,0,0,0,3,3,32
13116.342593,7.371e-28,0.0598,0.075,0,0.75,-0.026233,NaN,NaN,NaN,NaN,NaN,NaN,NaN,NaN,NaN,NaN,NaN,NaN,NaN,NaN,0.08133,0.945,3,4,4,4,3,2,0,0,0,0,0,0,0,0,0,0,0,0,0,0,3,3,32
13116.495677,2.474e-27,0.0598,0.075,0,0.75,-0.026233,NaN,NaN,NaN,NaN,NaN,NaN,NaN,NaN,NaN,NaN,NaN,NaN,NaN,NaN,0.08133,0.945,3,4,4,4,3,2,0,0,0,0,0,0,0,0,0,0,0,0,0,0,3,3,32
13116.550474,1.549e-27,0.0598,0.075,0,0.75,-0.026233,NaN,NaN,NaN,NaN,NaN,NaN,NaN,NaN,NaN,NaN,NaN,NaN,NaN,NaN,0.08133,0.945,3,4,4,4,3,2,0,0,0,0,0,0,0,0,0,0,0,0,0,0,3,3,32
13116.704204,3.884e-27,0.0598,0.075,0,0.75,-0.026233,NaN,NaN,NaN,NaN,NaN,NaN,NaN,NaN,NaN,NaN,NaN,NaN,NaN,NaN,0.08133,0.945,3,4,4,4,3,2,0,0,0,0,0,0,0,0,0,0,0,0,0,0,3,3,32
13116.814531,3.477e-27,0.0598,0.075,0,0.75,-0.026234,NaN,NaN,NaN,NaN,NaN,NaN,NaN,NaN,NaN,NaN,NaN,NaN,NaN,NaN,0.08133,0.945,3,4,4,4,3,2,0,0,0,0,0,0,0,0,0,0,0,0,0,0,3,3,32
13117.057556,1.298e-27,0.0598,0.075,0,0.75,-0.026234,NaN,NaN,NaN,NaN,NaN,NaN,NaN,NaN,NaN,NaN,NaN,NaN,NaN,NaN,0.08133,0.945,3,4,4,4,3,2,0,0,0,0,0,0,0,0,0,0,0,0,0,0,3,3,32
13117.126005,2.253e-27,0.0598,0.075,0,0.75,-0.026234,NaN,NaN,NaN,NaN,NaN,NaN,NaN,NaN,NaN,NaN,NaN,NaN,NaN,NaN,0.08133,0.945,3,4,4,4,3,2,0,0,0,0,0,0,0,0,0,0,0,0,0,0,3,3,32
13117.245289,6.838e-28,0.0598,0.075,0,0.75,-0.026234,NaN,NaN,NaN,NaN,NaN,NaN,NaN,NaN,NaN,NaN,NaN,NaN,NaN,NaN,0.08133,0.945,3,4,4,4,3,2,0,0,0,0,0,0,0,0,0,0,0,0,0,0,3,3,32
13117.299522,2.777e-27,0.0598,0.075,0,0.75,-0.026235,NaN,NaN,NaN,NaN,NaN,NaN,NaN,NaN,NaN,NaN,NaN,NaN,NaN,NaN,0.08133,0.945,3,4,4,4,3,2,0,0,0,0,0,0,0,0,0,0,0,0,0,0,3,3,32
13117.413473,6.091e-27,0.0598,0.075,0,0.75,-0.026235,NaN,NaN,NaN,NaN,NaN,NaN,NaN,NaN,NaN,NaN,NaN,NaN,NaN,NaN,0.08133,0.945,3,5,4,4,3,2,0,0,0,0,0,0,0,0,0,0,0,0,0,0,3,3,32
13117.472999,1.192e-27,0.0598,0.075,0,0.75,-0.026235,NaN,NaN,NaN,NaN,NaN,NaN,NaN,NaN,NaN,NaN,NaN,NaN,NaN,NaN,0.08133,0.945,3,4,4,4,3,2,0,0,0,0,0,0,0,0,0,0,0,0,0,0,3,3,32
13117.615196,2.742e-27,0.0598,0.075,0,0.75,-0.026235,NaN,NaN,NaN,NaN,NaN,NaN,NaN,NaN,NaN,NaN,NaN,NaN,NaN,NaN,0.08133,0.945,3,4,4,4,3,2,0,0,0,0,0,0,0,0,0,0,0,0,0,0,3,3,32
13117.682391,6.847e-28,0.0598,0.075,0,0.75,-0.026235,NaN,NaN,NaN,NaN,NaN,NaN,NaN,NaN,NaN,NaN,NaN,NaN,NaN,NaN,0.08133,0.945,3,4,4,4,3,2,0,0,0,0,0,0,0,0,0,0,0,0,0,0,3,3,32
13117.775949,1.521e-27,0.0598,0.075,0,0.75,-0.026236,NaN,NaN,NaN,NaN,NaN,NaN,NaN,NaN,NaN,NaN,NaN,NaN,NaN,NaN,0.08133,0.945,3,4,4,4,3,2,0,0,0,0,0,0,0,0,0,0,0,0,0,0,3,3,32
13117.953368,9.518e-28,0.0598,0.075,0,0.75,-0.026236,NaN,NaN,NaN,NaN,NaN,NaN,NaN,NaN,NaN,NaN,NaN,NaN,NaN,NaN,0.08133,0.945,3,4,4,4,3,2,0,0,0,0,0,0,0,0,0,0,0,0,0,0,3,3,32
13118.100883,4.652e-28,0.0598,0.075,0,0.75,-0.026236,NaN,NaN,NaN,NaN,NaN,NaN,NaN,NaN,NaN,NaN,NaN,NaN,NaN,NaN,0.08133,0.945,3,4,4,4,3,2,0,0,0,0,0,0,0,0,0,0,0,0,0,0,3,3,32
13118.172072,4.125e-28,0.0598,0.075,0,0.75,-0.026236,NaN,NaN,NaN,NaN,NaN,NaN,NaN,NaN,NaN,NaN,NaN,NaN,NaN,NaN,0.08133,0.945,3,4,4,4,3,2,0,0,0,0,0,0,0,0,0,0,0,0,0,0,3,3,32
13118.429706,2.643e-27,0.0598,0.075,0,0.75,-0.026237,NaN,NaN,NaN,NaN,NaN,NaN,NaN,NaN,NaN,NaN,NaN,NaN,NaN,NaN,0.08133,0.945,3,4,4,4,3,2,0,0,0,0,0,0,0,0,0,0,0,0,0,0,3,3,32
13118.493441,1.732e-27,0.0598,0.075,0,0.75,-0.026237,NaN,NaN,NaN,NaN,NaN,NaN,NaN,NaN,NaN,NaN,NaN,NaN,NaN,NaN,0.08133,0.945,3,4,4,4,3,2,0,0,0,0,0,0,0,0,0,0,0,0,0,0,3,3,32
13118.617459,3.423e-27,0.0598,0.075,0,0.75,-0.026237,NaN,NaN,NaN,NaN,NaN,NaN,NaN,NaN,NaN,NaN,NaN,NaN,NaN,NaN,0.08133,0.945,3,4,4,4,3,2,0,0,0,0,0,0,0,0,0,0,0,0,0,0,3,3,32
13118.758914,1.541e-27,0.0598,0.075,0,0.75,-0.026238,NaN,NaN,NaN,NaN,NaN,NaN,NaN,NaN,NaN,NaN,NaN,NaN,NaN,NaN,0.08133,0.945,3,4,4,4,3,2,0,0,0,0,0,0,0,0,0,0,0,0,0,0,3,3,32
13118.873419,1.279e-27,0.0598,0.075,0,0.75,-0.026238,NaN,NaN,NaN,NaN,NaN,NaN,NaN,NaN,NaN,NaN,NaN,NaN,NaN,NaN,0.08133,0.945,3,4,4,4,3,2,0,0,0,0,0,0,0,0,0,0,0,0,0,0,3,3,32
13118.92978,1.297e-27,0.0598,0.075,0,0.75,-0.026238,NaN,NaN,NaN,NaN,NaN,NaN,NaN,NaN,NaN,NaN,NaN,NaN,NaN,NaN,0.08133,0.945,3,4,4,4,3,2,0,0,0,0,0,0,0,0,0,0,0,0,0,0,3,3,32
13119.157334,1.09e-27,0.0598,0.075,0,0.75,-0.026238,NaN,NaN,NaN,NaN,NaN,NaN,NaN,NaN,NaN,NaN,NaN,NaN,NaN,NaN,0.08133,0.945,3,4,4,4,3,2,0,0,0,0,0,0,0,0,0,0,0,0,0,0,3,3,32
13119.282133,9.119e-28,0.0598,0.075,0,0.75,-0.026239,NaN,NaN,NaN,NaN,NaN,NaN,NaN,NaN,NaN,NaN,NaN,NaN,NaN,NaN,0.08133,0.945,3,4,4,4,3,2,0,0,0,0,0,0,0,0,0,0,0,0,0,0,3,3,32
13119.369143,9.303e-28,0.0598,0.075,0,0.75,-0.026239,NaN,NaN,NaN,NaN,NaN,NaN,NaN,NaN,NaN,NaN,NaN,NaN,NaN,NaN,0.08133,0.945,3,4,4,4,3,2,0,0,0,0,0,0,0,0,0,0,0,0,0,0,3,3,32
13119.436425,1.518e-27,0.0598,0.075,0,0.75,-0.026239,NaN,NaN,NaN,NaN,NaN,NaN,NaN,NaN,NaN,NaN,NaN,NaN,NaN,NaN,0.08133,0.945,3,4,4,4,3,2,0,0,0,0,0,0,0,0,0,0,0,0,0,0,3,3,32
13119.485703,1.225e-27,0.0598,0.075,0,0.75,-0.026239,NaN,NaN,NaN,NaN,NaN,NaN,NaN,NaN,NaN,NaN,NaN,NaN,NaN,NaN,0.08133,0.945,3,4,4,4,3,2,0,0,0,0,0,0,0,0,0,0,0,0,0,0,3,3,32
13119.644435,2.323e-27,0.0598,0.075,0,0.75,-0.026239,NaN,NaN,NaN,NaN,NaN,NaN,NaN,NaN,NaN,NaN,NaN,NaN,NaN,NaN,0.08133,0.945,3,4,4,4,3,2,0,0,0,0,0,0,0,0,0,0,0,0,0,0,3,3,32
13119.730833,2.225e-27,0.0598,0.075,0,0.75,-0.026239,NaN,NaN,NaN,NaN,NaN,NaN,NaN,NaN,NaN,NaN,NaN,NaN,NaN,NaN,0.08133,0.945,3,4,4,4,3,2,0,0,0,0,0,0,0,0,0,0,0,0,0,0,3,3,32
13119.855579,4.082e-27,0.0598,0.075,0,0.75,-0.02624,NaN,NaN,NaN,NaN,NaN,NaN,NaN,NaN,NaN,NaN,NaN,NaN,NaN,NaN,0.08133,0.945,3,4,4,4,3,2,0,0,0,0,0,0,0,0,0,0,0,0,0,0,3,3,32
13119.92611,1.944e-27,0.0598,0.075,0,0.75,-0.02624,NaN,NaN,NaN,NaN,NaN,NaN,NaN,NaN,NaN,NaN,NaN,NaN,NaN,NaN,0.08133,0.945,3,4,4,4,3,2,0,0,0,0,0,0,0,0,0,0,0,0,0,0,3,3,32
13120.043085,2.636e-27,0.0598,0.075,0,0.75,-0.02624,NaN,NaN,NaN,NaN,NaN,NaN,NaN,NaN,NaN,NaN,NaN,NaN,NaN,NaN,0.08133,0.945,3,4,4,4,3,2,0,0,0,0,0,0,0,0,0,0,0,0,0,0,3,3,32
13120.17531,1.618e-27,0.0598,0.075,0,0.75,-0.02624,NaN,NaN,NaN,NaN,NaN,NaN,NaN,NaN,NaN,NaN,NaN,NaN,NaN,NaN,0.08133,0.945,3,4,4,4,3,2,0,0,0,0,0,0,0,0,0,0,0,0,0,0,3,3,32
13120.270383,1.659e-27,0.0598,0.075,0,0.75,-0.026241,NaN,NaN,NaN,NaN,NaN,NaN,NaN,NaN,NaN,NaN,NaN,NaN,NaN,NaN,0.08133,0.945,3,4,4,4,3,2,0,0,0,0,0,0,0,0,0,0,0,0,0,0,3,3,32
13120.4171,2.223e-27,0.0598,0.075,0,0.75,-0.026241,NaN,NaN,NaN,NaN,NaN,NaN,NaN,NaN,NaN,NaN,NaN,NaN,NaN,NaN,0.08133,0.945,3,4,4,4,3,2,0,0,0,0,0,0,0,0,0,0,0,0,0,0,3,3,32
13120.505843,2.153e-27,0.0598,0.075,0,0.75,-0.026241,NaN,NaN,NaN,NaN,NaN,NaN,NaN,NaN,NaN,NaN,NaN,NaN,NaN,NaN,0.08133,0.945,3,4,4,4,3,2,0,0,0,0,0,0,0,0,0,0,0,0,0,0,3,3,32
13120.63334,3.084e-27,0.0598,0.075,0,0.75,-0.026241,NaN,NaN,NaN,NaN,NaN,NaN,NaN,NaN,NaN,NaN,NaN,NaN,NaN,NaN,0.08133,0.945,3,4,4,4,3,2,0,0,0,0,0,0,0,0,0,0,0,0,0,0,3,3,32
13120.737838,1.608e-27,0.0598,0.075,0,0.75,-0.026241,NaN,NaN,NaN,NaN,NaN,NaN,NaN,NaN,NaN,NaN,NaN,NaN,NaN,NaN,0.08133,0.945,3,4,4,4,3,2,0,0,0,0,0,0,0,0,0,0,0,0,0,0,3,3,32
13120.877619,1.357e-27,0.0598,0.075,0,0.75,-0.026242,NaN,NaN,NaN,NaN,NaN,NaN,NaN,NaN,NaN,NaN,NaN,NaN,NaN,NaN,0.08133,0.945,3,4,4,4,3,2,0,0,0,0,0,0,0,0,0,0,0,0,0,0,3,3,32
13120.915136,6.341e-28,0.0598,0.075,0,0.75,-0.026242,NaN,NaN,NaN,NaN,NaN,NaN,NaN,NaN,NaN,NaN,NaN,NaN,NaN,NaN,0.08133,0.945,3,4,4,4,3,2,0,0,0,0,0,0,0,0,0,0,0,0,0,0,3,3,32
13121.03217,2.266e-27,0.0598,0.075,0,0.75,-0.026242,NaN,NaN,NaN,NaN,NaN,NaN,NaN,NaN,NaN,NaN,NaN,NaN,NaN,NaN,0.08133,0.945,3,4,4,4,3,2,0,0,0,0,0,0,0,0,0,0,0,0,0,0,3,3,32
13121.143127,1.175e-27,0.0598,0.075,0,0.75,-0.026242,NaN,NaN,NaN,NaN,NaN,NaN,NaN,NaN,NaN,NaN,NaN,NaN,NaN,NaN,0.08133,0.945,3,4,4,4,3,2,0,0,0,0,0,0,0,0,0,0,0,0,0,0,3,3,32
13121.20639,9.046e-28,0.0598,0.075,0,0.75,-0.026242,NaN,NaN,NaN,NaN,NaN,NaN,NaN,NaN,NaN,NaN,NaN,NaN,NaN,NaN,0.08133,0.945,3,4,4,4,3,2,0,0,0,0,0,0,0,0,0,0,0,0,0,0,3,3,32
13121.250912,5.483e-28,0.0598,0.075,0,0.75,-0.026243,NaN,NaN,NaN,NaN,NaN,NaN,NaN,NaN,NaN,NaN,NaN,NaN,NaN,NaN,0.08133,0.945,3,4,4,4,3,2,0,0,0,0,0,0,0,0,0,0,0,0,0,0,3,3,32
13121.371698,1.899e-27,0.0598,0.075,0,0.75,-0.026243,NaN,NaN,NaN,NaN,NaN,NaN,NaN,NaN,NaN,NaN,NaN,NaN,NaN,NaN,0.08133,0.945,3,4,4,4,3,2,0,0,0,0,0,0,0,0,0,0,0,0,0,0,3,3,32
13121.433893,3.005e-27,0.0598,0.075,0,0.75,-0.026243,NaN,NaN,NaN,NaN,NaN,NaN,NaN,NaN,NaN,NaN,NaN,NaN,NaN,NaN,0.08133,0.945,3,4,4,4,3,2,0,0,0,0,0,0,0,0,0,0,0,0,0,0,3,3,32
13121.507692,9.245e-28,0.0598,0.075,0,0.75,-0.026243,NaN,NaN,NaN,NaN,NaN,NaN,NaN,NaN,NaN,NaN,NaN,NaN,NaN,NaN,0.08133,0.945,3,4,4,4,3,2,0,0,0,0,0,0,0,0,0,0,0,0,0,0,3,3,32
13121.579959,2.095e-27,0.0598,0.075,0,0.75,-0.026243,NaN,NaN,NaN,NaN,NaN,NaN,NaN,NaN,NaN,NaN,NaN,NaN,NaN,NaN,0.08133,0.945,3,4,4,4,3,2,0,0,0,0,0,0,0,0,0,0,0,0,0,0,3,3,32
13121.779413,1.579e-27,0.0598,0.075,0,0.75,-0.026244,NaN,NaN,NaN,NaN,NaN,NaN,NaN,NaN,NaN,NaN,NaN,NaN,NaN,NaN,0.08133,0.945,3,4,4,4,3,2,0,0,0,0,0,0,0,0,0,0,0,0,0,0,3,3,32
13121.931287,2.337e-27,0.0598,0.075,0,0.75,-0.026244,NaN,NaN,NaN,NaN,NaN,NaN,NaN,NaN,NaN,NaN,NaN,NaN,NaN,NaN,0.08133,0.945,3,4,4,4,3,2,0,0,0,0,0,0,0,0,0,0,0,0,0,0,3,3,32
13122.000461,8.527e-28,0.0598,0.075,0,0.75,-0.026244,NaN,NaN,NaN,NaN,NaN,NaN,NaN,NaN,NaN,NaN,NaN,NaN,NaN,NaN,0.08133,0.945,3,4,4,4,3,2,0,0,0,0,0,0,0,0,0,0,0,0,0,0,3,3,32
13122.157692,6.826e-28,0.0598,0.075,0,0.75,-0.026244,NaN,NaN,NaN,NaN,NaN,NaN,NaN,NaN,NaN,NaN,NaN,NaN,NaN,NaN,0.08133,0.945,3,4,4,4,3,2,0,0,0,0,0,0,0,0,0,0,0,0,0,0,3,3,32
13122.257001,2.401e-27,0.0598,0.075,0,0.75,-0.026245,NaN,NaN,NaN,NaN,NaN,NaN,NaN,NaN,NaN,NaN,NaN,NaN,NaN,NaN,0.08133,0.945,3,4,4,4,3,2,0,0,0,0,0,0,0,0,0,0,0,0,0,0,3,3,32
13122.309778,6.517e-28,0.0598,0.075,0,0.75,-0.026245,NaN,NaN,NaN,NaN,NaN,NaN,NaN,NaN,NaN,NaN,NaN,NaN,NaN,NaN,0.08133,0.945,3,4,4,4,3,2,0,0,0,0,0,0,0,0,0,0,0,0,0,0,3,3,32
13122.434897,6.03e-28,0.0598,0.075,0,0.75,-0.026245,NaN,NaN,NaN,NaN,NaN,NaN,NaN,NaN,NaN,NaN,NaN,NaN,NaN,NaN,0.08133,0.945,3,4,4,4,3,2,0,0,0,0,0,0,0,0,0,0,0,0,0,0,3,3,32
13122.518119,1.306e-27,0.0598,0.075,0,0.75,-0.026245,NaN,NaN,NaN,NaN,NaN,NaN,NaN,NaN,NaN,NaN,NaN,NaN,NaN,NaN,0.08133,0.945,3,4,4,4,3,2,0,0,0,0,0,0,0,0,0,0,0,0,0,0,3,3,32
13122.617953,5.795e-28,0.0598,0.075,0,0.75,-0.026245,NaN,NaN,NaN,NaN,NaN,NaN,NaN,NaN,NaN,NaN,NaN,NaN,NaN,NaN,0.08133,0.945,3,4,4,4,3,2,0,0,0,0,0,0,0,0,0,0,0,0,0,0,3,3,32
13122.811191,4.123e-27,0.0598,0.075,0,0.75,-0.026246,NaN,NaN,NaN,NaN,NaN,NaN,NaN,NaN,NaN,NaN,NaN,NaN,NaN,NaN,0.08133,0.945,3,4,4,4,3,2,0,0,0,0,0,0,0,0,0,0,0,0,0,0,3,3,32
13122.940648,2.237e-27,0.0598,0.075,0,0.75,-0.026246,NaN,NaN,NaN,NaN,NaN,NaN,NaN,NaN,NaN,NaN,NaN,NaN,NaN,NaN,0.08133,0.945,3,4,4,4,3,2,0,0,0,0,0,0,0,0,0,0,0,0,0,0,3,3,32
13123.078984,4.201e-27,0.0598,0.075,0,0.75,-0.026246,NaN,NaN,NaN,NaN,NaN,NaN,NaN,NaN,NaN,NaN,NaN,NaN,NaN,NaN,0.08133,0.945,3,4,4,4,3,2,0,0,0,0,0,0,0,0,0,0,0,0,0,0,3,3,32
13123.184305,2.25e-27,0.0598,0.075,0,0.75,-0.026246,NaN,NaN,NaN,NaN,NaN,NaN,NaN,NaN,NaN,NaN,NaN,NaN,NaN,NaN,0.08133,0.945,3,4,4,4,3,2,0,0,0,0,0,0,0,0,0,0,0,0,0,0,3,3,32
13123.296725,9.61e-28,0.0598,0.075,0,0.75,-0.026247,NaN,NaN,NaN,NaN,NaN,NaN,NaN,NaN,NaN,NaN,NaN,NaN,NaN,NaN,0.08133,0.945,3,4,4,4,3,2,0,0,0,0,0,0,0,0,0,0,0,0,0,0,3,3,32
13123.363667,2.117e-27,0.0598,0.075,0,0.75,-0.026247,NaN,NaN,NaN,NaN,NaN,NaN,NaN,NaN,NaN,NaN,NaN,NaN,NaN,NaN,0.08133,0.945,3,4,4,4,3,2,0,0,0,0,0,0,0,0,0,0,0,0,0,0,3,3,32
13123.508928,2.084e-27,0.0598,0.075,0,0.75,-0.026247,NaN,NaN,NaN,NaN,NaN,NaN,NaN,NaN,NaN,NaN,NaN,NaN,NaN,NaN,0.08133,0.945,3,4,4,4,3,2,0,0,0,0,0,0,0,0,0,0,0,0,0,0,3,3,32
13123.613333,1.64e-27,0.0598,0.075,0,0.75,-0.026247,NaN,NaN,NaN,NaN,NaN,NaN,NaN,NaN,NaN,NaN,NaN,NaN,NaN,NaN,0.08133,0.945,3,4,4,4,3,2,0,0,0,0,0,0,0,0,0,0,0,0,0,0,3,3,32
13123.733096,1.75e-27,0.0598,0.075,0,0.75,-0.026247,NaN,NaN,NaN,NaN,NaN,NaN,NaN,NaN,NaN,NaN,NaN,NaN,NaN,NaN,0.08133,0.945,3,4,4,4,3,2,0,0,0,0,0,0,0,0,0,0,0,0,0,0,3,3,32
13123.859534,3.139e-27,0.0598,0.075,0,0.75,-0.026248,NaN,NaN,NaN,NaN,NaN,NaN,NaN,NaN,NaN,NaN,NaN,NaN,NaN,NaN,0.08133,0.945,3,4,4,4,3,2,0,0,0,0,0,0,0,0,0,0,0,0,0,0,3,3,32
13123.940671,3.112e-27,0.0598,0.075,0,0.75,-0.026248,NaN,NaN,NaN,NaN,NaN,NaN,NaN,NaN,NaN,NaN,NaN,NaN,NaN,NaN,0.08133,0.945,3,4,4,4,3,2,0,0,0,0,0,0,0,0,0,0,0,0,0,0,3,3,32
13124.042448,6.531e-28,0.0598,0.075,0,0.75,-0.026248,NaN,NaN,NaN,NaN,NaN,NaN,NaN,NaN,NaN,NaN,NaN,NaN,NaN,NaN,0.08133,0.945,3,4,4,4,3,2,0,0,0,0,0,0,0,0,0,0,0,0,0,0,3,3,32
13124.086603,5.812e-28,0.0598,0.075,0,0.75,-0.026248,NaN,NaN,NaN,NaN,NaN,NaN,NaN,NaN,NaN,NaN,NaN,NaN,NaN,NaN,0.08133,0.945,3,4,4,4,3,2,0,0,0,0,0,0,0,0,0,0,0,0,0,0,3,3,32
13124.210558,4.418e-28,0.0598,0.075,0,0.75,-0.026248,NaN,NaN,NaN,NaN,NaN,NaN,NaN,NaN,NaN,NaN,NaN,NaN,NaN,NaN,0.08133,0.945,3,4,4,4,3,2,0,0,0,0,0,0,0,0,0,0,0,0,0,0,3,3,32
13124.349068,2.869e-27,0.0598,0.075,0,0.75,-0.026249,NaN,NaN,NaN,NaN,NaN,NaN,NaN,NaN,NaN,NaN,NaN,NaN,NaN,NaN,0.08133,0.945,3,4,4,4,3,2,0,0,0,0,0,0,0,0,0,0,0,0,0,0,3,3,32
13124.435999,2.175e-27,0.0598,0.075,0,0.75,-0.026249,NaN,NaN,NaN,NaN,NaN,NaN,NaN,NaN,NaN,NaN,NaN,NaN,NaN,NaN,0.08133,0.945,3,4,4,4,3,2,0,0,0,0,0,0,0,0,0,0,0,0,0,0,3,3,32
13124.524931,1.767e-27,0.0598,0.075,0,0.75,-0.026249,NaN,NaN,NaN,NaN,NaN,NaN,NaN,NaN,NaN,NaN,NaN,NaN,NaN,NaN,0.08133,0.945,3,4,4,4,3,2,0,0,0,0,0,0,0,0,0,0,0,0,0,0,3,3,32
13124.713532,1.486e-27,0.0598,0.075,0,0.75,-0.026249,NaN,NaN,NaN,NaN,NaN,NaN,NaN,NaN,NaN,NaN,NaN,NaN,NaN,NaN,0.08133,0.945,3,4,4,4,3,2,0,0,0,0,0,0,0,0,0,0,0,0,0,0,3,3,32
13124.802715,1.936e-27,0.0598,0.075,0,0.75,-0.02625,NaN,NaN,NaN,NaN,NaN,NaN,NaN,NaN,NaN,NaN,NaN,NaN,NaN,NaN,0.08133,0.945,3,4,4,4,3,2,0,0,0,0,0,0,0,0,0,0,0,0,0,0,3,3,32
13124.906291,2.932e-27,0.0598,0.075,0,0.75,-0.02625,NaN,NaN,NaN,NaN,NaN,NaN,NaN,NaN,NaN,NaN,NaN,NaN,NaN,NaN,0.08133,0.945,3,4,4,4,3,2,0,0,0,0,0,0,0,0,0,0,0,0,0,0,3,3,32
13124.95551,3.275e-27,0.0598,0.075,0,0.75,-0.02625,NaN,NaN,NaN,NaN,NaN,NaN,NaN,NaN,NaN,NaN,NaN,NaN,NaN,NaN,0.08133,0.945,3,4,4,4,3,2,0,0,0,0,0,0,0,0,0,0,0,0,0,0,3,3,32
13125.032476,1.876e-27,0.0598,0.075,0,0.75,-0.02625,NaN,NaN,NaN,NaN,NaN,NaN,NaN,NaN,NaN,NaN,NaN,NaN,NaN,NaN,0.08133,0.945,3,4,4,4,3,2,0,0,0,0,0,0,0,0,0,0,0,0,0,0,3,3,32
13125.268183,1.06e-27,0.0598,0.075,0,0.75,-0.026251,NaN,NaN,NaN,NaN,NaN,NaN,NaN,NaN,NaN,NaN,NaN,NaN,NaN,NaN,0.08133,0.945,3,4,4,4,3,2,0,0,0,0,0,0,0,0,0,0,0,0,0,0,3,3,32
13125.329522,3.438e-27,0.0598,0.075,0,0.75,-0.026251,NaN,NaN,NaN,NaN,NaN,NaN,NaN,NaN,NaN,NaN,NaN,NaN,NaN,NaN,0.08133,0.945,3,4,4,4,3,2,0,0,0,0,0,0,0,0,0,0,0,0,0,0,3,3,32
13125.471408,2.186e-27,0.0598,0.075,0,0.75,-0.026251,NaN,NaN,NaN,NaN,NaN,NaN,NaN,NaN,NaN,NaN,NaN,NaN,NaN,NaN,0.08133,0.945,3,4,4,4,3,2,0,0,0,0,0,0,0,0,0,0,0,0,0,0,3,3,32
13125.515199,3.544e-27,0.0598,0.075,0,0.75,-0.026251,NaN,NaN,NaN,NaN,NaN,NaN,NaN,NaN,NaN,NaN,NaN,NaN,NaN,NaN,0.08133,0.945,3,4,4,4,3,2,0,0,0,0,0,0,0,0,0,0,0,0,0,0,3,3,32
13125.576663,2.081e-27,0.0598,0.075,0,0.75,-0.026251,NaN,NaN,NaN,NaN,NaN,NaN,NaN,NaN,NaN,NaN,NaN,NaN,NaN,NaN,0.08133,0.945,3,4,4,4,3,2,0,0,0,0,0,0,0,0,0,0,0,0,0,0,3,3,32
13125.64773,6.604e-28,0.0598,0.075,0,0.75,-0.026251,NaN,NaN,NaN,NaN,NaN,NaN,NaN,NaN,NaN,NaN,NaN,NaN,NaN,NaN,0.08133,0.945,3,4,4,4,3,2,0,0,0,0,0,0,0,0,0,0,0,0,0,0,3,3,32
13125.745479,4.104e-28,0.0598,0.075,0,0.75,-0.026251,NaN,NaN,NaN,NaN,NaN,NaN,NaN,NaN,NaN,NaN,NaN,NaN,NaN,NaN,0.08133,0.945,3,4,4,4,3,2,0,0,0,0,0,0,0,0,0,0,0,0,0,0,3,3,32
13125.796746,1.298e-27,0.0598,0.075,0,0.75,-0.026252,NaN,NaN,NaN,NaN,NaN,NaN,NaN,NaN,NaN,NaN,NaN,NaN,NaN,NaN,0.08133,0.945,3,4,4,4,3,2,0,0,0,0,0,0,0,0,0,0,0,0,0,0,3,3,32
13125.888237,8.499e-28,0.0598,0.075,0,0.75,-0.026252,NaN,NaN,NaN,NaN,NaN,NaN,NaN,NaN,NaN,NaN,NaN,NaN,NaN,NaN,0.08133,0.945,3,4,4,4,3,2,0,0,0,0,0,0,0,0,0,0,0,0,0,0,3,3,32
13126.01737,3.205e-27,0.0598,0.075,0,0.75,-0.026252,NaN,NaN,NaN,NaN,NaN,NaN,NaN,NaN,NaN,NaN,NaN,NaN,NaN,NaN,0.08133,0.945,3,4,4,4,3,2,0,0,0,0,0,0,0,0,0,0,0,0,0,0,3,3,32
13126.180969,1.252e-27,0.0598,0.075,0,0.75,-0.026252,NaN,NaN,NaN,NaN,NaN,NaN,NaN,NaN,NaN,NaN,NaN,NaN,NaN,NaN,0.08133,0.945,3,4,4,4,3,2,0,0,0,0,0,0,0,0,0,0,0,0,0,0,3,3,32
13126.239349,5.842e-28,0.0598,0.075,0,0.75,-0.026252,NaN,NaN,NaN,NaN,NaN,NaN,NaN,NaN,NaN,NaN,NaN,NaN,NaN,NaN,0.08133,0.945,3,4,4,4,3,2,0,0,0,0,0,0,0,0,0,0,0,0,0,0,3,3,32
13126.327943,9.425e-28,0.0598,0.075,0,0.75,-0.026253,NaN,NaN,NaN,NaN,NaN,NaN,NaN,NaN,NaN,NaN,NaN,NaN,NaN,NaN,0.08133,0.945,3,4,4,4,3,2,0,0,0,0,0,0,0,0,0,0,0,0,0,0,3,3,32
13126.41178,2.869e-27,0.0598,0.075,0,0.75,-0.026253,NaN,NaN,NaN,NaN,NaN,NaN,NaN,NaN,NaN,NaN,NaN,NaN,NaN,NaN,0.08133,0.945,3,4,4,4,3,2,0,0,0,0,0,0,0,0,0,0,0,0,0,0,3,3,32
13126.522075,1.297e-27,0.0598,0.075,0,0.75,-0.026253,NaN,NaN,NaN,NaN,NaN,NaN,NaN,NaN,NaN,NaN,NaN,NaN,NaN,NaN,0.08133,0.945,3,4,4,4,3,2,0,0,0,0,0,0,0,0,0,0,0,0,0,0,3,3,32
13126.658706,4.645e-28,0.0598,0.075,0,0.75,-0.026253,NaN,NaN,NaN,NaN,NaN,NaN,NaN,NaN,NaN,NaN,NaN,NaN,NaN,NaN,0.08133,0.945,3,4,4,4,3,2,0,0,0,0,0,0,0,0,0,0,0,0,0,0,3,3,32
13126.857374,7.257e-28,0.0598,0.075,0,0.75,-0.026254,NaN,NaN,NaN,NaN,NaN,NaN,NaN,NaN,NaN,NaN,NaN,NaN,NaN,NaN,0.08133,0.945,3,4,4,4,3,2,0,0,0,0,0,0,0,0,0,0,0,0,0,0,3,3,32
13126.932737,2.936e-27,0.0598,0.075,0,0.75,-0.026254,NaN,NaN,NaN,NaN,NaN,NaN,NaN,NaN,NaN,NaN,NaN,NaN,NaN,NaN,0.08133,0.945,3,4,4,4,3,2,0,0,0,0,0,0,0,0,0,0,0,0,0,0,3,3,32
13127.038122,4.275e-27,0.0598,0.075,0,0.75,-0.026254,NaN,NaN,NaN,NaN,NaN,NaN,NaN,NaN,NaN,NaN,NaN,NaN,NaN,NaN,0.08133,0.945,3,4,4,4,3,2,0,0,0,0,0,0,0,0,0,0,0,0,0,0,3,3,32
13127.080106,1.286e-27,0.0598,0.075,0,0.75,-0.026254,NaN,NaN,NaN,NaN,NaN,NaN,NaN,NaN,NaN,NaN,NaN,NaN,NaN,NaN,0.08133,0.945,3,4,4,4,3,2,0,0,0,0,0,0,0,0,0,0,0,0,0,0,3,3,32
13127.136681,8.706e-28,0.0598,0.075,0,0.75,-0.026254,NaN,NaN,NaN,NaN,NaN,NaN,NaN,NaN,NaN,NaN,NaN,NaN,NaN,NaN,0.08133,0.945,3,4,4,4,3,2,0,0,0,0,0,0,0,0,0,0,0,0,0,0,3,3,32
13127.205885,1e-27,0.0598,0.075,0,0.75,-0.026254,NaN,NaN,NaN,NaN,NaN,NaN,NaN,NaN,NaN,NaN,NaN,NaN,NaN,NaN,0.08133,0.945,3,4,4,4,3,2,0,0,0,0,0,0,0,0,0,0,0,0,0,0,3,3,32
13127.45121,1.25e-27,0.0598,0.075,0,0.75,-0.026255,NaN,NaN,NaN,NaN,NaN,NaN,NaN,NaN,NaN,NaN,NaN,NaN,NaN,NaN,0.08133,0.945,3,4,4,4,3,2,0,0,0,0,0,0,0,0,0,0,0,0,0,0,3,3,32
13127.536912,1.468e-27,0.0598,0.075,0,0.75,-0.026255,NaN,NaN,NaN,NaN,NaN,NaN,NaN,NaN,NaN,NaN,NaN,NaN,NaN,NaN,0.08133,0.945,3,4,4,4,3,2,0,0,0,0,0,0,0,0,0,0,0,0,0,0,3,3,32
13127.603782,1.982e-27,0.0598,0.075,0,0.75,-0.026255,NaN,NaN,NaN,NaN,NaN,NaN,NaN,NaN,NaN,NaN,NaN,NaN,NaN,NaN,0.08133,0.945,3,4,4,4,3,2,0,0,0,0,0,0,0,0,0,0,0,0,0,0,3,3,32
13127.69834,1.444e-27,0.0598,0.075,0,0.75,-0.026255,NaN,NaN,NaN,NaN,NaN,NaN,NaN,NaN,NaN,NaN,NaN,NaN,NaN,NaN,0.08133,0.945,3,4,4,4,3,2,0,0,0,0,0,0,0,0,0,0,0,0,0,0,3,3,32
13127.762121,4.935e-28,0.0598,0.075,0,0.75,-0.026256,NaN,NaN,NaN,NaN,NaN,NaN,NaN,NaN,NaN,NaN,NaN,NaN,NaN,NaN,0.08133,0.945,3,4,4,4,3,2,0,0,0,0,0,0,0,0,0,0,0,0,0,0,3,3,32
13127.937073,8.79e-28,0.0598,0.075,0,0.75,-0.026256,NaN,NaN,NaN,NaN,NaN,NaN,NaN,NaN,NaN,NaN,NaN,NaN,NaN,NaN,0.08133,0.945,3,4,4,4,3,2,0,0,0,0,0,0,0,0,0,0,0,0,0,0,3,3,32
13128.032519,1.2e-27,0.0598,0.075,0,0.75,-0.026256,NaN,NaN,NaN,NaN,NaN,NaN,NaN,NaN,NaN,NaN,NaN,NaN,NaN,NaN,0.08133,0.945,3,4,4,4,3,2,0,0,0,0,0,0,0,0,0,0,0,0,0,0,3,3,32
13128.088784,5.269e-28,0.0598,0.075,0,0.75,-0.026256,NaN,NaN,NaN,NaN,NaN,NaN,NaN,NaN,NaN,NaN,NaN,NaN,NaN,NaN,0.08133,0.945,3,4,4,4,3,2,0,0,0,0,0,0,0,0,0,0,0,0,0,0,3,3,32
13128.1534,1.868e-27,0.0598,0.075,0,0.75,-0.026256,NaN,NaN,NaN,NaN,NaN,NaN,NaN,NaN,NaN,NaN,NaN,NaN,NaN,NaN,0.08133,0.945,3,4,4,4,3,2,0,0,0,0,0,0,0,0,0,0,0,0,0,0,3,3,32
13128.201817,9.104e-28,0.0598,0.075,0,0.75,-0.026256,NaN,NaN,NaN,NaN,NaN,NaN,NaN,NaN,NaN,NaN,NaN,NaN,NaN,NaN,0.08133,0.945,3,4,4,4,3,2,0,0,0,0,0,0,0,0,0,0,0,0,0,0,3,3,32
13128.293579,3.256e-27,0.0598,0.075,0,0.75,-0.026257,NaN,NaN,NaN,NaN,NaN,NaN,NaN,NaN,NaN,NaN,NaN,NaN,NaN,NaN,0.08133,0.945,3,4,4,4,3,2,0,0,0,0,0,0,0,0,0,0,0,0,0,0,3,3,32
13128.345578,1.29e-27,0.0598,0.075,0,0.75,-0.026257,NaN,NaN,NaN,NaN,NaN,NaN,NaN,NaN,NaN,NaN,NaN,NaN,NaN,NaN,0.08133,0.945,3,4,4,4,3,2,0,0,0,0,0,0,0,0,0,0,0,0,0,0,3,3,32
13128.416813,1.468e-27,0.0598,0.075,0,0.75,-0.026257,NaN,NaN,NaN,NaN,NaN,NaN,NaN,NaN,NaN,NaN,NaN,NaN,NaN,NaN,0.08133,0.945,3,4,4,4,3,2,0,0,0,0,0,0,0,0,0,0,0,0,0,0,3,3,32
13128.480352,6.509e-27,0.0598,0.075,0,0.75,-0.026257,NaN,NaN,NaN,NaN,NaN,NaN,NaN,NaN,NaN,NaN,NaN,NaN,NaN,NaN,0.08133,0.945,3,5,4,4,3,2,0,0,0,0,0,0,0,0,0,0,0,0,0,0,3,3,32
13128.569803,3.432e-27,0.0598,0.075,0,0.75,-0.026257,NaN,NaN,NaN,NaN,NaN,NaN,NaN,NaN,NaN,NaN,NaN,NaN,NaN,NaN,0.08133,0.945,3,4,4,4,3,2,0,0,0,0,0,0,0,0,0,0,0,0,0,0,3,3,32
13128.623605,1.246e-27,0.0598,0.075,0,0.75,-0.026257,NaN,NaN,NaN,NaN,NaN,NaN,NaN,NaN,NaN,NaN,NaN,NaN,NaN,NaN,0.08133,0.945,3,4,4,4,3,2,0,0,0,0,0,0,0,0,0,0,0,0,0,0,3,3,32
13128.779764,3.436e-27,0.0598,0.075,0,0.75,-0.026258,NaN,NaN,NaN,NaN,NaN,NaN,NaN,NaN,NaN,NaN,NaN,NaN,NaN,NaN,0.08133,0.945,3,4,4,4,3,2,0,0,0,0,0,0,0,0,0,0,0,0,0,0,3,3,32
13128.920081,2.604e-27,0.0598,0.075,0,0.75,-0.026258,NaN,NaN,NaN,NaN,NaN,NaN,NaN,NaN,NaN,NaN,NaN,NaN,NaN,NaN,0.08133,0.945,3,4,4,4,3,2,0,0,0,0,0,0,0,0,0,0,0,0,0,0,3,3,32
13128.998658,3.064e-27,0.0598,0.075,0,0.75,-0.026258,NaN,NaN,NaN,NaN,NaN,NaN,NaN,NaN,NaN,NaN,NaN,NaN,NaN,NaN,0.08133,0.945,3,4,4,4,3,2,0,0,0,0,0,0,0,0,0,0,0,0,0,0,3,3,32
13129.319807,1.577e-27,0.0598,0.075,0,0.75,-0.026259,NaN,NaN,NaN,NaN,NaN,NaN,NaN,NaN,NaN,NaN,NaN,NaN,NaN,NaN,0.08133,0.945,3,4,4,4,3,2,0,0,0,0,0,0,0,0,0,0,0,0,0,0,3,3,32
13129.391483,1.086e-27,0.0598,0.075,0,0.75,-0.026259,NaN,NaN,NaN,NaN,NaN,NaN,NaN,NaN,NaN,NaN,NaN,NaN,NaN,NaN,0.08133,0.945,3,4,4,4,3,2,0,0,0,0,0,0,0,0,0,0,0,0,0,0,3,3,32
13129.488107,2.284e-27,0.0598,0.075,0,0.75,-0.026259,NaN,NaN,NaN,NaN,NaN,NaN,NaN,NaN,NaN,NaN,NaN,NaN,NaN,NaN,0.08133,0.945,3,4,4,4,3,2,0,0,0,0,0,0,0,0,0,0,0,0,0,0,3,3,32
13129.59863,5.894e-28,0.0598,0.075,0,0.75,-0.026259,NaN,NaN,NaN,NaN,NaN,NaN,NaN,NaN,NaN,NaN,NaN,NaN,NaN,NaN,0.08133,0.945,3,4,4,4,3,2,0,0,0,0,0,0,0,0,0,0,0,0,0,0,3,3,32
13129.673054,1.098e-27,0.0598,0.075,0,0.75,-0.026259,NaN,NaN,NaN,NaN,NaN,NaN,NaN,NaN,NaN,NaN,NaN,NaN,NaN,NaN,0.08133,0.945,3,4,4,4,3,2,0,0,0,0,0,0,0,0,0,0,0,0,0,0,3,3,32
13129.733975,1.064e-27,0.0598,0.075,0,0.75,-0.026259,NaN,NaN,NaN,NaN,NaN,NaN,NaN,NaN,NaN,NaN,NaN,NaN,NaN,NaN,0.08133,0.945,3,4,4,4,3,2,0,0,0,0,0,0,0,0,0,0,0,0,0,0,3,3,32
13129.791879,1.001e-27,0.0598,0.075,0,0.75,-0.02626,NaN,NaN,NaN,NaN,NaN,NaN,NaN,NaN,NaN,NaN,NaN,NaN,NaN,NaN,0.08133,0.945,3,4,4,4,3,2,0,0,0,0,0,0,0,0,0,0,0,0,0,0,3,3,32
13129.862066,9.275e-28,0.0598,0.075,0,0.75,-0.02626,NaN,NaN,NaN,NaN,NaN,NaN,NaN,NaN,NaN,NaN,NaN,NaN,NaN,NaN,0.08133,0.945,3,4,4,4,3,2,0,0,0,0,0,0,0,0,0,0,0,0,0,0,3,3,32
13129.961985,3.068e-27,0.0598,0.075,0,0.75,-0.02626,NaN,NaN,NaN,NaN,NaN,NaN,NaN,NaN,NaN,NaN,NaN,NaN,NaN,NaN,0.08133,0.945,3,4,4,4,3,2,0,0,0,0,0,0,0,0,0,0,0,0,0,0,3,3,32
13130.062757,1.909e-27,0.0598,0.075,0,0.75,-0.02626,NaN,NaN,NaN,NaN,NaN,NaN,NaN,NaN,NaN,NaN,NaN,NaN,NaN,NaN,0.08133,0.945,3,4,4,4,3,2,0,0,0,0,0,0,0,0,0,0,0,0,0,0,3,3,32
13130.177849,1.83e-27,0.0598,0.075,0,0.75,-0.02626,NaN,NaN,NaN,NaN,NaN,NaN,NaN,NaN,NaN,NaN,NaN,NaN,NaN,NaN,0.08133,0.945,3,4,4,4,3,2,0,0,0,0,0,0,0,0,0,0,0,0,0,0,3,3,32
13130.284073,2.905e-27,0.0598,0.075,0,0.75,-0.026261,NaN,NaN,NaN,NaN,NaN,NaN,NaN,NaN,NaN,NaN,NaN,NaN,NaN,NaN,0.08133,0.945,3,4,4,4,3,2,0,0,0,0,0,0,0,0,0,0,0,0,0,0,3,3,32
13130.428169,1.94e-27,0.0598,0.075,0,0.75,-0.026261,NaN,NaN,NaN,NaN,NaN,NaN,NaN,NaN,NaN,NaN,NaN,NaN,NaN,NaN,0.08133,0.945,3,4,4,4,3,2,0,0,0,0,0,0,0,0,0,0,0,0,0,0,3,3,32
13130.542708,4.556e-27,0.0598,0.075,0,0.75,-0.026261,NaN,NaN,NaN,NaN,NaN,NaN,NaN,NaN,NaN,NaN,NaN,NaN,NaN,NaN,0.08133,0.945,3,4,4,4,3,2,0,0,0,0,0,0,0,0,0,0,0,0,0,0,3,3,32
13130.795917,5.984e-27,0.0598,0.075,0,0.75,-0.026262,NaN,NaN,NaN,NaN,NaN,NaN,NaN,NaN,NaN,NaN,NaN,NaN,NaN,NaN,0.08133,0.945,3,5,4,4,3,2,0,0,0,0,0,0,0,0,0,0,0,0,0,0,3,3,32
13130.930834,4.024e-27,0.0598,0.075,0,0.75,-0.026262,NaN,NaN,NaN,NaN,NaN,NaN,NaN,NaN,NaN,NaN,NaN,NaN,NaN,NaN,0.08133,0.945,3,4,4,4,3,2,0,0,0,0,0,0,0,0,0,0,0,0,0,0,3,3,32
13131.037237,4.363e-28,0.0598,0.075,0,0.75,-0.026262,NaN,NaN,NaN,NaN,NaN,NaN,NaN,NaN,NaN,NaN,NaN,NaN,NaN,NaN,0.08133,0.945,3,4,4,4,3,2,0,0,0,0,0,0,0,0,0,0,0,0,0,0,3,3,32
13131.116481,5.138e-27,0.0598,0.075,0,0.75,-0.026262,NaN,NaN,NaN,NaN,NaN,NaN,NaN,NaN,NaN,NaN,NaN,NaN,NaN,NaN,0.08133,0.945,3,5,4,4,3,2,0,0,0,0,0,0,0,0,0,0,0,0,0,0,3,3,32
13131.231967,9.005e-28,0.0598,0.075,0,0.75,-0.026262,NaN,NaN,NaN,NaN,NaN,NaN,NaN,NaN,NaN,NaN,NaN,NaN,NaN,NaN,0.08133,0.945,3,4,4,4,3,2,0,0,0,0,0,0,0,0,0,0,0,0,0,0,3,3,32
13131.382846,2.679e-27,0.0598,0.075,0,0.75,-0.026263,NaN,NaN,NaN,NaN,NaN,NaN,NaN,NaN,NaN,NaN,NaN,NaN,NaN,NaN,0.08133,0.945,3,4,4,4,3,2,0,0,0,0,0,0,0,0,0,0,0,0,0,0,3,3,32
13131.54066,4.065e-28,0.0598,0.075,0,0.75,-0.026263,NaN,NaN,NaN,NaN,NaN,NaN,NaN,NaN,NaN,NaN,NaN,NaN,NaN,NaN,0.08133,0.945,3,4,4,4,3,2,0,0,0,0,0,0,0,0,0,0,0,0,0,0,3,3,32
13131.620565,9.875e-28,0.0598,0.075,0,0.75,-0.026263,NaN,NaN,NaN,NaN,NaN,NaN,NaN,NaN,NaN,NaN,NaN,NaN,NaN,NaN,0.08133,0.945,3,4,4,4,3,2,0,0,0,0,0,0,0,0,0,0,0,0,0,0,3,3,32
13131.681894,1.852e-27,0.0598,0.075,0,0.75,-0.026263,NaN,NaN,NaN,NaN,NaN,NaN,NaN,NaN,NaN,NaN,NaN,NaN,NaN,NaN,0.08133,0.945,3,4,4,4,3,2,0,0,0,0,0,0,0,0,0,0,0,0,0,0,3,3,32
13131.91163,3.207e-27,0.0598,0.075,0,0.75,-0.026264,NaN,NaN,NaN,NaN,NaN,NaN,NaN,NaN,NaN,NaN,NaN,NaN,NaN,NaN,0.08133,0.945,3,4,4,4,3,2,0,0,0,0,0,0,0,0,0,0,0,0,0,0,3,3,32
13132.092587,2.839e-27,0.0598,0.075,0,0.75,-0.026264,NaN,NaN,NaN,NaN,NaN,NaN,NaN,NaN,NaN,NaN,NaN,NaN,NaN,NaN,0.08133,0.945,3,4,4,4,3,2,0,0,0,0,0,0,0,0,0,0,0,0,0,0,3,3,32
13132.150824,4.556e-28,0.0598,0.075,0,0.75,-0.026264,NaN,NaN,NaN,NaN,NaN,NaN,NaN,NaN,NaN,NaN,NaN,NaN,NaN,NaN,0.08133,0.945,3,4,4,4,3,2,0,0,0,0,0,0,0,0,0,0,0,0,0,0,3,3,32
13132.35697,9.666e-28,0.0598,0.075,0,0.75,-0.026265,NaN,NaN,NaN,NaN,NaN,NaN,NaN,NaN,NaN,NaN,NaN,NaN,NaN,NaN,0.08133,0.945,3,4,4,4,3,2,0,0,0,0,0,0,0,0,0,0,0,0,0,0,3,3,32
13132.424029,1.595e-27,0.0598,0.075,0,0.75,-0.026265,NaN,NaN,NaN,NaN,NaN,NaN,NaN,NaN,NaN,NaN,NaN,NaN,NaN,NaN,0.08133,0.945,3,4,4,4,3,2,0,0,0,0,0,0,0,0,0,0,0,0,0,0,3,3,32
13132.489318,8.294e-28,0.0598,0.075,0,0.75,-0.026265,NaN,NaN,NaN,NaN,NaN,NaN,NaN,NaN,NaN,NaN,NaN,NaN,NaN,NaN,0.08133,0.945,3,4,4,4,3,2,0,0,0,0,0,0,0,0,0,0,0,0,0,0,3,3,32
13132.599643,2.613e-27,0.0598,0.075,0,0.75,-0.026265,NaN,NaN,NaN,NaN,NaN,NaN,NaN,NaN,NaN,NaN,NaN,NaN,NaN,NaN,0.08133,0.945,3,4,4,4,3,2,0,0,0,0,0,0,0,0,0,0,0,0,0,0,3,3,32
13132.677065,1.463e-27,0.0598,0.075,0,0.75,-0.026265,NaN,NaN,NaN,NaN,NaN,NaN,NaN,NaN,NaN,NaN,NaN,NaN,NaN,NaN,0.08133,0.945,3,4,4,4,3,2,0,0,0,0,0,0,0,0,0,0,0,0,0,0,3,3,32
13132.781561,2.17e-27,0.0598,0.075,0,0.75,-0.026266,NaN,NaN,NaN,NaN,NaN,NaN,NaN,NaN,NaN,NaN,NaN,NaN,NaN,NaN,0.08133,0.945,3,4,4,4,3,2,0,0,0,0,0,0,0,0,0,0,0,0,0,0,3,3,32
13132.932644,6.568e-28,0.0598,0.075,0,0.75,-0.026266,NaN,NaN,NaN,NaN,NaN,NaN,NaN,NaN,NaN,NaN,NaN,NaN,NaN,NaN,0.08133,0.945,3,4,4,4,3,2,0,0,0,0,0,0,0,0,0,0,0,0,0,0,3,3,32
13133.026608,2.421e-27,0.0598,0.075,0,0.75,-0.026266,NaN,NaN,NaN,NaN,NaN,NaN,NaN,NaN,NaN,NaN,NaN,NaN,NaN,NaN,0.08133,0.945,3,4,4,4,3,2,0,0,0,0,0,0,0,0,0,0,0,0,0,0,3,3,32
13133.22124,1.133e-27,0.0598,0.075,0,0.75,-0.026266,NaN,NaN,NaN,NaN,NaN,NaN,NaN,NaN,NaN,NaN,NaN,NaN,NaN,NaN,0.08133,0.945,3,4,4,4,3,2,0,0,0,0,0,0,0,0,0,0,0,0,0,0,3,3,32
13133.29462,1.662e-27,0.0598,0.075,0,0.75,-0.026267,NaN,NaN,NaN,NaN,NaN,NaN,NaN,NaN,NaN,NaN,NaN,NaN,NaN,NaN,0.08133,0.945,3,4,4,4,3,2,0,0,0,0,0,0,0,0,0,0,0,0,0,0,3,3,32
13133.341446,2.355e-27,0.0598,0.075,0,0.75,-0.026267,NaN,NaN,NaN,NaN,NaN,NaN,NaN,NaN,NaN,NaN,NaN,NaN,NaN,NaN,0.08133,0.945,3,4,4,4,3,2,0,0,0,0,0,0,0,0,0,0,0,0,0,0,3,3,32
13133.557148,2.895e-27,0.0598,0.075,0,0.75,-0.026267,NaN,NaN,NaN,NaN,NaN,NaN,NaN,NaN,NaN,NaN,NaN,NaN,NaN,NaN,0.08133,0.945,3,4,4,4,3,2,0,0,0,0,0,0,0,0,0,0,0,0,0,0,3,3,32
13133.621451,1.354e-27,0.0598,0.075,0,0.75,-0.026267,NaN,NaN,NaN,NaN,NaN,NaN,NaN,NaN,NaN,NaN,NaN,NaN,NaN,NaN,0.08133,0.945,3,4,4,4,3,2,0,0,0,0,0,0,0,0,0,0,0,0,0,0,3,3,32
13133.695954,1.156e-27,0.0598,0.075,0,0.75,-0.026267,NaN,NaN,NaN,NaN,NaN,NaN,NaN,NaN,NaN,NaN,NaN,NaN,NaN,NaN,0.08133,0.945,3,4,4,4,3,2,0,0,0,0,0,0,0,0,0,0,0,0,0,0,3,3,32
13133.846912,2.868e-27,0.0598,0.075,0,0.75,-0.026268,NaN,NaN,NaN,NaN,NaN,NaN,NaN,NaN,NaN,NaN,NaN,NaN,NaN,NaN,0.08133,0.945,3,4,4,4,3,2,0,0,0,0,0,0,0,0,0,0,0,0,0,0,3,3,32
13133.951754,1.285e-27,0.0598,0.075,0,0.75,-0.026268,NaN,NaN,NaN,NaN,NaN,NaN,NaN,NaN,NaN,NaN,NaN,NaN,NaN,NaN,0.08133,0.945,3,4,4,4,3,2,0,0,0,0,0,0,0,0,0,0,0,0,0,0,3,3,32
13134.034041,4.215e-28,0.0598,0.075,0,0.75,-0.026268,NaN,NaN,NaN,NaN,NaN,NaN,NaN,NaN,NaN,NaN,NaN,NaN,NaN,NaN,0.08133,0.945,3,4,4,4,3,2,0,0,0,0,0,0,0,0,0,0,0,0,0,0,3,3,32
13134.248425,2.453e-27,0.0598,0.075,0,0.75,-0.026268,NaN,NaN,NaN,NaN,NaN,NaN,NaN,NaN,NaN,NaN,NaN,NaN,NaN,NaN,0.08133,0.945,3,4,4,4,3,2,0,0,0,0,0,0,0,0,0,0,0,0,0,0,3,3,32
13134.310643,1.156e-27,0.0598,0.075,0,0.75,-0.026269,NaN,NaN,NaN,NaN,NaN,NaN,NaN,NaN,NaN,NaN,NaN,NaN,NaN,NaN,0.08133,0.945,3,4,4,4,3,2,0,0,0,0,0,0,0,0,0,0,0,0,0,0,3,3,32
13134.381686,8.819e-28,0.0598,0.075,0,0.75,-0.026269,NaN,NaN,NaN,NaN,NaN,NaN,NaN,NaN,NaN,NaN,NaN,NaN,NaN,NaN,0.08133,0.945,3,4,4,4,3,2,0,0,0,0,0,0,0,0,0,0,0,0,0,0,3,3,32
13134.471101,3.722e-27,0.0598,0.075,0,0.75,-0.026269,NaN,NaN,NaN,NaN,NaN,NaN,NaN,NaN,NaN,NaN,NaN,NaN,NaN,NaN,0.08133,0.945,3,4,4,4,3,2,0,0,0,0,0,0,0,0,0,0,0,0,0,0,3,3,32
13134.563049,8.727e-28,0.0598,0.075,0,0.75,-0.026269,NaN,NaN,NaN,NaN,NaN,NaN,NaN,NaN,NaN,NaN,NaN,NaN,NaN,NaN,0.08133,0.945,3,4,4,4,3,2,0,0,0,0,0,0,0,0,0,0,0,0,0,0,3,3,32
13134.679457,1.04e-27,0.0598,0.075,0,0.75,-0.026269,NaN,NaN,NaN,NaN,NaN,NaN,NaN,NaN,NaN,NaN,NaN,NaN,NaN,NaN,0.08133,0.945,3,4,4,4,3,2,0,0,0,0,0,0,0,0,0,0,0,0,0,0,3,3,32
13134.850888,1.832e-27,0.0598,0.075,0,0.75,-0.02627,NaN,NaN,NaN,NaN,NaN,NaN,NaN,NaN,NaN,NaN,NaN,NaN,NaN,NaN,0.08133,0.945,3,4,4,4,3,2,0,0,0,0,0,0,0,0,0,0,0,0,0,0,3,3,32
13134.930505,2.833e-27,0.0598,0.075,0,0.75,-0.02627,NaN,NaN,NaN,NaN,NaN,NaN,NaN,NaN,NaN,NaN,NaN,NaN,NaN,NaN,0.08133,0.945,3,4,4,4,3,2,0,0,0,0,0,0,0,0,0,0,0,0,0,0,3,3,32
13135.015074,4.009e-27,0.0598,0.075,0,0.75,-0.02627,NaN,NaN,NaN,NaN,NaN,NaN,NaN,NaN,NaN,NaN,NaN,NaN,NaN,NaN,0.08133,0.945,3,4,4,4,3,2,0,0,0,0,0,0,0,0,0,0,0,0,0,0,3,3,32
13135.10748,4.648e-27,0.0598,0.075,0,0.75,-0.02627,NaN,NaN,NaN,NaN,NaN,NaN,NaN,NaN,NaN,NaN,NaN,NaN,NaN,NaN,0.08133,0.945,3,4,4,4,3,2,0,0,0,0,0,0,0,0,0,0,0,0,0,0,3,3,32
13135.168969,1.329e-27,0.0598,0.075,0,0.75,-0.02627,NaN,NaN,NaN,NaN,NaN,NaN,NaN,NaN,NaN,NaN,NaN,NaN,NaN,NaN,0.08133,0.945,3,4,4,4,3,2,0,0,0,0,0,0,0,0,0,0,0,0,0,0,3,3,32
13135.28126,1.945e-27,0.0598,0.075,0,0.75,-0.026271,NaN,NaN,NaN,NaN,NaN,NaN,NaN,NaN,NaN,NaN,NaN,NaN,NaN,NaN,0.08133,0.945,3,4,4,4,3,2,0,0,0,0,0,0,0,0,0,0,0,0,0,0,3,3,32
13135.327493,4.869e-28,0.0598,0.075,0,0.75,-0.026271,NaN,NaN,NaN,NaN,NaN,NaN,NaN,NaN,NaN,NaN,NaN,NaN,NaN,NaN,0.08133,0.945,3,4,4,4,3,2,0,0,0,0,0,0,0,0,0,0,0,0,0,0,3,3,32
13135.481293,5.059e-28,0.0598,0.075,0,0.75,-0.026271,NaN,NaN,NaN,NaN,NaN,NaN,NaN,NaN,NaN,NaN,NaN,NaN,NaN,NaN,0.08133,0.945,3,4,4,4,3,2,0,0,0,0,0,0,0,0,0,0,0,0,0,0,3,3,32
13135.677877,1.913e-27,0.0598,0.075,0,0.75,-0.026271,NaN,NaN,NaN,NaN,NaN,NaN,NaN,NaN,NaN,NaN,NaN,NaN,NaN,NaN,0.08133,0.945,3,4,4,4,3,2,0,0,0,0,0,0,0,0,0,0,0,0,0,0,3,3,32
13135.755574,1.518e-27,0.0598,0.075,0,0.75,-0.026272,NaN,NaN,NaN,NaN,NaN,NaN,NaN,NaN,NaN,NaN,NaN,NaN,NaN,NaN,0.08133,0.945,3,4,4,4,3,2,0,0,0,0,0,0,0,0,0,0,0,0,0,0,3,3,32
13135.809252,1.378e-27,0.0598,0.075,0,0.75,-0.026272,NaN,NaN,NaN,NaN,NaN,NaN,NaN,NaN,NaN,NaN,NaN,NaN,NaN,NaN,0.08133,0.945,3,4,4,4,3,2,0,0,0,0,0,0,0,0,0,0,0,0,0,0,3,3,32
13135.876213,1.78e-27,0.0598,0.075,0,0.75,-0.026272,NaN,NaN,NaN,NaN,NaN,NaN,NaN,NaN,NaN,NaN,NaN,NaN,NaN,NaN,0.08133,0.945,3,4,4,4,3,2,0,0,0,0,0,0,0,0,0,0,0,0,0,0,3,3,32
13136.059501,3.464e-27,0.0598,0.075,0,0.75,-0.026272,NaN,NaN,NaN,NaN,NaN,NaN,NaN,NaN,NaN,NaN,NaN,NaN,NaN,NaN,0.08133,0.945,3,4,4,4,3,2,0,0,0,0,0,0,0,0,0,0,0,0,0,0,3,3,32
13136.354233,1.206e-27,0.0598,0.075,0,0.75,-0.026273,NaN,NaN,NaN,NaN,NaN,NaN,NaN,NaN,NaN,NaN,NaN,NaN,NaN,NaN,0.08133,0.945,3,4,4,4,3,2,0,0,0,0,0,0,0,0,0,0,0,0,0,0,3,3,32
13136.552616,1.845e-27,0.0598,0.075,0,0.75,-0.026273,NaN,NaN,NaN,NaN,NaN,NaN,NaN,NaN,NaN,NaN,NaN,NaN,NaN,NaN,0.08133,0.945,3,4,4,4,3,2,0,0,0,0,0,0,0,0,0,0,0,0,0,0,3,3,32
13136.711501,1.794e-27,0.0598,0.075,0,0.75,-0.026273,NaN,NaN,NaN,NaN,NaN,NaN,NaN,NaN,NaN,NaN,NaN,NaN,NaN,NaN,0.08133,0.945,3,4,4,4,3,2,0,0,0,0,0,0,0,0,0,0,0,0,0,0,3,3,32
13136.912812,1.886e-27,0.0598,0.075,0,0.75,-0.026274,NaN,NaN,NaN,NaN,NaN,NaN,NaN,NaN,NaN,NaN,NaN,NaN,NaN,NaN,0.08133,0.945,3,4,4,4,3,2,0,0,0,0,0,0,0,0,0,0,0,0,0,0,3,3,32
13136.983737,9.378e-28,0.0598,0.075,0,0.75,-0.026274,NaN,NaN,NaN,NaN,NaN,NaN,NaN,NaN,NaN,NaN,NaN,NaN,NaN,NaN,0.08133,0.945,3,4,4,4,3,2,0,0,0,0,0,0,0,0,0,0,0,0,0,0,3,3,32
13137.045552,1.186e-27,0.0598,0.075,0,0.75,-0.026274,NaN,NaN,NaN,NaN,NaN,NaN,NaN,NaN,NaN,NaN,NaN,NaN,NaN,NaN,0.08133,0.945,3,4,4,4,3,2,0,0,0,0,0,0,0,0,0,0,0,0,0,0,3,3,32
13137.181663,3.379e-27,0.0598,0.075,0,0.75,-0.026274,NaN,NaN,NaN,NaN,NaN,NaN,NaN,NaN,NaN,NaN,NaN,NaN,NaN,NaN,0.08133,0.945,3,4,4,4,3,2,0,0,0,0,0,0,0,0,0,0,0,0,0,0,3,3,32
13137.336925,3.809e-27,0.0598,0.075,0,0.75,-0.026275,NaN,NaN,NaN,NaN,NaN,NaN,NaN,NaN,NaN,NaN,NaN,NaN,NaN,NaN,0.08133,0.945,3,4,4,4,3,2,0,0,0,0,0,0,0,0,0,0,0,0,0,0,3,3,32
13137.502432,6.974e-28,0.0598,0.075,0,0.75,-0.026275,NaN,NaN,NaN,NaN,NaN,NaN,NaN,NaN,NaN,NaN,NaN,NaN,NaN,NaN,0.08133,0.945,3,4,4,4,3,2,0,0,0,0,0,0,0,0,0,0,0,0,0,0,3,3,32
13137.603148,3.062e-27,0.0598,0.075,0,0.75,-0.026275,NaN,NaN,NaN,NaN,NaN,NaN,NaN,NaN,NaN,NaN,NaN,NaN,NaN,NaN,0.08133,0.945,3,4,4,4,3,2,0,0,0,0,0,0,0,0,0,0,0,0,0,0,3,3,32
13137.718858,2.367e-27,0.0598,0.075,0,0.75,-0.026275,NaN,NaN,NaN,NaN,NaN,NaN,NaN,NaN,NaN,NaN,NaN,NaN,NaN,NaN,0.08133,0.945,3,4,4,4,3,2,0,0,0,0,0,0,0,0,0,0,0,0,0,0,3,3,32
13137.850557,9.734e-28,0.0598,0.075,0,0.75,-0.026276,NaN,NaN,NaN,NaN,NaN,NaN,NaN,NaN,NaN,NaN,NaN,NaN,NaN,NaN,0.08133,0.945,3,4,4,4,3,2,0,0,0,0,0,0,0,0,0,0,0,0,0,0,3,3,32
13138.010964,4.314e-28,0.0598,0.075,0,0.75,-0.026276,NaN,NaN,NaN,NaN,NaN,NaN,NaN,NaN,NaN,NaN,NaN,NaN,NaN,NaN,0.08133,0.945,3,4,4,4,3,2,0,0,0,0,0,0,0,0,0,0,0,0,0,0,3,3,32
13138.055187,6.948e-28,0.0598,0.075,0,0.75,-0.026276,NaN,NaN,NaN,NaN,NaN,NaN,NaN,NaN,NaN,NaN,NaN,NaN,NaN,NaN,0.08133,0.945,3,4,4,4,3,2,0,0,0,0,0,0,0,0,0,0,0,0,0,0,3,3,32
13138.138553,3.029e-27,0.0598,0.075,0,0.75,-0.026276,NaN,NaN,NaN,NaN,NaN,NaN,NaN,NaN,NaN,NaN,NaN,NaN,NaN,NaN,0.08133,0.945,3,4,4,4,3,2,0,0,0,0,0,0,0,0,0,0,0,0,0,0,3,3,32
13138.280639,1.072e-27,0.0598,0.075,0,0.75,-0.026277,NaN,NaN,NaN,NaN,NaN,NaN,NaN,NaN,NaN,NaN,NaN,NaN,NaN,NaN,0.08133,0.945,3,4,4,4,3,2,0,0,0,0,0,0,0,0,0,0,0,0,0,0,3,3,32
13138.394501,9.015e-28,0.0598,0.075,0,0.75,-0.026277,NaN,NaN,NaN,NaN,NaN,NaN,NaN,NaN,NaN,NaN,NaN,NaN,NaN,NaN,0.08133,0.945,3,4,4,4,3,2,0,0,0,0,0,0,0,0,0,0,0,0,0,0,3,3,32
13138.442138,6.908e-28,0.0598,0.075,0,0.75,-0.026277,NaN,NaN,NaN,NaN,NaN,NaN,NaN,NaN,NaN,NaN,NaN,NaN,NaN,NaN,0.08133,0.945,3,4,4,4,3,2,0,0,0,0,0,0,0,0,0,0,0,0,0,0,3,3,32
13138.688993,2.655e-27,0.0598,0.075,0,0.75,-0.026277,NaN,NaN,NaN,NaN,NaN,NaN,NaN,NaN,NaN,NaN,NaN,NaN,NaN,NaN,0.08133,0.945,3,4,4,4,3,2,0,0,0,0,0,0,0,0,0,0,0,0,0,0,3,3,32
13138.918195,1.848e-27,0.0598,0.075,0,0.75,-0.026278,NaN,NaN,NaN,NaN,NaN,NaN,NaN,NaN,NaN,NaN,NaN,NaN,NaN,NaN,0.08133,0.945,3,4,4,4,3,2,0,0,0,0,0,0,0,0,0,0,0,0,0,0,3,3,32
13139.016419,6.13e-27,0.0598,0.075,0,0.75,-0.026278,NaN,NaN,NaN,NaN,NaN,NaN,NaN,NaN,NaN,NaN,NaN,NaN,NaN,NaN,0.08133,0.945,3,5,4,4,3,2,0,0,0,0,0,0,0,0,0,0,0,0,0,0,3,3,32
13139.073038,5.16e-28,0.0598,0.075,0,0.75,-0.026278,NaN,NaN,NaN,NaN,NaN,NaN,NaN,NaN,NaN,NaN,NaN,NaN,NaN,NaN,0.08133,0.945,3,4,4,4,3,2,0,0,0,0,0,0,0,0,0,0,0,0,0,0,3,3,32
13139.140934,1.035e-27,0.0598,0.075,0,0.75,-0.026278,NaN,NaN,NaN,NaN,NaN,NaN,NaN,NaN,NaN,NaN,NaN,NaN,NaN,NaN,0.08133,0.945,3,4,4,4,3,2,0,0,0,0,0,0,0,0,0,0,0,0,0,0,3,3,32
13139.397368,4.413e-28,0.0598,0.075,0,0.75,-0.026279,NaN,NaN,NaN,NaN,NaN,NaN,NaN,NaN,NaN,NaN,NaN,NaN,NaN,NaN,0.08133,0.945,3,4,4,4,3,2,0,0,0,0,0,0,0,0,0,0,0,0,0,0,3,3,32
13139.511568,3.205e-27,0.0598,0.075,0,0.75,-0.026279,NaN,NaN,NaN,NaN,NaN,NaN,NaN,NaN,NaN,NaN,NaN,NaN,NaN,NaN,0.08133,0.945,3,4,4,4,3,2,0,0,0,0,0,0,0,0,0,0,0,0,0,0,3,3,32
13139.632064,7.718e-28,0.0598,0.075,0,0.75,-0.026279,NaN,NaN,NaN,NaN,NaN,NaN,NaN,NaN,NaN,NaN,NaN,NaN,NaN,NaN,0.08133,0.945,3,4,4,4,3,2,0,0,0,0,0,0,0,0,0,0,0,0,0,0,3,3,32
13139.74561,2.981e-27,0.0598,0.075,0,0.75,-0.026279,NaN,NaN,NaN,NaN,NaN,NaN,NaN,NaN,NaN,NaN,NaN,NaN,NaN,NaN,0.08133,0.945,3,4,4,4,3,2,0,0,0,0,0,0,0,0,0,0,0,0,0,0,3,3,32
13139.784682,1.258e-27,0.0598,0.075,0,0.75,-0.02628,NaN,NaN,NaN,NaN,NaN,NaN,NaN,NaN,NaN,NaN,NaN,NaN,NaN,NaN,0.08133,0.945,3,4,4,4,3,2,0,0,0,0,0,0,0,0,0,0,0,0,0,0,3,3,32
13139.829453,7.948e-28,0.0598,0.075,0,0.75,-0.02628,NaN,NaN,NaN,NaN,NaN,NaN,NaN,NaN,NaN,NaN,NaN,NaN,NaN,NaN,0.08133,0.945,3,4,4,4,3,2,0,0,0,0,0,0,0,0,0,0,0,0,0,0,3,3,32
13139.995775,1.119e-27,0.0598,0.075,0,0.75,-0.02628,NaN,NaN,NaN,NaN,NaN,NaN,NaN,NaN,NaN,NaN,NaN,NaN,NaN,NaN,0.08133,0.945,3,4,4,4,3,2,0,0,0,0,0,0,0,0,0,0,0,0,0,0,3,3,32
13140.080148,2.883e-27,0.0598,0.075,0,0.75,-0.02628,NaN,NaN,NaN,NaN,NaN,NaN,NaN,NaN,NaN,NaN,NaN,NaN,NaN,NaN,0.08133,0.945,3,4,4,4,3,2,0,0,0,0,0,0,0,0,0,0,0,0,0,0,3,3,32
13140.175373,1.613e-27,0.0598,0.075,0,0.75,-0.02628,NaN,NaN,NaN,NaN,NaN,NaN,NaN,NaN,NaN,NaN,NaN,NaN,NaN,NaN,0.08133,0.945,3,4,4,4,3,2,0,0,0,0,0,0,0,0,0,0,0,0,0,0,3,3,32
13140.273343,3.521e-27,0.0598,0.075,0,0.75,-0.026281,NaN,NaN,NaN,NaN,NaN,NaN,NaN,NaN,NaN,NaN,NaN,NaN,NaN,NaN,0.08133,0.945,3,4,4,4,3,2,0,0,0,0,0,0,0,0,0,0,0,0,0,0,3,3,32
13140.435251,7.832e-28,0.0598,0.075,0,0.75,-0.026281,NaN,NaN,NaN,NaN,NaN,NaN,NaN,NaN,NaN,NaN,NaN,NaN,NaN,NaN,0.08133,0.945,3,4,4,4,3,2,0,0,0,0,0,0,0,0,0,0,0,0,0,0,3,3,32
13140.591663,6.222e-27,0.0598,0.075,0,0.75,-0.026281,NaN,NaN,NaN,NaN,NaN,NaN,NaN,NaN,NaN,NaN,NaN,NaN,NaN,NaN,0.08133,0.945,3,5,4,4,3,2,0,0,0,0,0,0,0,0,0,0,0,0,0,0,3,3,32
13140.759362,5.159e-28,0.0598,0.075,0,0.75,-0.026282,NaN,NaN,NaN,NaN,NaN,NaN,NaN,NaN,NaN,NaN,NaN,NaN,NaN,NaN,0.08133,0.945,3,4,4,4,3,2,0,0,0,0,0,0,0,0,0,0,0,0,0,0,3,3,32
13140.819633,1.467e-27,0.0598,0.075,0,0.75,-0.026282,NaN,NaN,NaN,NaN,NaN,NaN,NaN,NaN,NaN,NaN,NaN,NaN,NaN,NaN,0.08133,0.945,3,4,4,4,3,2,0,0,0,0,0,0,0,0,0,0,0,0,0,0,3,3,32
13140.962982,4.219e-27,0.0598,0.075,0,0.75,-0.026282,NaN,NaN,NaN,NaN,NaN,NaN,NaN,NaN,NaN,NaN,NaN,NaN,NaN,NaN,0.08133,0.945,3,4,4,4,3,2,0,0,0,0,0,0,0,0,0,0,0,0,0,0,3,3,32
13141.033166,3.865e-27,0.0598,0.075,0,0.75,-0.026282,NaN,NaN,NaN,NaN,NaN,NaN,NaN,NaN,NaN,NaN,NaN,NaN,NaN,NaN,0.08133,0.945,3,4,4,4,3,2,0,0,0,0,0,0,0,0,0,0,0,0,0,0,3,3,32
13141.11376,4.337e-28,0.0598,0.075,0,0.75,-0.026282,NaN,NaN,NaN,NaN,NaN,NaN,NaN,NaN,NaN,NaN,NaN,NaN,NaN,NaN,0.08133,0.945,3,4,4,4,3,2,0,0,0,0,0,0,0,0,0,0,0,0,0,0,3,3,32
13141.204019,4.035e-28,0.0598,0.075,0,0.75,-0.026282,NaN,NaN,NaN,NaN,NaN,NaN,NaN,NaN,NaN,NaN,NaN,NaN,NaN,NaN,0.08133,0.945,3,4,4,4,3,2,0,0,0,0,0,0,0,0,0,0,0,0,0,0,3,3,32
13141.290479,1.142e-27,0.0598,0.075,0,0.75,-0.026283,NaN,NaN,NaN,NaN,NaN,NaN,NaN,NaN,NaN,NaN,NaN,NaN,NaN,NaN,0.08133,0.945,3,4,4,4,3,2,0,0,0,0,0,0,0,0,0,0,0,0,0,0,3,3,32
13141.420303,1.674e-27,0.0598,0.075,0,0.75,-0.026283,NaN,NaN,NaN,NaN,NaN,NaN,NaN,NaN,NaN,NaN,NaN,NaN,NaN,NaN,0.08133,0.945,3,4,4,4,3,2,0,0,0,0,0,0,0,0,0,0,0,0,0,0,3,3,32
13141.487595,1.807e-27,0.0598,0.075,0,0.75,-0.026283,NaN,NaN,NaN,NaN,NaN,NaN,NaN,NaN,NaN,NaN,NaN,NaN,NaN,NaN,0.08133,0.945,3,4,4,4,3,2,0,0,0,0,0,0,0,0,0,0,0,0,0,0,3,3,32
13141.583198,1.223e-27,0.0598,0.075,0,0.75,-0.026283,NaN,NaN,NaN,NaN,NaN,NaN,NaN,NaN,NaN,NaN,NaN,NaN,NaN,NaN,0.08133,0.945,3,4,4,4,3,2,0,0,0,0,0,0,0,0,0,0,0,0,0,0,3,3,32
13141.656141,5.96e-28,0.0598,0.075,0,0.75,-0.026283,NaN,NaN,NaN,NaN,NaN,NaN,NaN,NaN,NaN,NaN,NaN,NaN,NaN,NaN,0.08133,0.945,3,4,4,4,3,2,0,0,0,0,0,0,0,0,0,0,0,0,0,0,3,3,32
13141.704565,4.838e-28,0.0598,0.075,0,0.75,-0.026283,NaN,NaN,NaN,NaN,NaN,NaN,NaN,NaN,NaN,NaN,NaN,NaN,NaN,NaN,0.08133,0.945,3,4,4,4,3,2,0,0,0,0,0,0,0,0,0,0,0,0,0,0,3,3,32
13141.805462,6.589e-28,0.0598,0.075,0,0.75,-0.026284,NaN,NaN,NaN,NaN,NaN,NaN,NaN,NaN,NaN,NaN,NaN,NaN,NaN,NaN,0.08133,0.945,3,4,4,4,3,2,0,0,0,0,0,0,0,0,0,0,0,0,0,0,3,3,32
13141.902735,6.98e-28,0.0598,0.075,0,0.75,-0.026284,NaN,NaN,NaN,NaN,NaN,NaN,NaN,NaN,NaN,NaN,NaN,NaN,NaN,NaN,0.08133,0.945,3,4,4,4,3,2,0,0,0,0,0,0,0,0,0,0,0,0,0,0,3,3,32
13141.98165,1.041e-27,0.0598,0.075,0,0.75,-0.026284,NaN,NaN,NaN,NaN,NaN,NaN,NaN,NaN,NaN,NaN,NaN,NaN,NaN,NaN,0.08133,0.945,3,4,4,4,3,2,0,0,0,0,0,0,0,0,0,0,0,0,0,0,3,3,32
13142.05909,1.25e-27,0.0598,0.075,0,0.75,-0.026284,NaN,NaN,NaN,NaN,NaN,NaN,NaN,NaN,NaN,NaN,NaN,NaN,NaN,NaN,0.08133,0.945,3,4,4,4,3,2,0,0,0,0,0,0,0,0,0,0,0,0,0,0,3,3,32
13142.135677,1.735e-27,0.0598,0.075,0,0.75,-0.026284,NaN,NaN,NaN,NaN,NaN,NaN,NaN,NaN,NaN,NaN,NaN,NaN,NaN,NaN,0.08133,0.945,3,4,4,4,3,2,0,0,0,0,0,0,0,0,0,0,0,0,0,0,3,3,32
13142.236527,4.731e-28,0.0598,0.075,0,0.75,-0.026284,NaN,NaN,NaN,NaN,NaN,NaN,NaN,NaN,NaN,NaN,NaN,NaN,NaN,NaN,0.08133,0.945,3,4,4,4,3,2,0,0,0,0,0,0,0,0,0,0,0,0,0,0,3,3,32
13142.384626,6.305e-28,0.0598,0.075,0,0.75,-0.026285,NaN,NaN,NaN,NaN,NaN,NaN,NaN,NaN,NaN,NaN,NaN,NaN,NaN,NaN,0.08133,0.945,3,4,4,4,3,2,0,0,0,0,0,0,0,0,0,0,0,0,0,0,3,3,32
13142.519837,1.801e-27,0.0598,0.075,0,0.75,-0.026285,NaN,NaN,NaN,NaN,NaN,NaN,NaN,NaN,NaN,NaN,NaN,NaN,NaN,NaN,0.08133,0.945,3,4,4,4,3,2,0,0,0,0,0,0,0,0,0,0,0,0,0,0,3,3,32
13142.667496,1.385e-27,0.0598,0.075,0,0.75,-0.026285,NaN,NaN,NaN,NaN,NaN,NaN,NaN,NaN,NaN,NaN,NaN,NaN,NaN,NaN,0.08133,0.945,3,4,4,4,3,2,0,0,0,0,0,0,0,0,0,0,0,0,0,0,3,3,32
13142.764507,1.323e-27,0.0598,0.075,0,0.75,-0.026286,NaN,NaN,NaN,NaN,NaN,NaN,NaN,NaN,NaN,NaN,NaN,NaN,NaN,NaN,0.08133,0.945,3,4,4,4,3,2,0,0,0,0,0,0,0,0,0,0,0,0,0,0,3,3,32
13142.87976,8.17e-28,0.0598,0.075,0,0.75,-0.026286,NaN,NaN,NaN,NaN,NaN,NaN,NaN,NaN,NaN,NaN,NaN,NaN,NaN,NaN,0.08133,0.945,3,4,4,4,3,2,0,0,0,0,0,0,0,0,0,0,0,0,0,0,3,3,32
13142.982093,3.682e-27,0.0598,0.075,0,0.75,-0.026286,NaN,NaN,NaN,NaN,NaN,NaN,NaN,NaN,NaN,NaN,NaN,NaN,NaN,NaN,0.08133,0.945,3,4,4,4,3,2,0,0,0,0,0,0,0,0,0,0,0,0,0,0,3,3,32
13143.211641,9.034e-28,0.0598,0.075,0,0.75,-0.026286,NaN,NaN,NaN,NaN,NaN,NaN,NaN,NaN,NaN,NaN,NaN,NaN,NaN,NaN,0.08133,0.945,3,4,4,4,3,2,0,0,0,0,0,0,0,0,0,0,0,0,0,0,3,3,32
13143.30292,1.153e-27,0.0598,0.075,0,0.75,-0.026287,NaN,NaN,NaN,NaN,NaN,NaN,NaN,NaN,NaN,NaN,NaN,NaN,NaN,NaN,0.08133,0.945,3,4,4,4,3,2,0,0,0,0,0,0,0,0,0,0,0,0,0,0,3,3,32
13143.383574,3.714e-27,0.0598,0.075,0,0.75,-0.026287,NaN,NaN,NaN,NaN,NaN,NaN,NaN,NaN,NaN,NaN,NaN,NaN,NaN,NaN,0.08133,0.945,3,4,4,4,3,2,0,0,0,0,0,0,0,0,0,0,0,0,0,0,3,3,32
13143.542728,2.639e-27,0.0598,0.075,0,0.75,-0.026287,NaN,NaN,NaN,NaN,NaN,NaN,NaN,NaN,NaN,NaN,NaN,NaN,NaN,NaN,0.08133,0.945,3,4,4,4,3,2,0,0,0,0,0,0,0,0,0,0,0,0,0,0,3,3,32
13143.636295,1.621e-27,0.0598,0.075,0,0.75,-0.026287,NaN,NaN,NaN,NaN,NaN,NaN,NaN,NaN,NaN,NaN,NaN,NaN,NaN,NaN,0.08133,0.945,3,4,4,4,3,2,0,0,0,0,0,0,0,0,0,0,0,0,0,0,3,3,32
13143.728893,1.805e-27,0.0598,0.075,0,0.75,-0.026287,NaN,NaN,NaN,NaN,NaN,NaN,NaN,NaN,NaN,NaN,NaN,NaN,NaN,NaN,0.08133,0.945,3,4,4,4,3,2,0,0,0,0,0,0,0,0,0,0,0,0,0,0,3,3,32
13143.829552,1.519e-27,0.0598,0.075,0,0.75,-0.026288,NaN,NaN,NaN,NaN,NaN,NaN,NaN,NaN,NaN,NaN,NaN,NaN,NaN,NaN,0.08133,0.945,3,4,4,4,3,2,0,0,0,0,0,0,0,0,0,0,0,0,0,0,3,3,32
13143.907958,2.981e-27,0.0598,0.075,0,0.75,-0.026288,NaN,NaN,NaN,NaN,NaN,NaN,NaN,NaN,NaN,NaN,NaN,NaN,NaN,NaN,0.08133,0.945,3,4,4,4,3,2,0,0,0,0,0,0,0,0,0,0,0,0,0,0,3,3,32
13144.06032,3.148e-27,0.0598,0.075,0,0.75,-0.026288,NaN,NaN,NaN,NaN,NaN,NaN,NaN,NaN,NaN,NaN,NaN,NaN,NaN,NaN,0.08133,0.945,3,4,4,4,3,2,0,0,0,0,0,0,0,0,0,0,0,0,0,0,3,3,32
13144.10633,5.884e-28,0.0598,0.075,0,0.75,-0.026288,NaN,NaN,NaN,NaN,NaN,NaN,NaN,NaN,NaN,NaN,NaN,NaN,NaN,NaN,0.08133,0.945,3,4,4,4,3,2,0,0,0,0,0,0,0,0,0,0,0,0,0,0,3,3,32
13144.241629,1.71e-27,0.0598,0.075,0,0.75,-0.026288,NaN,NaN,NaN,NaN,NaN,NaN,NaN,NaN,NaN,NaN,NaN,NaN,NaN,NaN,0.08133,0.945,3,4,4,4,3,2,0,0,0,0,0,0,0,0,0,0,0,0,0,0,3,3,32
13144.275401,1.256e-27,0.0598,0.075,0,0.75,-0.026289,NaN,NaN,NaN,NaN,NaN,NaN,NaN,NaN,NaN,NaN,NaN,NaN,NaN,NaN,0.08133,0.945,3,4,4,4,3,2,0,0,0,0,0,0,0,0,0,0,0,0,0,0,3,3,32
13144.411335,1.829e-27,0.0598,0.075,0,0.75,-0.026289,NaN,NaN,NaN,NaN,NaN,NaN,NaN,NaN,NaN,NaN,NaN,NaN,NaN,NaN,0.08133,0.945,3,4,4,4,3,2,0,0,0,0,0,0,0,0,0,0,0,0,0,0,3,3,32
13144.691015,3.927e-27,0.0598,0.075,0,0.75,-0.026289,NaN,NaN,NaN,NaN,NaN,NaN,NaN,NaN,NaN,NaN,NaN,NaN,NaN,NaN,0.08133,0.945,3,4,4,4,3,2,0,0,0,0,0,0,0,0,0,0,0,0,0,0,3,3,32
13144.790202,8.771e-28,0.0598,0.075,0,0.75,-0.02629,NaN,NaN,NaN,NaN,NaN,NaN,NaN,NaN,NaN,NaN,NaN,NaN,NaN,NaN,0.08133,0.945,3,4,4,4,3,2,0,0,0,0,0,0,0,0,0,0,0,0,0,0,3,3,32
13144.889017,1.064e-27,0.0598,0.075,0,0.75,-0.02629,NaN,NaN,NaN,NaN,NaN,NaN,NaN,NaN,NaN,NaN,NaN,NaN,NaN,NaN,0.08133,0.945,3,4,4,4,3,2,0,0,0,0,0,0,0,0,0,0,0,0,0,0,3,3,32
13145.053239,1.622e-27,0.0598,0.075,0,0.75,-0.02629,NaN,NaN,NaN,NaN,NaN,NaN,NaN,NaN,NaN,NaN,NaN,NaN,NaN,NaN,0.08133,0.945,3,4,4,4,3,2,0,0,0,0,0,0,0,0,0,0,0,0,0,0,3,3,32
13145.177028,1.288e-27,0.0598,0.075,0,0.75,-0.02629,NaN,NaN,NaN,NaN,NaN,NaN,NaN,NaN,NaN,NaN,NaN,NaN,NaN,NaN,0.08133,0.945,3,4,4,4,3,2,0,0,0,0,0,0,0,0,0,0,0,0,0,0,3,3,32
13145.304435,3.527e-27,0.0598,0.075,0,0.75,-0.026291,NaN,NaN,NaN,NaN,NaN,NaN,NaN,NaN,NaN,NaN,NaN,NaN,NaN,NaN,0.08133,0.945,3,4,4,4,3,2,0,0,0,0,0,0,0,0,0,0,0,0,0,0,3,3,32
13145.375044,3.016e-27,0.0598,0.075,0,0.75,-0.026291,NaN,NaN,NaN,NaN,NaN,NaN,NaN,NaN,NaN,NaN,NaN,NaN,NaN,NaN,0.08133,0.945,3,4,4,4,3,2,0,0,0,0,0,0,0,0,0,0,0,0,0,0,3,3,32
13145.482048,4.247e-27,0.0598,0.075,0,0.75,-0.026291,NaN,NaN,NaN,NaN,NaN,NaN,NaN,NaN,NaN,NaN,NaN,NaN,NaN,NaN,0.08133,0.945,3,4,4,4,3,2,0,0,0,0,0,0,0,0,0,0,0,0,0,0,3,3,32
13145.641238,1.008e-27,0.0598,0.075,0,0.75,-0.026291,NaN,NaN,NaN,NaN,NaN,NaN,NaN,NaN,NaN,NaN,NaN,NaN,NaN,NaN,0.08133,0.945,3,4,4,4,3,2,0,0,0,0,0,0,0,0,0,0,0,0,0,0,3,3,32
13145.703438,1.713e-27,0.0598,0.075,0,0.75,-0.026291,NaN,NaN,NaN,NaN,NaN,NaN,NaN,NaN,NaN,NaN,NaN,NaN,NaN,NaN,0.08133,0.945,3,4,4,4,3,2,0,0,0,0,0,0,0,0,0,0,0,0,0,0,3,3,32
13145.770854,7.831e-28,0.0598,0.075,0,0.75,-0.026292,NaN,NaN,NaN,NaN,NaN,NaN,NaN,NaN,NaN,NaN,NaN,NaN,NaN,NaN,0.08133,0.945,3,4,4,4,3,2,0,0,0,0,0,0,0,0,0,0,0,0,0,0,3,3,32
13145.917908,6.323e-28,0.0598,0.075,0,0.75,-0.026292,NaN,NaN,NaN,NaN,NaN,NaN,NaN,NaN,NaN,NaN,NaN,NaN,NaN,NaN,0.08133,0.945,3,4,4,4,3,2,0,0,0,0,0,0,0,0,0,0,0,0,0,0,3,3,32
13145.973137,1.997e-27,0.0598,0.075,0,0.75,-0.026292,NaN,NaN,NaN,NaN,NaN,NaN,NaN,NaN,NaN,NaN,NaN,NaN,NaN,NaN,0.08133,0.945,3,4,4,4,3,2,0,0,0,0,0,0,0,0,0,0,0,0,0,0,3,3,32
13146.315688,1.845e-27,0.0598,0.075,0,0.75,-0.026293,NaN,NaN,NaN,NaN,NaN,NaN,NaN,NaN,NaN,NaN,NaN,NaN,NaN,NaN,0.08133,0.945,3,4,4,4,3,2,0,0,0,0,0,0,0,0,0,0,0,0,0,0,3,3,32
13146.527101,9.414e-28,0.0598,0.075,0,0.75,-0.026293,NaN,NaN,NaN,NaN,NaN,NaN,NaN,NaN,NaN,NaN,NaN,NaN,NaN,NaN,0.08133,0.945,3,4,4,4,3,2,0,0,0,0,0,0,0,0,0,0,0,0,0,0,3,3,32
13146.752978,1.776e-27,0.0598,0.075,0,0.75,-0.026294,NaN,NaN,NaN,NaN,NaN,NaN,NaN,NaN,NaN,NaN,NaN,NaN,NaN,NaN,0.08133,0.945,3,4,4,4,3,2,0,0,0,0,0,0,0,0,0,0,0,0,0,0,3,3,32
13146.832528,3.093e-27,0.0598,0.075,0,0.75,-0.026294,NaN,NaN,NaN,NaN,NaN,NaN,NaN,NaN,NaN,NaN,NaN,NaN,NaN,NaN,0.08133,0.945,3,4,4,4,3,2,0,0,0,0,0,0,0,0,0,0,0,0,0,0,3,3,32
13146.921949,2.015e-27,0.0598,0.075,0,0.75,-0.026294,NaN,NaN,NaN,NaN,NaN,NaN,NaN,NaN,NaN,NaN,NaN,NaN,NaN,NaN,0.08133,0.945,3,4,4,4,3,2,0,0,0,0,0,0,0,0,0,0,0,0,0,0,3,3,32
13146.960796,3.294e-27,0.0598,0.075,0,0.75,-0.026294,NaN,NaN,NaN,NaN,NaN,NaN,NaN,NaN,NaN,NaN,NaN,NaN,NaN,NaN,0.08133,0.945,3,4,4,4,3,2,0,0,0,0,0,0,0,0,0,0,0,0,0,0,3,3,32
13147.064796,1.241e-27,0.0598,0.075,0,0.75,-0.026294,NaN,NaN,NaN,NaN,NaN,NaN,NaN,NaN,NaN,NaN,NaN,NaN,NaN,NaN,0.08133,0.945,3,4,4,4,3,2,0,0,0,0,0,0,0,0,0,0,0,0,0,0,3,3,32
13147.169205,3.048e-27,0.0598,0.075,0,0.75,-0.026294,NaN,NaN,NaN,NaN,NaN,NaN,NaN,NaN,NaN,NaN,NaN,NaN,NaN,NaN,0.08133,0.945,3,4,4,4,3,2,0,0,0,0,0,0,0,0,0,0,0,0,0,0,3,3,32
13147.222446,2.777e-27,0.0598,0.075,0,0.75,-0.026294,NaN,NaN,NaN,NaN,NaN,NaN,NaN,NaN,NaN,NaN,NaN,NaN,NaN,NaN,0.08133,0.945,3,4,4,4,3,2,0,0,0,0,0,0,0,0,0,0,0,0,0,0,3,3,32
13147.33484,4.031e-27,0.0598,0.075,0,0.75,-0.026295,NaN,NaN,NaN,NaN,NaN,NaN,NaN,NaN,NaN,NaN,NaN,NaN,NaN,NaN,0.08133,0.945,3,4,4,4,3,2,0,0,0,0,0,0,0,0,0,0,0,0,0,0,3,3,32
13147.404625,5.898e-28,0.0598,0.075,0,0.75,-0.026295,NaN,NaN,NaN,NaN,NaN,NaN,NaN,NaN,NaN,NaN,NaN,NaN,NaN,NaN,0.08133,0.945,3,4,4,4,3,2,0,0,0,0,0,0,0,0,0,0,0,0,0,0,3,3,32
13147.468818,5.595e-28,0.0598,0.075,0,0.75,-0.026295,NaN,NaN,NaN,NaN,NaN,NaN,NaN,NaN,NaN,NaN,NaN,NaN,NaN,NaN,0.08133,0.945,3,4,4,4,3,2,0,0,0,0,0,0,0,0,0,0,0,0,0,0,3,3,32
13147.543339,5.945e-28,0.0598,0.075,0,0.75,-0.026295,NaN,NaN,NaN,NaN,NaN,NaN,NaN,NaN,NaN,NaN,NaN,NaN,NaN,NaN,0.08133,0.945,3,4,4,4,3,2,0,0,0,0,0,0,0,0,0,0,0,0,0,0,3,3,32
13147.624944,2.607e-27,0.0598,0.075,0,0.75,-0.026295,NaN,NaN,NaN,NaN,NaN,NaN,NaN,NaN,NaN,NaN,NaN,NaN,NaN,NaN,0.08133,0.945,3,4,4,4,3,2,0,0,0,0,0,0,0,0,0,0,0,0,0,0,3,3,32
13147.768565,9.992e-28,0.0598,0.075,0,0.75,-0.026296,NaN,NaN,NaN,NaN,NaN,NaN,NaN,NaN,NaN,NaN,NaN,NaN,NaN,NaN,0.08133,0.945,3,4,4,4,3,2,0,0,0,0,0,0,0,0,0,0,0,0,0,0,3,3,32
13147.888391,7.868e-28,0.0598,0.075,0,0.75,-0.026296,NaN,NaN,NaN,NaN,NaN,NaN,NaN,NaN,NaN,NaN,NaN,NaN,NaN,NaN,0.08133,0.945,3,4,4,4,3,2,0,0,0,0,0,0,0,0,0,0,0,0,0,0,3,3,32
13147.940098,2.841e-27,0.0598,0.075,0,0.75,-0.026296,NaN,NaN,NaN,NaN,NaN,NaN,NaN,NaN,NaN,NaN,NaN,NaN,NaN,NaN,0.08133,0.945,3,4,4,4,3,2,0,0,0,0,0,0,0,0,0,0,0,0,0,0,3,3,32
13148.0413,1.149e-27,0.0598,0.075,0,0.75,-0.026296,NaN,NaN,NaN,NaN,NaN,NaN,NaN,NaN,NaN,NaN,NaN,NaN,NaN,NaN,0.08133,0.945,3,4,4,4,3,2,0,0,0,0,0,0,0,0,0,0,0,0,0,0,3,3,32
13148.283279,1.004e-27,0.0598,0.075,0,0.75,-0.026297,NaN,NaN,NaN,NaN,NaN,NaN,NaN,NaN,NaN,NaN,NaN,NaN,NaN,NaN,0.08133,0.945,3,4,4,4,3,2,0,0,0,0,0,0,0,0,0,0,0,0,0,0,3,3,32
13148.424754,6.641e-27,0.0598,0.075,0,0.75,-0.026297,NaN,NaN,NaN,NaN,NaN,NaN,NaN,NaN,NaN,NaN,NaN,NaN,NaN,NaN,0.08133,0.945,3,5,4,4,3,2,0,0,0,0,0,0,0,0,0,0,0,0,0,0,3,3,32
13148.479147,2.89e-27,0.0598,0.075,0,0.75,-0.026297,NaN,NaN,NaN,NaN,NaN,NaN,NaN,NaN,NaN,NaN,NaN,NaN,NaN,NaN,0.08133,0.945,3,4,4,4,3,2,0,0,0,0,0,0,0,0,0,0,0,0,0,0,3,3,32
13148.575974,1.631e-27,0.0598,0.075,0,0.75,-0.026297,NaN,NaN,NaN,NaN,NaN,NaN,NaN,NaN,NaN,NaN,NaN,NaN,NaN,NaN,0.08133,0.945,3,4,4,4,3,2,0,0,0,0,0,0,0,0,0,0,0,0,0,0,3,3,32
13148.63662,5.097e-28,0.0598,0.075,0,0.75,-0.026297,NaN,NaN,NaN,NaN,NaN,NaN,NaN,NaN,NaN,NaN,NaN,NaN,NaN,NaN,0.08133,0.945,3,4,4,4,3,2,0,0,0,0,0,0,0,0,0,0,0,0,0,0,3,3,32
13148.711828,2.975e-27,0.0598,0.075,0,0.75,-0.026297,NaN,NaN,NaN,NaN,NaN,NaN,NaN,NaN,NaN,NaN,NaN,NaN,NaN,NaN,0.08133,0.945,3,4,4,4,3,2,0,0,0,0,0,0,0,0,0,0,0,0,0,0,3,3,32
13148.78361,4.345e-28,0.0598,0.075,0,0.75,-0.026298,NaN,NaN,NaN,NaN,NaN,NaN,NaN,NaN,NaN,NaN,NaN,NaN,NaN,NaN,0.08133,0.945,3,4,4,4,3,2,0,0,0,0,0,0,0,0,0,0,0,0,0,0,3,3,32
13148.871462,6.792e-28,0.0598,0.075,0,0.75,-0.026298,NaN,NaN,NaN,NaN,NaN,NaN,NaN,NaN,NaN,NaN,NaN,NaN,NaN,NaN,0.08133,0.945,3,4,4,4,3,2,0,0,0,0,0,0,0,0,0,0,0,0,0,0,3,3,32
13148.923808,5.105e-28,0.0598,0.075,0,0.75,-0.026298,NaN,NaN,NaN,NaN,NaN,NaN,NaN,NaN,NaN,NaN,NaN,NaN,NaN,NaN,0.08133,0.945,3,4,4,4,3,2,0,0,0,0,0,0,0,0,0,0,0,0,0,0,3,3,32
13148.974532,5.873e-28,0.0598,0.075,0,0.75,-0.026298,NaN,NaN,NaN,NaN,NaN,NaN,NaN,NaN,NaN,NaN,NaN,NaN,NaN,NaN,0.08133,0.945,3,4,4,4,3,2,0,0,0,0,0,0,0,0,0,0,0,0,0,0,3,3,32
13149.055798,8.772e-28,0.0598,0.075,0,0.75,-0.026298,NaN,NaN,NaN,NaN,NaN,NaN,NaN,NaN,NaN,NaN,NaN,NaN,NaN,NaN,0.08133,0.945,3,4,4,4,3,2,0,0,0,0,0,0,0,0,0,0,0,0,0,0,3,3,32
13149.174596,1.936e-27,0.0598,0.075,0,0.75,-0.026298,NaN,NaN,NaN,NaN,NaN,NaN,NaN,NaN,NaN,NaN,NaN,NaN,NaN,NaN,0.08133,0.945,3,4,4,4,3,2,0,0,0,0,0,0,0,0,0,0,0,0,0,0,3,3,32
13149.324404,2.301e-27,0.0598,0.075,0,0.75,-0.026299,NaN,NaN,NaN,NaN,NaN,NaN,NaN,NaN,NaN,NaN,NaN,NaN,NaN,NaN,0.08133,0.945,3,4,4,4,3,2,0,0,0,0,0,0,0,0,0,0,0,0,0,0,3,3,32
13149.408364,7.979e-28,0.0598,0.075,0,0.75,-0.026299,NaN,NaN,NaN,NaN,NaN,NaN,NaN,NaN,NaN,NaN,NaN,NaN,NaN,NaN,0.08133,0.945,3,4,4,4,3,2,0,0,0,0,0,0,0,0,0,0,0,0,0,0,3,3,32
13149.570559,2.596e-27,0.0598,0.075,0,0.75,-0.026299,NaN,NaN,NaN,NaN,NaN,NaN,NaN,NaN,NaN,NaN,NaN,NaN,NaN,NaN,0.08133,0.945,3,4,4,4,3,2,0,0,0,0,0,0,0,0,0,0,0,0,0,0,3,3,32
13149.685978,6.962e-28,0.0598,0.075,0,0.75,-0.026299,NaN,NaN,NaN,NaN,NaN,NaN,NaN,NaN,NaN,NaN,NaN,NaN,NaN,NaN,0.08133,0.945,3,4,4,4,3,2,0,0,0,0,0,0,0,0,0,0,0,0,0,0,3,3,32
13149.686579,6.774e-28,0.0598,0.075,0,0.75,-0.026299,NaN,NaN,NaN,NaN,NaN,NaN,NaN,NaN,NaN,NaN,NaN,NaN,NaN,NaN,0.08133,0.945,3,4,4,4,3,2,0,0,0,0,0,0,0,0,0,0,0,0,0,0,3,3,32
13149.858288,1.757e-27,0.0598,0.075,0,0.75,-0.0263,NaN,NaN,NaN,NaN,NaN,NaN,NaN,NaN,NaN,NaN,NaN,NaN,NaN,NaN,0.08133,0.945,3,4,4,4,3,2,0,0,0,0,0,0,0,0,0,0,0,0,0,0,3,3,32
13149.90384,1.98e-27,0.0598,0.075,0,0.75,-0.0263,NaN,NaN,NaN,NaN,NaN,NaN,NaN,NaN,NaN,NaN,NaN,NaN,NaN,NaN,0.08133,0.945,3,4,4,4,3,2,0,0,0,0,0,0,0,0,0,0,0,0,0,0,3,3,32
13149.966201,1.934e-27,0.0598,0.075,0,0.75,-0.0263,NaN,NaN,NaN,NaN,NaN,NaN,NaN,NaN,NaN,NaN,NaN,NaN,NaN,NaN,0.08133,0.945,3,4,4,4,3,2,0,0,0,0,0,0,0,0,0,0,0,0,0,0,3,3,32
13150.10634,7.399e-28,0.0598,0.075,0,0.75,-0.0263,NaN,NaN,NaN,NaN,NaN,NaN,NaN,NaN,NaN,NaN,NaN,NaN,NaN,NaN,0.08133,0.945,3,4,4,4,3,2,0,0,0,0,0,0,0,0,0,0,0,0,0,0,3,3,32
13150.324671,8.993e-28,0.0598,0.075,0,0.75,-0.026301,NaN,NaN,NaN,NaN,NaN,NaN,NaN,NaN,NaN,NaN,NaN,NaN,NaN,NaN,0.08133,0.945,3,4,4,4,3,2,0,0,0,0,0,0,0,0,0,0,0,0,0,0,3,3,32
13150.378695,2.019e-27,0.0598,0.075,0,0.75,-0.026301,NaN,NaN,NaN,NaN,NaN,NaN,NaN,NaN,NaN,NaN,NaN,NaN,NaN,NaN,0.08133,0.945,3,4,4,4,3,2,0,0,0,0,0,0,0,0,0,0,0,0,0,0,3,3,32
13150.454842,1.777e-27,0.0598,0.075,0,0.75,-0.026301,NaN,NaN,NaN,NaN,NaN,NaN,NaN,NaN,NaN,NaN,NaN,NaN,NaN,NaN,0.08133,0.945,3,4,4,4,3,2,0,0,0,0,0,0,0,0,0,0,0,0,0,0,3,3,32
13150.554867,2.027e-27,0.0598,0.075,0,0.75,-0.026301,NaN,NaN,NaN,NaN,NaN,NaN,NaN,NaN,NaN,NaN,NaN,NaN,NaN,NaN,0.08133,0.945,3,4,4,4,3,2,0,0,0,0,0,0,0,0,0,0,0,0,0,0,3,3,32
13150.623074,1.775e-27,0.0598,0.075,0,0.75,-0.026301,NaN,NaN,NaN,NaN,NaN,NaN,NaN,NaN,NaN,NaN,NaN,NaN,NaN,NaN,0.08133,0.945,3,4,4,4,3,2,0,0,0,0,0,0,0,0,0,0,0,0,0,0,3,3,32
13150.746988,1.197e-27,0.0598,0.075,0,0.75,-0.026301,NaN,NaN,NaN,NaN,NaN,NaN,NaN,NaN,NaN,NaN,NaN,NaN,NaN,NaN,0.08133,0.945,3,4,4,4,3,2,0,0,0,0,0,0,0,0,0,0,0,0,0,0,3,3,32
13151.417624,2.373e-27,0.0598,0.075,0,0.75,-0.026303,NaN,NaN,NaN,NaN,NaN,NaN,NaN,NaN,NaN,NaN,NaN,NaN,NaN,NaN,0.08133,0.945,3,4,4,4,3,2,0,0,0,0,0,0,0,0,0,0,0,0,0,0,3,3,32
13151.498795,1.017e-27,0.0598,0.075,0,0.75,-0.026303,NaN,NaN,NaN,NaN,NaN,NaN,NaN,NaN,NaN,NaN,NaN,NaN,NaN,NaN,0.08133,0.945,3,4,4,4,3,2,0,0,0,0,0,0,0,0,0,0,0,0,0,0,3,3,32
13151.566566,7.579e-28,0.0598,0.075,0,0.75,-0.026303,NaN,NaN,NaN,NaN,NaN,NaN,NaN,NaN,NaN,NaN,NaN,NaN,NaN,NaN,0.08133,0.945,3,4,4,4,3,2,0,0,0,0,0,0,0,0,0,0,0,0,0,0,3,3,32
13151.608038,1.016e-27,0.0598,0.075,0,0.75,-0.026303,NaN,NaN,NaN,NaN,NaN,NaN,NaN,NaN,NaN,NaN,NaN,NaN,NaN,NaN,0.08133,0.945,3,4,4,4,3,2,0,0,0,0,0,0,0,0,0,0,0,0,0,0,3,3,32
13151.683586,1.507e-27,0.0598,0.075,0,0.75,-0.026303,NaN,NaN,NaN,NaN,NaN,NaN,NaN,NaN,NaN,NaN,NaN,NaN,NaN,NaN,0.08133,0.945,3,4,4,4,3,2,0,0,0,0,0,0,0,0,0,0,0,0,0,0,3,3,32
13151.758142,1.158e-27,0.0598,0.075,0,0.75,-0.026304,NaN,NaN,NaN,NaN,NaN,NaN,NaN,NaN,NaN,NaN,NaN,NaN,NaN,NaN,0.08133,0.945,3,4,4,4,3,2,0,0,0,0,0,0,0,0,0,0,0,0,0,0,3,3,32
13151.814251,7.159e-28,0.0598,0.075,0,0.75,-0.026304,NaN,NaN,NaN,NaN,NaN,NaN,NaN,NaN,NaN,NaN,NaN,NaN,NaN,NaN,0.08133,0.945,3,4,4,4,3,2,0,0,0,0,0,0,0,0,0,0,0,0,0,0,3,3,32
13151.883785,4.638e-28,0.0598,0.075,0,0.75,-0.026304,NaN,NaN,NaN,NaN,NaN,NaN,NaN,NaN,NaN,NaN,NaN,NaN,NaN,NaN,0.08133,0.945,3,4,4,4,3,2,0,0,0,0,0,0,0,0,0,0,0,0,0,0,3,3,32
13151.935943,2.962e-27,0.0598,0.075,0,0.75,-0.026304,NaN,NaN,NaN,NaN,NaN,NaN,NaN,NaN,NaN,NaN,NaN,NaN,NaN,NaN,0.08133,0.945,3,4,4,4,3,2,0,0,0,0,0,0,0,0,0,0,0,0,0,0,3,3,32
13152.021189,6.087e-28,0.0598,0.075,0,0.75,-0.026304,NaN,NaN,NaN,NaN,NaN,NaN,NaN,NaN,NaN,NaN,NaN,NaN,NaN,NaN,0.08133,0.945,3,4,4,4,3,2,0,0,0,0,0,0,0,0,0,0,0,0,0,0,3,3,32
13152.060288,1.377e-27,0.0598,0.075,0,0.75,-0.026304,NaN,NaN,NaN,NaN,NaN,NaN,NaN,NaN,NaN,NaN,NaN,NaN,NaN,NaN,0.08133,0.945,3,4,4,4,3,2,0,0,0,0,0,0,0,0,0,0,0,0,0,0,3,3,32
13152.107426,5.778e-28,0.0598,0.075,0,0.75,-0.026304,NaN,NaN,NaN,NaN,NaN,NaN,NaN,NaN,NaN,NaN,NaN,NaN,NaN,NaN,0.08133,0.945,3,4,4,4,3,2,0,0,0,0,0,0,0,0,0,0,0,0,0,0,3,3,32
13152.1881,4.058e-28,0.0598,0.075,0,0.75,-0.026304,NaN,NaN,NaN,NaN,NaN,NaN,NaN,NaN,NaN,NaN,NaN,NaN,NaN,NaN,0.08133,0.945,3,4,4,4,3,2,0,0,0,0,0,0,0,0,0,0,0,0,0,0,3,3,32
13152.434425,1.331e-27,0.0598,0.075,0,0.75,-0.026305,NaN,NaN,NaN,NaN,NaN,NaN,NaN,NaN,NaN,NaN,NaN,NaN,NaN,NaN,0.08133,0.945,3,4,4,4,3,2,0,0,0,0,0,0,0,0,0,0,0,0,0,0,3,3,32
13152.539371,5.22e-28,0.0598,0.075,0,0.75,-0.026305,NaN,NaN,NaN,NaN,NaN,NaN,NaN,NaN,NaN,NaN,NaN,NaN,NaN,NaN,0.08133,0.945,3,4,4,4,3,2,0,0,0,0,0,0,0,0,0,0,0,0,0,0,3,3,32
13152.583801,1.497e-27,0.0598,0.075,0,0.75,-0.026305,NaN,NaN,NaN,NaN,NaN,NaN,NaN,NaN,NaN,NaN,NaN,NaN,NaN,NaN,0.08133,0.945,3,4,4,4,3,2,0,0,0,0,0,0,0,0,0,0,0,0,0,0,3,3,32
13152.613894,1.45e-27,0.0598,0.075,0,0.75,-0.026305,NaN,NaN,NaN,NaN,NaN,NaN,NaN,NaN,NaN,NaN,NaN,NaN,NaN,NaN,0.08133,0.945,3,4,4,4,3,2,0,0,0,0,0,0,0,0,0,0,0,0,0,0,3,3,32
13152.671144,1.443e-27,0.0598,0.075,0,0.75,-0.026305,NaN,NaN,NaN,NaN,NaN,NaN,NaN,NaN,NaN,NaN,NaN,NaN,NaN,NaN,0.08133,0.945,3,4,4,4,3,2,0,0,0,0,0,0,0,0,0,0,0,0,0,0,3,3,32
13152.7381,1.621e-27,0.0598,0.075,0,0.75,-0.026305,NaN,NaN,NaN,NaN,NaN,NaN,NaN,NaN,NaN,NaN,NaN,NaN,NaN,NaN,0.08133,0.945,3,4,4,4,3,2,0,0,0,0,0,0,0,0,0,0,0,0,0,0,3,3,32
13152.781239,1.808e-27,0.0598,0.075,0,0.75,-0.026306,NaN,NaN,NaN,NaN,NaN,NaN,NaN,NaN,NaN,NaN,NaN,NaN,NaN,NaN,0.08133,0.945,3,4,4,4,3,2,0,0,0,0,0,0,0,0,0,0,0,0,0,0,3,3,32
13152.865499,1.404e-27,0.0598,0.075,0,0.75,-0.026306,NaN,NaN,NaN,NaN,NaN,NaN,NaN,NaN,NaN,NaN,NaN,NaN,NaN,NaN,0.08133,0.945,3,4,4,4,3,2,0,0,0,0,0,0,0,0,0,0,0,0,0,0,3,3,32
13152.902464,1.354e-27,0.0598,0.075,0,0.75,-0.026306,NaN,NaN,NaN,NaN,NaN,NaN,NaN,NaN,NaN,NaN,NaN,NaN,NaN,NaN,0.08133,0.945,3,4,4,4,3,2,0,0,0,0,0,0,0,0,0,0,0,0,0,0,3,3,32
13152.932194,2.425e-27,0.0598,0.075,0,0.75,-0.026306,NaN,NaN,NaN,NaN,NaN,NaN,NaN,NaN,NaN,NaN,NaN,NaN,NaN,NaN,0.08133,0.945,3,4,4,4,3,2,0,0,0,0,0,0,0,0,0,0,0,0,0,0,3,3,32
13153.033916,6.058e-28,0.0598,0.075,0,0.75,-0.026306,NaN,NaN,NaN,NaN,NaN,NaN,NaN,NaN,NaN,NaN,NaN,NaN,NaN,NaN,0.08133,0.945,3,4,4,4,3,2,0,0,0,0,0,0,0,0,0,0,0,0,0,0,3,3,32
13153.091086,6.257e-28,0.0598,0.075,0,0.75,-0.026306,NaN,NaN,NaN,NaN,NaN,NaN,NaN,NaN,NaN,NaN,NaN,NaN,NaN,NaN,0.08133,0.945,3,4,4,4,3,2,0,0,0,0,0,0,0,0,0,0,0,0,0,0,3,3,32
13153.164841,1.988e-27,0.0598,0.075,0,0.75,-0.026306,NaN,NaN,NaN,NaN,NaN,NaN,NaN,NaN,NaN,NaN,NaN,NaN,NaN,NaN,0.08133,0.945,3,4,4,4,3,2,0,0,0,0,0,0,0,0,0,0,0,0,0,0,3,3,32
13153.282336,1.263e-27,0.0598,0.075,0,0.75,-0.026307,NaN,NaN,NaN,NaN,NaN,NaN,NaN,NaN,NaN,NaN,NaN,NaN,NaN,NaN,0.08133,0.945,3,4,4,4,3,2,0,0,0,0,0,0,0,0,0,0,0,0,0,0,3,3,32
13153.351126,8.998e-28,0.0598,0.075,0,0.75,-0.026307,NaN,NaN,NaN,NaN,NaN,NaN,NaN,NaN,NaN,NaN,NaN,NaN,NaN,NaN,0.08133,0.945,3,4,4,4,3,2,0,0,0,0,0,0,0,0,0,0,0,0,0,0,3,3,32
13153.536822,2.283e-27,0.0598,0.075,0,0.75,-0.026307,NaN,NaN,NaN,NaN,NaN,NaN,NaN,NaN,NaN,NaN,NaN,NaN,NaN,NaN,0.08133,0.945,3,4,4,4,3,2,0,0,0,0,0,0,0,0,0,0,0,0,0,0,3,3,32
13153.646227,6.756e-28,0.0598,0.075,0,0.75,-0.026307,NaN,NaN,NaN,NaN,NaN,NaN,NaN,NaN,NaN,NaN,NaN,NaN,NaN,NaN,0.08133,0.945,3,4,4,4,3,2,0,0,0,0,0,0,0,0,0,0,0,0,0,0,3,3,32
13153.850713,1.295e-27,0.0598,0.075,0,0.75,-0.026308,NaN,NaN,NaN,NaN,NaN,NaN,NaN,NaN,NaN,NaN,NaN,NaN,NaN,NaN,0.08133,0.945,3,4,4,4,3,2,0,0,0,0,0,0,0,0,0,0,0,0,0,0,3,3,32
13154.106949,1.523e-27,0.0598,0.075,0,0.75,-0.026308,NaN,NaN,NaN,NaN,NaN,NaN,NaN,NaN,NaN,NaN,NaN,NaN,NaN,NaN,0.08133,0.945,3,4,4,4,3,2,0,0,0,0,0,0,0,0,0,0,0,0,0,0,3,3,32
13154.262045,5.802e-28,0.0598,0.075,0,0.75,-0.026309,NaN,NaN,NaN,NaN,NaN,NaN,NaN,NaN,NaN,NaN,NaN,NaN,NaN,NaN,0.08133,0.945,3,4,4,4,3,2,0,0,0,0,0,0,0,0,0,0,0,0,0,0,3,3,32
13154.320151,1.387e-27,0.0598,0.075,0,0.75,-0.026309,NaN,NaN,NaN,NaN,NaN,NaN,NaN,NaN,NaN,NaN,NaN,NaN,NaN,NaN,0.08133,0.945,3,4,4,4,3,2,0,0,0,0,0,0,0,0,0,0,0,0,0,0,3,3,32
13154.458045,3.78e-27,0.0598,0.075,0,0.75,-0.026309,NaN,NaN,NaN,NaN,NaN,NaN,NaN,NaN,NaN,NaN,NaN,NaN,NaN,NaN,0.08133,0.945,3,4,4,4,3,2,0,0,0,0,0,0,0,0,0,0,0,0,0,0,3,3,32
13154.609819,8.479e-28,0.0598,0.075,0,0.75,-0.026309,NaN,NaN,NaN,NaN,NaN,NaN,NaN,NaN,NaN,NaN,NaN,NaN,NaN,NaN,0.08133,0.945,3,4,4,4,3,2,0,0,0,0,0,0,0,0,0,0,0,0,0,0,3,3,32
13154.784079,2.74e-27,0.0598,0.075,0,0.75,-0.02631,NaN,NaN,NaN,NaN,NaN,NaN,NaN,NaN,NaN,NaN,NaN,NaN,NaN,NaN,0.08133,0.945,3,4,4,4,3,2,0,0,0,0,0,0,0,0,0,0,0,0,0,0,3,3,32
13155.133057,1.415e-27,0.0598,0.075,0,0.75,-0.02631,NaN,NaN,NaN,NaN,NaN,NaN,NaN,NaN,NaN,NaN,NaN,NaN,NaN,NaN,0.08133,0.945,3,4,4,4,3,2,0,0,0,0,0,0,0,0,0,0,0,0,0,0,3,3,32
13155.242774,2.457e-27,0.0598,0.075,0,0.75,-0.02631,NaN,NaN,NaN,NaN,NaN,NaN,NaN,NaN,NaN,NaN,NaN,NaN,NaN,NaN,0.08133,0.945,3,4,4,4,3,2,0,0,0,0,0,0,0,0,0,0,0,0,0,0,3,3,32
13155.363386,2.273e-27,0.0598,0.075,0,0.75,-0.026311,NaN,NaN,NaN,NaN,NaN,NaN,NaN,NaN,NaN,NaN,NaN,NaN,NaN,NaN,0.08133,0.945,3,4,4,4,3,2,0,0,0,0,0,0,0,0,0,0,0,0,0,0,3,3,32
13155.484312,1.409e-27,0.0598,0.075,0,0.75,-0.026311,NaN,NaN,NaN,NaN,NaN,NaN,NaN,NaN,NaN,NaN,NaN,NaN,NaN,NaN,0.08133,0.945,3,4,4,4,3,2,0,0,0,0,0,0,0,0,0,0,0,0,0,0,3,3,32
13155.554583,7.791e-28,0.0598,0.075,0,0.75,-0.026311,NaN,NaN,NaN,NaN,NaN,NaN,NaN,NaN,NaN,NaN,NaN,NaN,NaN,NaN,0.08133,0.945,3,4,4,4,3,2,0,0,0,0,0,0,0,0,0,0,0,0,0,0,3,3,32
13155.747655,1.139e-27,0.0598,0.075,0,0.75,-0.026311,NaN,NaN,NaN,NaN,NaN,NaN,NaN,NaN,NaN,NaN,NaN,NaN,NaN,NaN,0.08133,0.945,3,4,4,4,3,2,0,0,0,0,0,0,0,0,0,0,0,0,0,0,3,3,32
13155.988599,8.273e-28,0.0598,0.075,0,0.75,-0.026312,NaN,NaN,NaN,NaN,NaN,NaN,NaN,NaN,NaN,NaN,NaN,NaN,NaN,NaN,0.08133,0.945,3,4,4,4,3,2,0,0,0,0,0,0,0,0,0,0,0,0,0,0,3,3,32
13156.053678,2.495e-27,0.0598,0.075,0,0.75,-0.026312,NaN,NaN,NaN,NaN,NaN,NaN,NaN,NaN,NaN,NaN,NaN,NaN,NaN,NaN,0.08133,0.945,3,4,4,4,3,2,0,0,0,0,0,0,0,0,0,0,0,0,0,0,3,3,32
13156.17199,7.809e-28,0.0598,0.075,0,0.75,-0.026312,NaN,NaN,NaN,NaN,NaN,NaN,NaN,NaN,NaN,NaN,NaN,NaN,NaN,NaN,0.08133,0.945,3,4,4,4,3,2,0,0,0,0,0,0,0,0,0,0,0,0,0,0,3,3,32
13156.406561,1.088e-27,0.0598,0.075,0,0.75,-0.026313,NaN,NaN,NaN,NaN,NaN,NaN,NaN,NaN,NaN,NaN,NaN,NaN,NaN,NaN,0.08133,0.945,3,4,4,4,3,2,0,0,0,0,0,0,0,0,0,0,0,0,0,0,3,3,32
13156.456135,7.404e-28,0.0598,0.075,0,0.75,-0.026313,NaN,NaN,NaN,NaN,NaN,NaN,NaN,NaN,NaN,NaN,NaN,NaN,NaN,NaN,0.08133,0.945,3,4,4,4,3,2,0,0,0,0,0,0,0,0,0,0,0,0,0,0,3,3,32
13156.58145,8.624e-28,0.0598,0.075,0,0.75,-0.026313,NaN,NaN,NaN,NaN,NaN,NaN,NaN,NaN,NaN,NaN,NaN,NaN,NaN,NaN,0.08133,0.945,3,4,4,4,3,2,0,0,0,0,0,0,0,0,0,0,0,0,0,0,3,3,32
13156.782305,1.271e-27,0.0598,0.075,0,0.75,-0.026314,NaN,NaN,NaN,NaN,NaN,NaN,NaN,NaN,NaN,NaN,NaN,NaN,NaN,NaN,0.08133,0.945,3,4,4,4,3,2,0,0,0,0,0,0,0,0,0,0,0,0,0,0,3,3,32
13156.93655,3.841e-27,0.0598,0.075,0,0.75,-0.026314,NaN,NaN,NaN,NaN,NaN,NaN,NaN,NaN,NaN,NaN,NaN,NaN,NaN,NaN,0.08133,0.945,3,4,4,4,3,2,0,0,0,0,0,0,0,0,0,0,0,0,0,0,3,3,32
13157.158965,1.555e-27,0.0598,0.075,0,0.75,-0.026314,NaN,NaN,NaN,NaN,NaN,NaN,NaN,NaN,NaN,NaN,NaN,NaN,NaN,NaN,0.08133,0.945,3,4,4,4,3,2,0,0,0,0,0,0,0,0,0,0,0,0,0,0,3,3,32
13157.213415,4.132e-28,0.0598,0.075,0,0.75,-0.026314,NaN,NaN,NaN,NaN,NaN,NaN,NaN,NaN,NaN,NaN,NaN,NaN,NaN,NaN,0.08133,0.945,3,4,4,4,3,2,0,0,0,0,0,0,0,0,0,0,0,0,0,0,3,3,32
13157.326941,1.536e-27,0.0598,0.075,0,0.75,-0.026315,NaN,NaN,NaN,NaN,NaN,NaN,NaN,NaN,NaN,NaN,NaN,NaN,NaN,NaN,0.08133,0.945,3,4,4,4,3,2,0,0,0,0,0,0,0,0,0,0,0,0,0,0,3,3,32
13157.384807,1.337e-27,0.0598,0.075,0,0.75,-0.026315,NaN,NaN,NaN,NaN,NaN,NaN,NaN,NaN,NaN,NaN,NaN,NaN,NaN,NaN,0.08133,0.945,3,4,4,4,3,2,0,0,0,0,0,0,0,0,0,0,0,0,0,0,3,3,32
13157.543891,5.932e-28,0.0598,0.075,0,0.75,-0.026315,NaN,NaN,NaN,NaN,NaN,NaN,NaN,NaN,NaN,NaN,NaN,NaN,NaN,NaN,0.08133,0.945,3,4,4,4,3,2,0,0,0,0,0,0,0,0,0,0,0,0,0,0,3,3,32
13157.613289,1.839e-27,0.0598,0.075,0,0.75,-0.026315,NaN,NaN,NaN,NaN,NaN,NaN,NaN,NaN,NaN,NaN,NaN,NaN,NaN,NaN,0.08133,0.945,3,4,4,4,3,2,0,0,0,0,0,0,0,0,0,0,0,0,0,0,3,3,32
13157.772831,6.102e-28,0.0598,0.075,0,0.75,-0.026316,NaN,NaN,NaN,NaN,NaN,NaN,NaN,NaN,NaN,NaN,NaN,NaN,NaN,NaN,0.08133,0.945,3,4,4,4,3,2,0,0,0,0,0,0,0,0,0,0,0,0,0,0,3,3,32
13157.861947,1.908e-27,0.0598,0.075,0,0.75,-0.026316,NaN,NaN,NaN,NaN,NaN,NaN,NaN,NaN,NaN,NaN,NaN,NaN,NaN,NaN,0.08133,0.945,3,4,4,4,3,2,0,0,0,0,0,0,0,0,0,0,0,0,0,0,3,3,32
13157.924983,9.185e-28,0.0598,0.075,0,0.75,-0.026316,NaN,NaN,NaN,NaN,NaN,NaN,NaN,NaN,NaN,NaN,NaN,NaN,NaN,NaN,0.08133,0.945,3,4,4,4,3,2,0,0,0,0,0,0,0,0,0,0,0,0,0,0,3,3,32
13158.005444,1.02e-27,0.0598,0.075,0,0.75,-0.026316,NaN,NaN,NaN,NaN,NaN,NaN,NaN,NaN,NaN,NaN,NaN,NaN,NaN,NaN,0.08133,0.945,3,4,4,4,3,2,0,0,0,0,0,0,0,0,0,0,0,0,0,0,3,3,32
13158.124985,4.741e-28,0.0598,0.075,0,0.75,-0.026316,NaN,NaN,NaN,NaN,NaN,NaN,NaN,NaN,NaN,NaN,NaN,NaN,NaN,NaN,0.08133,0.945,3,4,4,4,3,2,0,0,0,0,0,0,0,0,0,0,0,0,0,0,3,3,32
13158.203232,7.567e-28,0.0598,0.075,0,0.75,-0.026316,NaN,NaN,NaN,NaN,NaN,NaN,NaN,NaN,NaN,NaN,NaN,NaN,NaN,NaN,0.08133,0.945,3,4,4,4,3,2,0,0,0,0,0,0,0,0,0,0,0,0,0,0,3,3,32
13158.290207,7.048e-28,0.0598,0.075,0,0.75,-0.026317,NaN,NaN,NaN,NaN,NaN,NaN,NaN,NaN,NaN,NaN,NaN,NaN,NaN,NaN,0.08133,0.945,3,4,4,4,3,2,0,0,0,0,0,0,0,0,0,0,0,0,0,0,3,3,32
13158.336234,1.025e-27,0.0598,0.075,0,0.75,-0.026317,NaN,NaN,NaN,NaN,NaN,NaN,NaN,NaN,NaN,NaN,NaN,NaN,NaN,NaN,0.08133,0.945,3,4,4,4,3,2,0,0,0,0,0,0,0,0,0,0,0,0,0,0,3,3,32
13158.40818,1.293e-27,0.0598,0.075,0,0.75,-0.026317,NaN,NaN,NaN,NaN,NaN,NaN,NaN,NaN,NaN,NaN,NaN,NaN,NaN,NaN,0.08133,0.945,3,4,4,4,3,2,0,0,0,0,0,0,0,0,0,0,0,0,0,0,3,3,32
13158.503909,4.047e-28,0.0598,0.075,0,0.75,-0.026317,NaN,NaN,NaN,NaN,NaN,NaN,NaN,NaN,NaN,NaN,NaN,NaN,NaN,NaN,0.08133,0.945,3,4,4,4,3,2,0,0,0,0,0,0,0,0,0,0,0,0,0,0,3,3,32
13158.552651,5.682e-28,0.0598,0.075,0,0.75,-0.026317,NaN,NaN,NaN,NaN,NaN,NaN,NaN,NaN,NaN,NaN,NaN,NaN,NaN,NaN,0.08133,0.945,3,4,4,4,3,2,0,0,0,0,0,0,0,0,0,0,0,0,0,0,3,3,32
13158.83376,6.403e-28,0.0598,0.075,0,0.75,-0.026318,NaN,NaN,NaN,NaN,NaN,NaN,NaN,NaN,NaN,NaN,NaN,NaN,NaN,NaN,0.08133,0.945,3,4,4,4,3,2,0,0,0,0,0,0,0,0,0,0,0,0,0,0,3,3,32
13159.011987,5.093e-28,0.0598,0.075,0,0.75,-0.026318,NaN,NaN,NaN,NaN,NaN,NaN,NaN,NaN,NaN,NaN,NaN,NaN,NaN,NaN,0.08133,0.945,3,4,4,4,3,2,0,0,0,0,0,0,0,0,0,0,0,0,0,0,3,3,32
13159.155419,2.072e-27,0.0598,0.075,0,0.75,-0.026318,NaN,NaN,NaN,NaN,NaN,NaN,NaN,NaN,NaN,NaN,NaN,NaN,NaN,NaN,0.08133,0.945,3,4,4,4,3,2,0,0,0,0,0,0,0,0,0,0,0,0,0,0,3,3,32
13159.522489,2.809e-27,0.0598,0.075,0,0.75,-0.026319,NaN,NaN,NaN,NaN,NaN,NaN,NaN,NaN,NaN,NaN,NaN,NaN,NaN,NaN,0.08133,0.945,3,4,4,4,3,2,0,0,0,0,0,0,0,0,0,0,0,0,0,0,3,3,32
13159.792108,1.468e-27,0.0598,0.075,0,0.75,-0.02632,NaN,NaN,NaN,NaN,NaN,NaN,NaN,NaN,NaN,NaN,NaN,NaN,NaN,NaN,0.08133,0.945,3,4,4,4,3,2,0,0,0,0,0,0,0,0,0,0,0,0,0,0,3,3,32
13159.941948,1.035e-27,0.0598,0.075,0,0.75,-0.02632,NaN,NaN,NaN,NaN,NaN,NaN,NaN,NaN,NaN,NaN,NaN,NaN,NaN,NaN,0.08133,0.945,3,4,4,4,3,2,0,0,0,0,0,0,0,0,0,0,0,0,0,0,3,3,32
13160.024323,2.629e-27,0.0598,0.075,0,0.75,-0.02632,NaN,NaN,NaN,NaN,NaN,NaN,NaN,NaN,NaN,NaN,NaN,NaN,NaN,NaN,0.08133,0.945,3,4,4,4,3,2,0,0,0,0,0,0,0,0,0,0,0,0,0,0,3,3,32
13160.097894,6.021e-28,0.0598,0.075,0,0.75,-0.02632,NaN,NaN,NaN,NaN,NaN,NaN,NaN,NaN,NaN,NaN,NaN,NaN,NaN,NaN,0.08133,0.945,3,4,4,4,3,2,0,0,0,0,0,0,0,0,0,0,0,0,0,0,3,3,32
13160.148002,4.862e-28,0.0598,0.075,0,0.75,-0.02632,NaN,NaN,NaN,NaN,NaN,NaN,NaN,NaN,NaN,NaN,NaN,NaN,NaN,NaN,0.08133,0.945,3,4,4,4,3,2,0,0,0,0,0,0,0,0,0,0,0,0,0,0,3,3,32
13160.261646,6.911e-28,0.0598,0.075,0,0.75,-0.026321,NaN,NaN,NaN,NaN,NaN,NaN,NaN,NaN,NaN,NaN,NaN,NaN,NaN,NaN,0.08133,0.945,3,4,4,4,3,2,0,0,0,0,0,0,0,0,0,0,0,0,0,0,3,3,32
13160.406903,8.939e-28,0.0598,0.075,0,0.75,-0.026321,NaN,NaN,NaN,NaN,NaN,NaN,NaN,NaN,NaN,NaN,NaN,NaN,NaN,NaN,0.08133,0.945,3,4,4,4,3,2,0,0,0,0,0,0,0,0,0,0,0,0,0,0,3,3,32
13160.470375,1.846e-27,0.0598,0.075,0,0.75,-0.026321,NaN,NaN,NaN,NaN,NaN,NaN,NaN,NaN,NaN,NaN,NaN,NaN,NaN,NaN,0.08133,0.945,3,4,4,4,3,2,0,0,0,0,0,0,0,0,0,0,0,0,0,0,3,3,32
13160.590368,6.987e-28,0.0598,0.075,0,0.75,-0.026321,NaN,NaN,NaN,NaN,NaN,NaN,NaN,NaN,NaN,NaN,NaN,NaN,NaN,NaN,0.08133,0.945,3,4,4,4,3,2,0,0,0,0,0,0,0,0,0,0,0,0,0,0,3,3,32
13160.636695,2.137e-27,0.0598,0.075,0,0.75,-0.026321,NaN,NaN,NaN,NaN,NaN,NaN,NaN,NaN,NaN,NaN,NaN,NaN,NaN,NaN,0.08133,0.945,3,4,4,4,3,2,0,0,0,0,0,0,0,0,0,0,0,0,0,0,3,3,32
13160.762135,4.47e-28,0.0598,0.075,0,0.75,-0.026322,NaN,NaN,NaN,NaN,NaN,NaN,NaN,NaN,NaN,NaN,NaN,NaN,NaN,NaN,0.08133,0.945,3,4,4,4,3,2,0,0,0,0,0,0,0,0,0,0,0,0,0,0,3,3,32
13160.896043,7.222e-28,0.0598,0.075,0,0.75,-0.026322,NaN,NaN,NaN,NaN,NaN,NaN,NaN,NaN,NaN,NaN,NaN,NaN,NaN,NaN,0.08133,0.945,3,4,4,4,3,2,0,0,0,0,0,0,0,0,0,0,0,0,0,0,3,3,32
13160.950713,1.301e-27,0.0598,0.075,0,0.75,-0.026322,NaN,NaN,NaN,NaN,NaN,NaN,NaN,NaN,NaN,NaN,NaN,NaN,NaN,NaN,0.08133,0.945,3,4,4,4,3,2,0,0,0,0,0,0,0,0,0,0,0,0,0,0,3,3,32
13161.088281,1.428e-27,0.0598,0.075,0,0.75,-0.026322,NaN,NaN,NaN,NaN,NaN,NaN,NaN,NaN,NaN,NaN,NaN,NaN,NaN,NaN,0.08133,0.945,3,4,4,4,3,2,0,0,0,0,0,0,0,0,0,0,0,0,0,0,3,3,32
13161.163515,6.633e-28,0.0598,0.075,0,0.75,-0.026322,NaN,NaN,NaN,NaN,NaN,NaN,NaN,NaN,NaN,NaN,NaN,NaN,NaN,NaN,0.08133,0.945,3,4,4,4,3,2,0,0,0,0,0,0,0,0,0,0,0,0,0,0,3,3,32
13161.264569,4.901e-28,0.0598,0.075,0,0.75,-0.026323,NaN,NaN,NaN,NaN,NaN,NaN,NaN,NaN,NaN,NaN,NaN,NaN,NaN,NaN,0.08133,0.945,3,4,4,4,3,2,0,0,0,0,0,0,0,0,0,0,0,0,0,0,3,3,32
13161.420238,8.065e-28,0.0598,0.075,0,0.75,-0.026323,NaN,NaN,NaN,NaN,NaN,NaN,NaN,NaN,NaN,NaN,NaN,NaN,NaN,NaN,0.08133,0.945,3,4,4,4,3,2,0,0,0,0,0,0,0,0,0,0,0,0,0,0,3,3,32
13161.694972,9.217e-28,0.0598,0.075,0,0.75,-0.026323,NaN,NaN,NaN,NaN,NaN,NaN,NaN,NaN,NaN,NaN,NaN,NaN,NaN,NaN,0.08133,0.945,3,4,4,4,3,2,0,0,0,0,0,0,0,0,0,0,0,0,0,0,3,3,32
13161.763064,2.575e-27,0.0598,0.075,0,0.75,-0.026324,NaN,NaN,NaN,NaN,NaN,NaN,NaN,NaN,NaN,NaN,NaN,NaN,NaN,NaN,0.08133,0.945,3,4,4,4,3,2,0,0,0,0,0,0,0,0,0,0,0,0,0,0,3,3,32
13161.976717,5.309e-28,0.0598,0.075,0,0.75,-0.026324,NaN,NaN,NaN,NaN,NaN,NaN,NaN,NaN,NaN,NaN,NaN,NaN,NaN,NaN,0.08133,0.945,3,4,4,4,3,2,0,0,0,0,0,0,0,0,0,0,0,0,0,0,3,3,32
13162.081501,7.863e-28,0.0598,0.075,0,0.75,-0.026324,NaN,NaN,NaN,NaN,NaN,NaN,NaN,NaN,NaN,NaN,NaN,NaN,NaN,NaN,0.08133,0.945,3,4,4,4,3,2,0,0,0,0,0,0,0,0,0,0,0,0,0,0,3,3,32
13162.157597,7.29e-28,0.0598,0.075,0,0.75,-0.026324,NaN,NaN,NaN,NaN,NaN,NaN,NaN,NaN,NaN,NaN,NaN,NaN,NaN,NaN,0.08133,0.945,3,4,4,4,3,2,0,0,0,0,0,0,0,0,0,0,0,0,0,0,3,3,32
13162.40428,1.056e-27,0.0598,0.075,0,0.75,-0.026325,NaN,NaN,NaN,NaN,NaN,NaN,NaN,NaN,NaN,NaN,NaN,NaN,NaN,NaN,0.08133,0.945,3,4,4,4,3,2,0,0,0,0,0,0,0,0,0,0,0,0,0,0,3,3,32
13162.652158,3.833e-27,0.0598,0.075,0,0.75,-0.026325,NaN,NaN,NaN,NaN,NaN,NaN,NaN,NaN,NaN,NaN,NaN,NaN,NaN,NaN,0.08133,0.945,3,4,4,4,3,2,0,0,0,0,0,0,0,0,0,0,0,0,0,0,3,3,32
13162.835321,1.358e-27,0.0598,0.075,0,0.75,-0.026326,NaN,NaN,NaN,NaN,NaN,NaN,NaN,NaN,NaN,NaN,NaN,NaN,NaN,NaN,0.08133,0.945,3,4,4,4,3,2,0,0,0,0,0,0,0,0,0,0,0,0,0,0,3,3,32
13162.950394,3.636e-27,0.0598,0.075,0,0.75,-0.026326,NaN,NaN,NaN,NaN,NaN,NaN,NaN,NaN,NaN,NaN,NaN,NaN,NaN,NaN,0.08133,0.945,3,4,4,4,3,2,0,0,0,0,0,0,0,0,0,0,0,0,0,0,3,3,32
13163.120108,3.988e-27,0.0598,0.075,0,0.75,-0.026326,NaN,NaN,NaN,NaN,NaN,NaN,NaN,NaN,NaN,NaN,NaN,NaN,NaN,NaN,0.08133,0.945,3,4,4,4,3,2,0,0,0,0,0,0,0,0,0,0,0,0,0,0,3,3,32
13163.386948,1.246e-27,0.0598,0.075,0,0.75,-0.026327,NaN,NaN,NaN,NaN,NaN,NaN,NaN,NaN,NaN,NaN,NaN,NaN,NaN,NaN,0.08133,0.945,3,4,4,4,3,2,0,0,0,0,0,0,0,0,0,0,0,0,0,0,3,3,32
13163.422001,1.357e-27,0.0598,0.075,0,0.75,-0.026327,NaN,NaN,NaN,NaN,NaN,NaN,NaN,NaN,NaN,NaN,NaN,NaN,NaN,NaN,0.08133,0.945,3,4,4,4,3,2,0,0,0,0,0,0,0,0,0,0,0,0,0,0,3,3,32
13163.615486,1.647e-27,0.0598,0.075,0,0.75,-0.026327,NaN,NaN,NaN,NaN,NaN,NaN,NaN,NaN,NaN,NaN,NaN,NaN,NaN,NaN,0.08133,0.945,3,4,4,4,3,2,0,0,0,0,0,0,0,0,0,0,0,0,0,0,3,3,32
13163.744151,2.514e-27,0.0598,0.075,0,0.75,-0.026327,NaN,NaN,NaN,NaN,NaN,NaN,NaN,NaN,NaN,NaN,NaN,NaN,NaN,NaN,0.08133,0.945,3,4,4,4,3,2,0,0,0,0,0,0,0,0,0,0,0,0,0,0,3,3,32
13163.891169,1.018e-27,0.0598,0.075,0,0.75,-0.026328,NaN,NaN,NaN,NaN,NaN,NaN,NaN,NaN,NaN,NaN,NaN,NaN,NaN,NaN,0.08133,0.945,3,4,4,4,3,2,0,0,0,0,0,0,0,0,0,0,0,0,0,0,3,3,32
13164.026905,4.134e-27,0.0598,0.075,0,0.75,-0.026328,NaN,NaN,NaN,NaN,NaN,NaN,NaN,NaN,NaN,NaN,NaN,NaN,NaN,NaN,0.08133,0.945,3,4,4,4,3,2,0,0,0,0,0,0,0,0,0,0,0,0,0,0,3,3,32
13164.240603,9.004e-28,0.0598,0.075,0,0.75,-0.026328,NaN,NaN,NaN,NaN,NaN,NaN,NaN,NaN,NaN,NaN,NaN,NaN,NaN,NaN,0.08133,0.945,3,4,4,4,3,2,0,0,0,0,0,0,0,0,0,0,0,0,0,0,3,3,32
13164.343074,2.783e-27,0.0598,0.075,0,0.75,-0.026329,NaN,NaN,NaN,NaN,NaN,NaN,NaN,NaN,NaN,NaN,NaN,NaN,NaN,NaN,0.08133,0.945,3,4,4,4,3,2,0,0,0,0,0,0,0,0,0,0,0,0,0,0,3,3,32
13164.371517,9.455e-28,0.0598,0.075,0,0.75,-0.026329,NaN,NaN,NaN,NaN,NaN,NaN,NaN,NaN,NaN,NaN,NaN,NaN,NaN,NaN,0.08133,0.945,3,4,4,4,3,2,0,0,0,0,0,0,0,0,0,0,0,0,0,0,3,3,32
13164.587006,1.38e-27,0.0598,0.075,0,0.75,-0.026329,NaN,NaN,NaN,NaN,NaN,NaN,NaN,NaN,NaN,NaN,NaN,NaN,NaN,NaN,0.08133,0.945,3,4,4,4,3,2,0,0,0,0,0,0,0,0,0,0,0,0,0,0,3,3,32
13164.784186,8.78e-28,0.0598,0.075,0,0.75,-0.02633,NaN,NaN,NaN,NaN,NaN,NaN,NaN,NaN,NaN,NaN,NaN,NaN,NaN,NaN,0.08133,0.945,3,4,4,4,3,2,0,0,0,0,0,0,0,0,0,0,0,0,0,0,3,3,32
13164.862592,7.109e-28,0.0598,0.075,0,0.75,-0.02633,NaN,NaN,NaN,NaN,NaN,NaN,NaN,NaN,NaN,NaN,NaN,NaN,NaN,NaN,0.08133,0.945,3,4,4,4,3,2,0,0,0,0,0,0,0,0,0,0,0,0,0,0,3,3,32
13165.033801,9.442e-28,0.0598,0.075,0,0.75,-0.02633,NaN,NaN,NaN,NaN,NaN,NaN,NaN,NaN,NaN,NaN,NaN,NaN,NaN,NaN,0.08133,0.945,3,4,4,4,3,2,0,0,0,0,0,0,0,0,0,0,0,0,0,0,3,3,32
13165.169076,5.862e-28,0.0598,0.075,0,0.75,-0.02633,NaN,NaN,NaN,NaN,NaN,NaN,NaN,NaN,NaN,NaN,NaN,NaN,NaN,NaN,0.08133,0.945,3,4,4,4,3,2,0,0,0,0,0,0,0,0,0,0,0,0,0,0,3,3,32
13165.488331,9.433e-28,0.0598,0.075,0,0.75,-0.026331,NaN,NaN,NaN,NaN,NaN,NaN,NaN,NaN,NaN,NaN,NaN,NaN,NaN,NaN,0.08133,0.945,3,4,4,4,3,2,0,0,0,0,0,0,0,0,0,0,0,0,0,0,3,3,32
13165.762534,1.745e-27,0.0598,0.075,0,0.75,-0.026332,NaN,NaN,NaN,NaN,NaN,NaN,NaN,NaN,NaN,NaN,NaN,NaN,NaN,NaN,0.08133,0.945,3,4,4,4,3,2,0,0,0,0,0,0,0,0,0,0,0,0,0,0,3,3,32
13165.849269,4.23e-28,0.0598,0.075,0,0.75,-0.026332,NaN,NaN,NaN,NaN,NaN,NaN,NaN,NaN,NaN,NaN,NaN,NaN,NaN,NaN,0.08133,0.945,3,4,4,4,3,2,0,0,0,0,0,0,0,0,0,0,0,0,0,0,3,3,32
13165.912262,8.491e-28,0.0598,0.075,0,0.75,-0.026332,NaN,NaN,NaN,NaN,NaN,NaN,NaN,NaN,NaN,NaN,NaN,NaN,NaN,NaN,0.08133,0.945,3,4,4,4,3,2,0,0,0,0,0,0,0,0,0,0,0,0,0,0,3,3,32
13166.090546,2.036e-27,0.0598,0.075,0,0.75,-0.026332,NaN,NaN,NaN,NaN,NaN,NaN,NaN,NaN,NaN,NaN,NaN,NaN,NaN,NaN,0.08133,0.945,3,4,4,4,3,2,0,0,0,0,0,0,0,0,0,0,0,0,0,0,3,3,32
13166.373749,2.289e-27,0.0598,0.075,0,0.75,-0.026333,NaN,NaN,NaN,NaN,NaN,NaN,NaN,NaN,NaN,NaN,NaN,NaN,NaN,NaN,0.08133,0.945,3,4,4,4,3,2,0,0,0,0,0,0,0,0,0,0,0,0,0,0,3,3,32
13166.479625,8.002e-28,0.0598,0.075,0,0.75,-0.026333,NaN,NaN,NaN,NaN,NaN,NaN,NaN,NaN,NaN,NaN,NaN,NaN,NaN,NaN,0.08133,0.945,3,4,4,4,3,2,0,0,0,0,0,0,0,0,0,0,0,0,0,0,3,3,32
13166.553956,7.794e-28,0.0598,0.075,0,0.75,-0.026333,NaN,NaN,NaN,NaN,NaN,NaN,NaN,NaN,NaN,NaN,NaN,NaN,NaN,NaN,0.08133,0.945,3,4,4,4,3,2,0,0,0,0,0,0,0,0,0,0,0,0,0,0,3,3,32
13166.616781,4.995e-28,0.0598,0.075,0,0.75,-0.026333,NaN,NaN,NaN,NaN,NaN,NaN,NaN,NaN,NaN,NaN,NaN,NaN,NaN,NaN,0.08133,0.945,3,4,4,4,3,2,0,0,0,0,0,0,0,0,0,0,0,0,0,0,3,3,32
13166.669787,1.052e-27,0.0598,0.075,0,0.75,-0.026333,NaN,NaN,NaN,NaN,NaN,NaN,NaN,NaN,NaN,NaN,NaN,NaN,NaN,NaN,0.08133,0.945,3,4,4,4,3,2,0,0,0,0,0,0,0,0,0,0,0,0,0,0,3,3,32
13166.839002,7.033e-28,0.0598,0.075,0,0.75,-0.026334,NaN,NaN,NaN,NaN,NaN,NaN,NaN,NaN,NaN,NaN,NaN,NaN,NaN,NaN,0.08133,0.945,3,4,4,4,3,2,0,0,0,0,0,0,0,0,0,0,0,0,0,0,3,3,32
13167.020023,6.814e-28,0.0598,0.075,0,0.75,-0.026334,NaN,NaN,NaN,NaN,NaN,NaN,NaN,NaN,NaN,NaN,NaN,NaN,NaN,NaN,0.08133,0.945,3,4,4,4,3,2,0,0,0,0,0,0,0,0,0,0,0,0,0,0,3,3,32
13167.089094,1.629e-27,0.0598,0.075,0,0.75,-0.026334,NaN,NaN,NaN,NaN,NaN,NaN,NaN,NaN,NaN,NaN,NaN,NaN,NaN,NaN,0.08133,0.945,3,4,4,4,3,2,0,0,0,0,0,0,0,0,0,0,0,0,0,0,3,3,32
13167.155734,4.282e-28,0.0598,0.075,0,0.75,-0.026334,NaN,NaN,NaN,NaN,NaN,NaN,NaN,NaN,NaN,NaN,NaN,NaN,NaN,NaN,0.08133,0.945,3,4,4,4,3,2,0,0,0,0,0,0,0,0,0,0,0,0,0,0,3,3,32
13167.299218,8.817e-28,0.0598,0.075,0,0.75,-0.026335,NaN,NaN,NaN,NaN,NaN,NaN,NaN,NaN,NaN,NaN,NaN,NaN,NaN,NaN,0.08133,0.945,3,4,4,4,3,2,0,0,0,0,0,0,0,0,0,0,0,0,0,0,3,3,32
13167.34824,6.156e-28,0.0598,0.075,0,0.75,-0.026335,NaN,NaN,NaN,NaN,NaN,NaN,NaN,NaN,NaN,NaN,NaN,NaN,NaN,NaN,0.08133,0.945,3,4,4,4,3,2,0,0,0,0,0,0,0,0,0,0,0,0,0,0,3,3,32
13167.410179,6.285e-28,0.0598,0.075,0,0.75,-0.026335,NaN,NaN,NaN,NaN,NaN,NaN,NaN,NaN,NaN,NaN,NaN,NaN,NaN,NaN,0.08133,0.945,3,4,4,4,3,2,0,0,0,0,0,0,0,0,0,0,0,0,0,0,3,3,32
13167.539785,4.831e-28,0.0598,0.075,0,0.75,-0.026335,NaN,NaN,NaN,NaN,NaN,NaN,NaN,NaN,NaN,NaN,NaN,NaN,NaN,NaN,0.08133,0.945,3,4,4,4,3,2,0,0,0,0,0,0,0,0,0,0,0,0,0,0,3,3,32
13167.6855,8.553e-28,0.0598,0.075,0,0.75,-0.026335,NaN,NaN,NaN,NaN,NaN,NaN,NaN,NaN,NaN,NaN,NaN,NaN,NaN,NaN,0.08133,0.945,3,4,4,4,3,2,0,0,0,0,0,0,0,0,0,0,0,0,0,0,3,3,32
13167.937003,1.532e-27,0.0598,0.075,0,0.75,-0.026336,NaN,NaN,NaN,NaN,NaN,NaN,NaN,NaN,NaN,NaN,NaN,NaN,NaN,NaN,0.08133,0.945,3,4,4,4,3,2,0,0,0,0,0,0,0,0,0,0,0,0,0,0,3,3,32
13168.326416,2.297e-27,0.0598,0.075,0,0.75,-0.026337,NaN,NaN,NaN,NaN,NaN,NaN,NaN,NaN,NaN,NaN,NaN,NaN,NaN,NaN,0.08133,0.945,3,4,4,4,3,2,0,0,0,0,0,0,0,0,0,0,0,0,0,0,3,3,32
13168.398256,5.921e-28,0.0598,0.075,0,0.75,-0.026337,NaN,NaN,NaN,NaN,NaN,NaN,NaN,NaN,NaN,NaN,NaN,NaN,NaN,NaN,0.08133,0.945,3,4,4,4,3,2,0,0,0,0,0,0,0,0,0,0,0,0,0,0,3,3,32
13168.632549,6.033e-28,0.0598,0.075,0,0.75,-0.026337,NaN,NaN,NaN,NaN,NaN,NaN,NaN,NaN,NaN,NaN,NaN,NaN,NaN,NaN,0.08133,0.945,3,4,4,4,3,2,0,0,0,0,0,0,0,0,0,0,0,0,0,0,3,3,32
13168.697766,4.176e-28,0.0598,0.075,0,0.75,-0.026337,NaN,NaN,NaN,NaN,NaN,NaN,NaN,NaN,NaN,NaN,NaN,NaN,NaN,NaN,0.08133,0.945,3,4,4,4,3,2,0,0,0,0,0,0,0,0,0,0,0,0,0,0,3,3,32
13168.765755,5.447e-28,0.0598,0.075,0,0.75,-0.026338,NaN,NaN,NaN,NaN,NaN,NaN,NaN,NaN,NaN,NaN,NaN,NaN,NaN,NaN,0.08133,0.945,3,4,4,4,3,2,0,0,0,0,0,0,0,0,0,0,0,0,0,0,3,3,32
13168.839527,7.464e-28,0.0598,0.075,0,0.75,-0.026338,NaN,NaN,NaN,NaN,NaN,NaN,NaN,NaN,NaN,NaN,NaN,NaN,NaN,NaN,0.08133,0.945,3,4,4,4,3,2,0,0,0,0,0,0,0,0,0,0,0,0,0,0,3,3,32
13169.00282,1.274e-27,0.0598,0.075,0,0.75,-0.026338,NaN,NaN,NaN,NaN,NaN,NaN,NaN,NaN,NaN,NaN,NaN,NaN,NaN,NaN,0.08133,0.945,3,4,4,4,3,2,0,0,0,0,0,0,0,0,0,0,0,0,0,0,3,3,32
13169.067294,8.597e-28,0.0598,0.075,0,0.75,-0.026338,NaN,NaN,NaN,NaN,NaN,NaN,NaN,NaN,NaN,NaN,NaN,NaN,NaN,NaN,0.08133,0.945,3,4,4,4,3,2,0,0,0,0,0,0,0,0,0,0,0,0,0,0,3,3,32
13169.160024,4.461e-28,0.0598,0.075,0,0.75,-0.026338,NaN,NaN,NaN,NaN,NaN,NaN,NaN,NaN,NaN,NaN,NaN,NaN,NaN,NaN,0.08133,0.945,3,4,4,4,3,2,0,0,0,0,0,0,0,0,0,0,0,0,0,0,3,3,32
13169.281122,7.42e-28,0.0598,0.075,0,0.75,-0.026339,NaN,NaN,NaN,NaN,NaN,NaN,NaN,NaN,NaN,NaN,NaN,NaN,NaN,NaN,0.08133,0.945,3,4,4,4,3,2,0,0,0,0,0,0,0,0,0,0,0,0,0,0,3,3,32
13169.450487,3.175e-27,0.0598,0.075,0,0.75,-0.026339,NaN,NaN,NaN,NaN,NaN,NaN,NaN,NaN,NaN,NaN,NaN,NaN,NaN,NaN,0.08133,0.945,3,4,4,4,3,2,0,0,0,0,0,0,0,0,0,0,0,0,0,0,3,3,32
13169.626004,2.321e-27,0.0598,0.075,0,0.75,-0.026339,NaN,NaN,NaN,NaN,NaN,NaN,NaN,NaN,NaN,NaN,NaN,NaN,NaN,NaN,0.08133,0.945,3,4,4,4,3,2,0,0,0,0,0,0,0,0,0,0,0,0,0,0,3,3,32
13169.765431,5.496e-28,0.0598,0.075,0,0.75,-0.02634,NaN,NaN,NaN,NaN,NaN,NaN,NaN,NaN,NaN,NaN,NaN,NaN,NaN,NaN,0.08133,0.945,3,4,4,4,3,2,0,0,0,0,0,0,0,0,0,0,0,0,0,0,3,3,32
13169.927708,6.771e-28,0.0598,0.075,0,0.75,-0.02634,NaN,NaN,NaN,NaN,NaN,NaN,NaN,NaN,NaN,NaN,NaN,NaN,NaN,NaN,0.08133,0.945,3,4,4,4,3,2,0,0,0,0,0,0,0,0,0,0,0,0,0,0,3,3,32
13169.991638,1.146e-27,0.0598,0.075,0,0.75,-0.02634,NaN,NaN,NaN,NaN,NaN,NaN,NaN,NaN,NaN,NaN,NaN,NaN,NaN,NaN,0.08133,0.945,3,4,4,4,3,2,0,0,0,0,0,0,0,0,0,0,0,0,0,0,3,3,32
13170.400625,1.986e-27,0.0598,0.075,0,0.75,-0.026341,NaN,NaN,NaN,NaN,NaN,NaN,NaN,NaN,NaN,NaN,NaN,NaN,NaN,NaN,0.08133,0.945,3,4,4,4,3,2,0,0,0,0,0,0,0,0,0,0,0,0,0,0,3,3,32
13170.603799,5.174e-28,0.0598,0.075,0,0.75,-0.026341,NaN,NaN,NaN,NaN,NaN,NaN,NaN,NaN,NaN,NaN,NaN,NaN,NaN,NaN,0.08133,0.945,3,4,4,4,3,2,0,0,0,0,0,0,0,0,0,0,0,0,0,0,3,3,32
13170.649008,5.111e-28,0.0598,0.075,0,0.75,-0.026341,NaN,NaN,NaN,NaN,NaN,NaN,NaN,NaN,NaN,NaN,NaN,NaN,NaN,NaN,0.08133,0.945,3,4,4,4,3,2,0,0,0,0,0,0,0,0,0,0,0,0,0,0,3,3,32
13170.747784,6.208e-28,0.0598,0.075,0,0.75,-0.026341,NaN,NaN,NaN,NaN,NaN,NaN,NaN,NaN,NaN,NaN,NaN,NaN,NaN,NaN,0.08133,0.945,3,4,4,4,3,2,0,0,0,0,0,0,0,0,0,0,0,0,0,0,3,3,32
13170.792527,9.579e-28,0.0598,0.075,0,0.75,-0.026342,NaN,NaN,NaN,NaN,NaN,NaN,NaN,NaN,NaN,NaN,NaN,NaN,NaN,NaN,0.08133,0.945,3,4,4,4,3,2,0,0,0,0,0,0,0,0,0,0,0,0,0,0,3,3,32
13170.853239,5.732e-28,0.0598,0.075,0,0.75,-0.026342,NaN,NaN,NaN,NaN,NaN,NaN,NaN,NaN,NaN,NaN,NaN,NaN,NaN,NaN,0.08133,0.945,3,4,4,4,3,2,0,0,0,0,0,0,0,0,0,0,0,0,0,0,3,3,32
13170.935219,5.767e-28,0.0598,0.075,0,0.75,-0.026342,NaN,NaN,NaN,NaN,NaN,NaN,NaN,NaN,NaN,NaN,NaN,NaN,NaN,NaN,0.08133,0.945,3,4,4,4,3,2,0,0,0,0,0,0,0,0,0,0,0,0,0,0,3,3,32
13171.032356,1.142e-27,0.0598,0.075,0,0.75,-0.026342,NaN,NaN,NaN,NaN,NaN,NaN,NaN,NaN,NaN,NaN,NaN,NaN,NaN,NaN,0.08133,0.945,3,4,4,4,3,2,0,0,0,0,0,0,0,0,0,0,0,0,0,0,3,3,32
13171.11595,1.529e-27,0.0598,0.075,0,0.75,-0.026342,NaN,NaN,NaN,NaN,NaN,NaN,NaN,NaN,NaN,NaN,NaN,NaN,NaN,NaN,0.08133,0.945,3,4,4,4,3,2,0,0,0,0,0,0,0,0,0,0,0,0,0,0,3,3,32
13171.17201,1.788e-27,0.0598,0.075,0,0.75,-0.026342,NaN,NaN,NaN,NaN,NaN,NaN,NaN,NaN,NaN,NaN,NaN,NaN,NaN,NaN,0.08133,0.945,3,4,4,4,3,2,0,0,0,0,0,0,0,0,0,0,0,0,0,0,3,3,32
13171.339223,5.574e-28,0.0598,0.075,0,0.75,-0.026343,NaN,NaN,NaN,NaN,NaN,NaN,NaN,NaN,NaN,NaN,NaN,NaN,NaN,NaN,0.08133,0.945,3,4,4,4,3,2,0,0,0,0,0,0,0,0,0,0,0,0,0,0,3,3,32
13171.466397,1.734e-27,0.0598,0.075,0,0.75,-0.026343,NaN,NaN,NaN,NaN,NaN,NaN,NaN,NaN,NaN,NaN,NaN,NaN,NaN,NaN,0.08133,0.945,3,4,4,4,3,2,0,0,0,0,0,0,0,0,0,0,0,0,0,0,3,3,32
13171.539708,3.865e-27,0.0598,0.075,0,0.75,-0.026343,NaN,NaN,NaN,NaN,NaN,NaN,NaN,NaN,NaN,NaN,NaN,NaN,NaN,NaN,0.08133,0.945,3,4,4,4,3,2,0,0,0,0,0,0,0,0,0,0,0,0,0,0,3,3,32
13171.738669,6.237e-28,0.0598,0.075,0,0.75,-0.026343,NaN,NaN,NaN,NaN,NaN,NaN,NaN,NaN,NaN,NaN,NaN,NaN,NaN,NaN,0.08133,0.945,3,4,4,4,3,2,0,0,0,0,0,0,0,0,0,0,0,0,0,0,3,3,32
13171.873719,1.415e-27,0.0598,0.075,0,0.75,-0.026344,NaN,NaN,NaN,NaN,NaN,NaN,NaN,NaN,NaN,NaN,NaN,NaN,NaN,NaN,0.08133,0.945,3,4,4,4,3,2,0,0,0,0,0,0,0,0,0,0,0,0,0,0,3,3,32
13172.099917,1.308e-27,0.0598,0.075,0,0.75,-0.026344,NaN,NaN,NaN,NaN,NaN,NaN,NaN,NaN,NaN,NaN,NaN,NaN,NaN,NaN,0.08133,0.945,3,4,4,4,3,2,0,0,0,0,0,0,0,0,0,0,0,0,0,0,3,3,32
13172.232891,1.283e-27,0.0598,0.075,0,0.75,-0.026344,NaN,NaN,NaN,NaN,NaN,NaN,NaN,NaN,NaN,NaN,NaN,NaN,NaN,NaN,0.08133,0.945,3,4,4,4,3,2,0,0,0,0,0,0,0,0,0,0,0,0,0,0,3,3,32
13172.481143,4.079e-28,0.0598,0.075,0,0.75,-0.026345,NaN,NaN,NaN,NaN,NaN,NaN,NaN,NaN,NaN,NaN,NaN,NaN,NaN,NaN,0.08133,0.945,3,4,4,4,3,2,0,0,0,0,0,0,0,0,0,0,0,0,0,0,3,3,32
13172.552489,1.398e-27,0.0598,0.075,0,0.75,-0.026345,NaN,NaN,NaN,NaN,NaN,NaN,NaN,NaN,NaN,NaN,NaN,NaN,NaN,NaN,0.08133,0.945,3,4,4,4,3,2,0,0,0,0,0,0,0,0,0,0,0,0,0,0,3,3,32
13172.607819,1.131e-27,0.0598,0.075,0,0.75,-0.026345,NaN,NaN,NaN,NaN,NaN,NaN,NaN,NaN,NaN,NaN,NaN,NaN,NaN,NaN,0.08133,0.945,3,4,4,4,3,2,0,0,0,0,0,0,0,0,0,0,0,0,0,0,3,3,32
13172.733473,2.183e-27,0.0598,0.075,0,0.75,-0.026345,NaN,NaN,NaN,NaN,NaN,NaN,NaN,NaN,NaN,NaN,NaN,NaN,NaN,NaN,0.08133,0.945,3,4,4,4,3,2,0,0,0,0,0,0,0,0,0,0,0,0,0,0,3,3,32
13172.968271,1.493e-27,0.0598,0.075,0,0.75,-0.026346,NaN,NaN,NaN,NaN,NaN,NaN,NaN,NaN,NaN,NaN,NaN,NaN,NaN,NaN,0.08133,0.945,3,4,4,4,3,2,0,0,0,0,0,0,0,0,0,0,0,0,0,0,3,3,32
13173.041895,6.355e-28,0.0598,0.075,0,0.75,-0.026346,NaN,NaN,NaN,NaN,NaN,NaN,NaN,NaN,NaN,NaN,NaN,NaN,NaN,NaN,0.08133,0.945,3,4,4,4,3,2,0,0,0,0,0,0,0,0,0,0,0,0,0,0,3,3,32
13173.177191,5.971e-28,0.0598,0.075,0,0.75,-0.026346,NaN,NaN,NaN,NaN,NaN,NaN,NaN,NaN,NaN,NaN,NaN,NaN,NaN,NaN,0.08133,0.945,3,4,4,4,3,2,0,0,0,0,0,0,0,0,0,0,0,0,0,0,3,3,32
13173.25134,4.069e-28,0.0598,0.075,0,0.75,-0.026347,NaN,NaN,NaN,NaN,NaN,NaN,NaN,NaN,NaN,NaN,NaN,NaN,NaN,NaN,0.08133,0.945,3,4,4,4,3,2,0,0,0,0,0,0,0,0,0,0,0,0,0,0,3,3,32
13173.517257,7.964e-28,0.0598,0.075,0,0.75,-0.026347,NaN,NaN,NaN,NaN,NaN,NaN,NaN,NaN,NaN,NaN,NaN,NaN,NaN,NaN,0.08133,0.945,3,4,4,4,3,2,0,0,0,0,0,0,0,0,0,0,0,0,0,0,3,3,32
13173.712287,1.169e-27,0.0598,0.075,0,0.75,-0.026347,NaN,NaN,NaN,NaN,NaN,NaN,NaN,NaN,NaN,NaN,NaN,NaN,NaN,NaN,0.08133,0.945,3,4,4,4,3,2,0,0,0,0,0,0,0,0,0,0,0,0,0,0,3,3,32
13174.047293,2.326e-27,0.0598,0.075,0,0.75,-0.026348,NaN,NaN,NaN,NaN,NaN,NaN,NaN,NaN,NaN,NaN,NaN,NaN,NaN,NaN,0.08133,0.945,3,4,4,4,3,2,0,0,0,0,0,0,0,0,0,0,0,0,0,0,3,3,32
13174.20836,1.405e-27,0.0598,0.075,0,0.75,-0.026348,NaN,NaN,NaN,NaN,NaN,NaN,NaN,NaN,NaN,NaN,NaN,NaN,NaN,NaN,0.08133,0.945,3,4,4,4,3,2,0,0,0,0,0,0,0,0,0,0,0,0,0,0,3,3,32
13174.262725,6.203e-28,0.0598,0.075,0,0.75,-0.026349,NaN,NaN,NaN,NaN,NaN,NaN,NaN,NaN,NaN,NaN,NaN,NaN,NaN,NaN,0.08133,0.945,3,4,4,4,3,2,0,0,0,0,0,0,0,0,0,0,0,0,0,0,3,3,32
13174.345962,2.283e-27,0.0598,0.075,0,0.75,-0.026349,NaN,NaN,NaN,NaN,NaN,NaN,NaN,NaN,NaN,NaN,NaN,NaN,NaN,NaN,0.08133,0.945,3,4,4,4,3,2,0,0,0,0,0,0,0,0,0,0,0,0,0,0,3,3,32
13174.595327,8.906e-28,0.0598,0.075,0,0.75,-0.026349,NaN,NaN,NaN,NaN,NaN,NaN,NaN,NaN,NaN,NaN,NaN,NaN,NaN,NaN,0.08133,0.945,3,4,4,4,3,2,0,0,0,0,0,0,0,0,0,0,0,0,0,0,3,3,32
13174.662726,1.13e-27,0.0598,0.075,0,0.75,-0.026349,NaN,NaN,NaN,NaN,NaN,NaN,NaN,NaN,NaN,NaN,NaN,NaN,NaN,NaN,0.08133,0.945,3,4,4,4,3,2,0,0,0,0,0,0,0,0,0,0,0,0,0,0,3,3,32
13174.729474,7.022e-28,0.0598,0.075,0,0.75,-0.026349,NaN,NaN,NaN,NaN,NaN,NaN,NaN,NaN,NaN,NaN,NaN,NaN,NaN,NaN,0.08133,0.945,3,4,4,4,3,2,0,0,0,0,0,0,0,0,0,0,0,0,0,0,3,3,32
13174.95001,1.689e-27,0.0598,0.075,0,0.75,-0.02635,NaN,NaN,NaN,NaN,NaN,NaN,NaN,NaN,NaN,NaN,NaN,NaN,NaN,NaN,0.08133,0.945,3,4,4,4,3,2,0,0,0,0,0,0,0,0,0,0,0,0,0,0,3,3,32
13175.044122,7.262e-28,0.0598,0.075,0,0.75,-0.02635,NaN,NaN,NaN,NaN,NaN,NaN,NaN,NaN,NaN,NaN,NaN,NaN,NaN,NaN,0.08133,0.945,3,4,4,4,3,2,0,0,0,0,0,0,0,0,0,0,0,0,0,0,3,3,32
13175.330038,6.834e-28,0.0598,0.075,0,0.75,-0.026351,NaN,NaN,NaN,NaN,NaN,NaN,NaN,NaN,NaN,NaN,NaN,NaN,NaN,NaN,0.08133,0.945,3,4,4,4,3,2,0,0,0,0,0,0,0,0,0,0,0,0,0,0,3,3,32
13175.413459,2.481e-27,0.0598,0.075,0,0.75,-0.026351,NaN,NaN,NaN,NaN,NaN,NaN,NaN,NaN,NaN,NaN,NaN,NaN,NaN,NaN,0.08133,0.945,3,4,4,4,3,2,0,0,0,0,0,0,0,0,0,0,0,0,0,0,3,3,32
13175.576948,6.186e-28,0.0598,0.075,0,0.75,-0.026351,NaN,NaN,NaN,NaN,NaN,NaN,NaN,NaN,NaN,NaN,NaN,NaN,NaN,NaN,0.08133,0.945,3,4,4,4,3,2,0,0,0,0,0,0,0,0,0,0,0,0,0,0,3,3,32
13175.679481,6.638e-28,0.0598,0.075,0,0.75,-0.026351,NaN,NaN,NaN,NaN,NaN,NaN,NaN,NaN,NaN,NaN,NaN,NaN,NaN,NaN,0.08133,0.945,3,4,4,4,3,2,0,0,0,0,0,0,0,0,0,0,0,0,0,0,3,3,32
13175.800571,1.014e-27,0.0598,0.075,0,0.75,-0.026352,NaN,NaN,NaN,NaN,NaN,NaN,NaN,NaN,NaN,NaN,NaN,NaN,NaN,NaN,0.08133,0.945,3,4,4,4,3,2,0,0,0,0,0,0,0,0,0,0,0,0,0,0,3,3,32
13175.941895,4.704e-28,0.0598,0.075,0,0.75,-0.026352,NaN,NaN,NaN,NaN,NaN,NaN,NaN,NaN,NaN,NaN,NaN,NaN,NaN,NaN,0.08133,0.945,3,4,4,4,3,2,0,0,0,0,0,0,0,0,0,0,0,0,0,0,3,3,32
13176.033081,1.852e-27,0.0598,0.075,0,0.75,-0.026352,NaN,NaN,NaN,NaN,NaN,NaN,NaN,NaN,NaN,NaN,NaN,NaN,NaN,NaN,0.08133,0.945,3,4,4,4,3,2,0,0,0,0,0,0,0,0,0,0,0,0,0,0,3,3,32
13176.243691,1.075e-27,0.0598,0.075,0,0.75,-0.026352,NaN,NaN,NaN,NaN,NaN,NaN,NaN,NaN,NaN,NaN,NaN,NaN,NaN,NaN,0.08133,0.945,3,4,4,4,3,2,0,0,0,0,0,0,0,0,0,0,0,0,0,0,3,3,32
13176.413716,1.201e-27,0.0598,0.075,0,0.75,-0.026353,NaN,NaN,NaN,NaN,NaN,NaN,NaN,NaN,NaN,NaN,NaN,NaN,NaN,NaN,0.08133,0.945,3,4,4,4,3,2,0,0,0,0,0,0,0,0,0,0,0,0,0,0,3,3,32
13176.621783,5.144e-28,0.0598,0.075,0,0.75,-0.026353,NaN,NaN,NaN,NaN,NaN,NaN,NaN,NaN,NaN,NaN,NaN,NaN,NaN,NaN,0.08133,0.945,3,4,4,4,3,2,0,0,0,0,0,0,0,0,0,0,0,0,0,0,3,3,32
13176.689243,5.732e-28,0.0598,0.075,0,0.75,-0.026353,NaN,NaN,NaN,NaN,NaN,NaN,NaN,NaN,NaN,NaN,NaN,NaN,NaN,NaN,0.08133,0.945,3,4,4,4,3,2,0,0,0,0,0,0,0,0,0,0,0,0,0,0,3,3,32
13176.874341,4.035e-28,0.0598,0.075,0,0.75,-0.026354,NaN,NaN,NaN,NaN,NaN,NaN,NaN,NaN,NaN,NaN,NaN,NaN,NaN,NaN,0.08133,0.945,3,4,4,4,3,2,0,0,0,0,0,0,0,0,0,0,0,0,0,0,3,3,32
13177.18277,3.756e-27,0.0598,0.075,0,0.75,-0.026354,NaN,NaN,NaN,NaN,NaN,NaN,NaN,NaN,NaN,NaN,NaN,NaN,NaN,NaN,0.08133,0.945,3,4,4,4,3,2,0,0,0,0,0,0,0,0,0,0,0,0,0,0,3,3,32
13177.289114,8.004e-28,0.0598,0.075,0,0.75,-0.026355,NaN,NaN,NaN,NaN,NaN,NaN,NaN,NaN,NaN,NaN,NaN,NaN,NaN,NaN,0.08133,0.945,3,4,4,4,3,2,0,0,0,0,0,0,0,0,0,0,0,0,0,0,3,3,32
13177.418226,4.846e-28,0.0598,0.075,0,0.75,-0.026355,NaN,NaN,NaN,NaN,NaN,NaN,NaN,NaN,NaN,NaN,NaN,NaN,NaN,NaN,0.08133,0.945,3,4,4,4,3,2,0,0,0,0,0,0,0,0,0,0,0,0,0,0,3,3,32
13177.472493,7.204e-28,0.0598,0.075,0,0.75,-0.026355,NaN,NaN,NaN,NaN,NaN,NaN,NaN,NaN,NaN,NaN,NaN,NaN,NaN,NaN,0.08133,0.945,3,4,4,4,3,2,0,0,0,0,0,0,0,0,0,0,0,0,0,0,3,3,32
13177.690853,2.397e-27,0.0598,0.075,0,0.75,-0.026355,NaN,NaN,NaN,NaN,NaN,NaN,NaN,NaN,NaN,NaN,NaN,NaN,NaN,NaN,0.08133,0.945,3,4,4,4,3,2,0,0,0,0,0,0,0,0,0,0,0,0,0,0,3,3,32
13177.88908,4.408e-28,0.0598,0.075,0,0.75,-0.026356,NaN,NaN,NaN,NaN,NaN,NaN,NaN,NaN,NaN,NaN,NaN,NaN,NaN,NaN,0.08133,0.945,3,4,4,4,3,2,0,0,0,0,0,0,0,0,0,0,0,0,0,0,3,3,32
13178.142673,1.895e-27,0.0598,0.075,0,0.75,-0.026356,NaN,NaN,NaN,NaN,NaN,NaN,NaN,NaN,NaN,NaN,NaN,NaN,NaN,NaN,0.08133,0.945,3,4,4,4,3,2,0,0,0,0,0,0,0,0,0,0,0,0,0,0,3,3,32
13178.270047,9.331e-28,0.0598,0.075,0,0.75,-0.026357,NaN,NaN,NaN,NaN,NaN,NaN,NaN,NaN,NaN,NaN,NaN,NaN,NaN,NaN,0.08133,0.945,3,4,4,4,3,2,0,0,0,0,0,0,0,0,0,0,0,0,0,0,3,3,32
13178.529296,9.586e-28,0.0598,0.075,0,0.75,-0.026357,NaN,NaN,NaN,NaN,NaN,NaN,NaN,NaN,NaN,NaN,NaN,NaN,NaN,NaN,0.08133,0.945,3,4,4,4,3,2,0,0,0,0,0,0,0,0,0,0,0,0,0,0,3,3,32
13178.671956,5.164e-28,0.0598,0.075,0,0.75,-0.026357,NaN,NaN,NaN,NaN,NaN,NaN,NaN,NaN,NaN,NaN,NaN,NaN,NaN,NaN,0.08133,0.945,3,4,4,4,3,2,0,0,0,0,0,0,0,0,0,0,0,0,0,0,3,3,32
13179.110808,2.196e-27,0.0598,0.075,0,0.75,-0.026358,NaN,NaN,NaN,NaN,NaN,NaN,NaN,NaN,NaN,NaN,NaN,NaN,NaN,NaN,0.08133,0.945,3,4,4,4,3,2,0,0,0,0,0,0,0,0,0,0,0,0,0,0,3,3,32
13179.362569,1.753e-27,0.0598,0.075,0,0.75,-0.026359,NaN,NaN,NaN,NaN,NaN,NaN,NaN,NaN,NaN,NaN,NaN,NaN,NaN,NaN,0.08133,0.945,3,4,4,4,3,2,0,0,0,0,0,0,0,0,0,0,0,0,0,0,3,3,32
13179.716904,4.882e-28,0.0598,0.075,0,0.75,-0.026359,NaN,NaN,NaN,NaN,NaN,NaN,NaN,NaN,NaN,NaN,NaN,NaN,NaN,NaN,0.08133,0.945,3,4,4,4,3,2,0,0,0,0,0,0,0,0,0,0,0,0,0,0,3,3,32
13179.855445,8.905e-28,0.0598,0.075,0,0.75,-0.02636,NaN,NaN,NaN,NaN,NaN,NaN,NaN,NaN,NaN,NaN,NaN,NaN,NaN,NaN,0.08133,0.945,3,4,4,4,3,2,0,0,0,0,0,0,0,0,0,0,0,0,0,0,3,3,32
13180.134754,2.062e-27,0.0598,0.075,0,0.75,-0.02636,NaN,NaN,NaN,NaN,NaN,NaN,NaN,NaN,NaN,NaN,NaN,NaN,NaN,NaN,0.08133,0.945,3,4,4,4,3,2,0,0,0,0,0,0,0,0,0,0,0,0,0,0,3,3,32
13180.213833,4.467e-28,0.0598,0.075,0,0.75,-0.02636,NaN,NaN,NaN,NaN,NaN,NaN,NaN,NaN,NaN,NaN,NaN,NaN,NaN,NaN,0.08133,0.945,3,4,4,4,3,2,0,0,0,0,0,0,0,0,0,0,0,0,0,0,3,3,32
13180.262128,9.196e-28,0.0598,0.075,0,0.75,-0.026361,NaN,NaN,NaN,NaN,NaN,NaN,NaN,NaN,NaN,NaN,NaN,NaN,NaN,NaN,0.08133,0.945,3,4,4,4,3,2,0,0,0,0,0,0,0,0,0,0,0,0,0,0,3,3,32
13180.492064,9.885e-28,0.0598,0.075,0,0.75,-0.026361,NaN,NaN,NaN,NaN,NaN,NaN,NaN,NaN,NaN,NaN,NaN,NaN,NaN,NaN,0.08133,0.945,3,4,4,4,3,2,0,0,0,0,0,0,0,0,0,0,0,0,0,0,3,3,32
13180.532233,5.136e-28,0.0598,0.075,0,0.75,-0.026361,NaN,NaN,NaN,NaN,NaN,NaN,NaN,NaN,NaN,NaN,NaN,NaN,NaN,NaN,0.08133,0.945,3,4,4,4,3,2,0,0,0,0,0,0,0,0,0,0,0,0,0,0,3,3,32
13180.616928,1.023e-27,0.0598,0.075,0,0.75,-0.026361,NaN,NaN,NaN,NaN,NaN,NaN,NaN,NaN,NaN,NaN,NaN,NaN,NaN,NaN,0.08133,0.945,3,4,4,4,3,2,0,0,0,0,0,0,0,0,0,0,0,0,0,0,3,3,32
13180.833623,8.859e-28,0.0598,0.075,0,0.75,-0.026362,NaN,NaN,NaN,NaN,NaN,NaN,NaN,NaN,NaN,NaN,NaN,NaN,NaN,NaN,0.08133,0.945,3,4,4,4,3,2,0,0,0,0,0,0,0,0,0,0,0,0,0,0,3,3,32
13181.04721,3.605e-27,0.0598,0.075,0,0.75,-0.026362,NaN,NaN,NaN,NaN,NaN,NaN,NaN,NaN,NaN,NaN,NaN,NaN,NaN,NaN,0.08133,0.945,3,4,4,4,3,2,0,0,0,0,0,0,0,0,0,0,0,0,0,0,3,3,32
13181.333363,7.164e-28,0.0598,0.075,0,0.75,-0.026363,NaN,NaN,NaN,NaN,NaN,NaN,NaN,NaN,NaN,NaN,NaN,NaN,NaN,NaN,0.08133,0.945,3,4,4,4,3,2,0,0,0,0,0,0,0,0,0,0,0,0,0,0,3,3,32
13181.387223,4.859e-28,0.0598,0.075,0,0.75,-0.026363,NaN,NaN,NaN,NaN,NaN,NaN,NaN,NaN,NaN,NaN,NaN,NaN,NaN,NaN,0.08133,0.945,3,4,4,4,3,2,0,0,0,0,0,0,0,0,0,0,0,0,0,0,3,3,32
13181.454327,8.133e-28,0.0598,0.075,0,0.75,-0.026363,NaN,NaN,NaN,NaN,NaN,NaN,NaN,NaN,NaN,NaN,NaN,NaN,NaN,NaN,0.08133,0.945,3,4,4,4,3,2,0,0,0,0,0,0,0,0,0,0,0,0,0,0,3,3,32
13181.52669,9.601e-28,0.0598,0.075,0,0.75,-0.026363,NaN,NaN,NaN,NaN,NaN,NaN,NaN,NaN,NaN,NaN,NaN,NaN,NaN,NaN,0.08133,0.945,3,4,4,4,3,2,0,0,0,0,0,0,0,0,0,0,0,0,0,0,3,3,32
13181.628563,1.749e-27,0.0598,0.075,0,0.75,-0.026363,NaN,NaN,NaN,NaN,NaN,NaN,NaN,NaN,NaN,NaN,NaN,NaN,NaN,NaN,0.08133,0.945,3,4,4,4,3,2,0,0,0,0,0,0,0,0,0,0,0,0,0,0,3,3,32
13181.878445,9.856e-28,0.0598,0.075,0,0.75,-0.026364,NaN,NaN,NaN,NaN,NaN,NaN,NaN,NaN,NaN,NaN,NaN,NaN,NaN,NaN,0.08133,0.945,3,4,4,4,3,2,0,0,0,0,0,0,0,0,0,0,0,0,0,0,3,3,32
13182.197447,8.647e-28,0.0598,0.075,0,0.75,-0.026364,NaN,NaN,NaN,NaN,NaN,NaN,NaN,NaN,NaN,NaN,NaN,NaN,NaN,NaN,0.08133,0.945,3,4,4,4,3,2,0,0,0,0,0,0,0,0,0,0,0,0,0,0,3,3,32
13182.494271,1.027e-27,0.0598,0.075,0,0.75,-0.026365,NaN,NaN,NaN,NaN,NaN,NaN,NaN,NaN,NaN,NaN,NaN,NaN,NaN,NaN,0.08133,0.945,3,4,4,4,3,2,0,0,0,0,0,0,0,0,0,0,0,0,0,0,3,3,32
13182.69517,1.665e-27,0.0598,0.075,0,0.75,-0.026365,NaN,NaN,NaN,NaN,NaN,NaN,NaN,NaN,NaN,NaN,NaN,NaN,NaN,NaN,0.08133,0.945,3,4,4,4,3,2,0,0,0,0,0,0,0,0,0,0,0,0,0,0,3,3,32
13182.891987,5.385e-28,0.0598,0.075,0,0.75,-0.026366,NaN,NaN,NaN,NaN,NaN,NaN,NaN,NaN,NaN,NaN,NaN,NaN,NaN,NaN,0.08133,0.945,3,4,4,4,3,2,0,0,0,0,0,0,0,0,0,0,0,0,0,0,3,3,32
13182.971535,1.118e-27,0.0598,0.075,0,0.75,-0.026366,NaN,NaN,NaN,NaN,NaN,NaN,NaN,NaN,NaN,NaN,NaN,NaN,NaN,NaN,0.08133,0.945,3,4,4,4,3,2,0,0,0,0,0,0,0,0,0,0,0,0,0,0,3,3,32
13183.232616,7.438e-28,0.0598,0.075,0,0.75,-0.026366,NaN,NaN,NaN,NaN,NaN,NaN,NaN,NaN,NaN,NaN,NaN,NaN,NaN,NaN,0.08133,0.945,3,4,4,4,3,2,0,0,0,0,0,0,0,0,0,0,0,0,0,0,3,3,32
13183.297954,6.71e-28,0.0598,0.075,0,0.75,-0.026367,NaN,NaN,NaN,NaN,NaN,NaN,NaN,NaN,NaN,NaN,NaN,NaN,NaN,NaN,0.08133,0.945,3,4,4,4,3,2,0,0,0,0,0,0,0,0,0,0,0,0,0,0,3,3,32
13183.355035,4.989e-28,0.0598,0.075,0,0.75,-0.026367,NaN,NaN,NaN,NaN,NaN,NaN,NaN,NaN,NaN,NaN,NaN,NaN,NaN,NaN,0.08133,0.945,3,4,4,4,3,2,0,0,0,0,0,0,0,0,0,0,0,0,0,0,3,3,32
13183.434999,4.55e-28,0.0598,0.075,0,0.75,-0.026367,NaN,NaN,NaN,NaN,NaN,NaN,NaN,NaN,NaN,NaN,NaN,NaN,NaN,NaN,0.08133,0.945,3,4,4,4,3,2,0,0,0,0,0,0,0,0,0,0,0,0,0,0,3,3,32
13183.570198,5.296e-28,0.0598,0.075,0,0.75,-0.026367,NaN,NaN,NaN,NaN,NaN,NaN,NaN,NaN,NaN,NaN,NaN,NaN,NaN,NaN,0.08133,0.945,3,4,4,4,3,2,0,0,0,0,0,0,0,0,0,0,0,0,0,0,3,3,32
13183.839123,1.197e-27,0.0598,0.075,0,0.75,-0.026368,NaN,NaN,NaN,NaN,NaN,NaN,NaN,NaN,NaN,NaN,NaN,NaN,NaN,NaN,0.08133,0.945,3,4,4,4,3,2,0,0,0,0,0,0,0,0,0,0,0,0,0,0,3,3,32
13183.890729,5.507e-28,0.0598,0.075,0,0.75,-0.026368,NaN,NaN,NaN,NaN,NaN,NaN,NaN,NaN,NaN,NaN,NaN,NaN,NaN,NaN,0.08133,0.945,3,4,4,4,3,2,0,0,0,0,0,0,0,0,0,0,0,0,0,0,3,3,32
13183.974536,9.564e-28,0.0598,0.075,0,0.75,-0.026368,NaN,NaN,NaN,NaN,NaN,NaN,NaN,NaN,NaN,NaN,NaN,NaN,NaN,NaN,0.08133,0.945,3,4,4,4,3,2,0,0,0,0,0,0,0,0,0,0,0,0,0,0,3,3,32
13184.151402,1.299e-27,0.0598,0.075,0,0.75,-0.026368,NaN,NaN,NaN,NaN,NaN,NaN,NaN,NaN,NaN,NaN,NaN,NaN,NaN,NaN,0.08133,0.945,3,4,4,4,3,2,0,0,0,0,0,0,0,0,0,0,0,0,0,0,3,3,32
13184.216387,4.525e-28,0.0598,0.075,0,0.75,-0.026368,NaN,NaN,NaN,NaN,NaN,NaN,NaN,NaN,NaN,NaN,NaN,NaN,NaN,NaN,0.08133,0.945,3,4,4,4,3,2,0,0,0,0,0,0,0,0,0,0,0,0,0,0,3,3,32
13184.266412,5.561e-28,0.0598,0.075,0,0.75,-0.026369,NaN,NaN,NaN,NaN,NaN,NaN,NaN,NaN,NaN,NaN,NaN,NaN,NaN,NaN,0.08133,0.945,3,4,4,4,3,2,0,0,0,0,0,0,0,0,0,0,0,0,0,0,3,3,32
13184.348186,4.601e-28,0.0598,0.075,0,0.75,-0.026369,NaN,NaN,NaN,NaN,NaN,NaN,NaN,NaN,NaN,NaN,NaN,NaN,NaN,NaN,0.08133,0.945,3,4,4,4,3,2,0,0,0,0,0,0,0,0,0,0,0,0,0,0,3,3,32
13184.391132,9.55e-28,0.0598,0.075,0,0.75,-0.026369,NaN,NaN,NaN,NaN,NaN,NaN,NaN,NaN,NaN,NaN,NaN,NaN,NaN,NaN,0.08133,0.945,3,4,4,4,3,2,0,0,0,0,0,0,0,0,0,0,0,0,0,0,3,3,32
13184.580174,4.469e-28,0.0598,0.075,0,0.75,-0.026369,NaN,NaN,NaN,NaN,NaN,NaN,NaN,NaN,NaN,NaN,NaN,NaN,NaN,NaN,0.08133,0.945,3,4,4,4,3,2,0,0,0,0,0,0,0,0,0,0,0,0,0,0,3,3,32
13184.663806,9.814e-28,0.0598,0.075,0,0.75,-0.026369,NaN,NaN,NaN,NaN,NaN,NaN,NaN,NaN,NaN,NaN,NaN,NaN,NaN,NaN,0.08133,0.945,3,4,4,4,3,2,0,0,0,0,0,0,0,0,0,0,0,0,0,0,3,3,32
13184.907025,9.174e-28,0.0598,0.075,0,0.75,-0.02637,NaN,NaN,NaN,NaN,NaN,NaN,NaN,NaN,NaN,NaN,NaN,NaN,NaN,NaN,0.08133,0.945,3,4,4,4,3,2,0,0,0,0,0,0,0,0,0,0,0,0,0,0,3,3,32
13185.112768,5.434e-28,0.0598,0.075,0,0.75,-0.02637,NaN,NaN,NaN,NaN,NaN,NaN,NaN,NaN,NaN,NaN,NaN,NaN,NaN,NaN,0.08133,0.945,3,4,4,4,3,2,0,0,0,0,0,0,0,0,0,0,0,0,0,0,3,3,32
13185.456588,7.304e-28,0.0598,0.075,0,0.75,-0.026371,NaN,NaN,NaN,NaN,NaN,NaN,NaN,NaN,NaN,NaN,NaN,NaN,NaN,NaN,0.08133,0.945,3,4,4,4,3,2,0,0,0,0,0,0,0,0,0,0,0,0,0,0,3,3,32
13185.570365,1.229e-27,0.0598,0.075,0,0.75,-0.026371,NaN,NaN,NaN,NaN,NaN,NaN,NaN,NaN,NaN,NaN,NaN,NaN,NaN,NaN,0.08133,0.945,3,4,4,4,3,2,0,0,0,0,0,0,0,0,0,0,0,0,0,0,3,3,32
13185.779492,3.709e-27,0.0598,0.075,0,0.75,-0.026372,NaN,NaN,NaN,NaN,NaN,NaN,NaN,NaN,NaN,NaN,NaN,NaN,NaN,NaN,0.08133,0.945,3,4,4,4,3,2,0,0,0,0,0,0,0,0,0,0,0,0,0,0,3,3,32
13186.067155,8.206e-28,0.0598,0.075,0,0.75,-0.026372,NaN,NaN,NaN,NaN,NaN,NaN,NaN,NaN,NaN,NaN,NaN,NaN,NaN,NaN,0.08133,0.945,3,4,4,4,3,2,0,0,0,0,0,0,0,0,0,0,0,0,0,0,3,3,32
13186.142293,5.996e-28,0.0598,0.075,0,0.75,-0.026372,NaN,NaN,NaN,NaN,NaN,NaN,NaN,NaN,NaN,NaN,NaN,NaN,NaN,NaN,0.08133,0.945,3,4,4,4,3,2,0,0,0,0,0,0,0,0,0,0,0,0,0,0,3,3,32
13186.268336,1.005e-27,0.0598,0.075,0,0.75,-0.026373,NaN,NaN,NaN,NaN,NaN,NaN,NaN,NaN,NaN,NaN,NaN,NaN,NaN,NaN,0.08133,0.945,3,4,4,4,3,2,0,0,0,0,0,0,0,0,0,0,0,0,0,0,3,3,32
13186.340745,6.964e-28,0.0598,0.075,0,0.75,-0.026373,NaN,NaN,NaN,NaN,NaN,NaN,NaN,NaN,NaN,NaN,NaN,NaN,NaN,NaN,0.08133,0.945,3,4,4,4,3,2,0,0,0,0,0,0,0,0,0,0,0,0,0,0,3,3,32
13186.479799,1.177e-27,0.0598,0.075,0,0.75,-0.026373,NaN,NaN,NaN,NaN,NaN,NaN,NaN,NaN,NaN,NaN,NaN,NaN,NaN,NaN,0.08133,0.945,3,4,4,4,3,2,0,0,0,0,0,0,0,0,0,0,0,0,0,0,3,3,32
13186.539209,5.008e-28,0.0598,0.075,0,0.75,-0.026373,NaN,NaN,NaN,NaN,NaN,NaN,NaN,NaN,NaN,NaN,NaN,NaN,NaN,NaN,0.08133,0.945,3,4,4,4,3,2,0,0,0,0,0,0,0,0,0,0,0,0,0,0,3,3,32
13186.603739,5.734e-28,0.0598,0.075,0,0.75,-0.026373,NaN,NaN,NaN,NaN,NaN,NaN,NaN,NaN,NaN,NaN,NaN,NaN,NaN,NaN,0.08133,0.945,3,4,4,4,3,2,0,0,0,0,0,0,0,0,0,0,0,0,0,0,3,3,32
13186.708046,4.346e-28,0.0598,0.075,0,0.75,-0.026373,NaN,NaN,NaN,NaN,NaN,NaN,NaN,NaN,NaN,NaN,NaN,NaN,NaN,NaN,0.08133,0.945,3,4,4,4,3,2,0,0,0,0,0,0,0,0,0,0,0,0,0,0,3,3,32
13186.850001,8.917e-28,0.0598,0.075,0,0.75,-0.026374,NaN,NaN,NaN,NaN,NaN,NaN,NaN,NaN,NaN,NaN,NaN,NaN,NaN,NaN,0.08133,0.945,3,4,4,4,3,2,0,0,0,0,0,0,0,0,0,0,0,0,0,0,3,3,32
13186.977429,5.235e-28,0.0598,0.075,0,0.75,-0.026374,NaN,NaN,NaN,NaN,NaN,NaN,NaN,NaN,NaN,NaN,NaN,NaN,NaN,NaN,0.08133,0.945,3,4,4,4,3,2,0,0,0,0,0,0,0,0,0,0,0,0,0,0,3,3,32
13187.236794,1.386e-27,0.0598,0.075,0,0.75,-0.026374,NaN,NaN,NaN,NaN,NaN,NaN,NaN,NaN,NaN,NaN,NaN,NaN,NaN,NaN,0.08133,0.945,3,4,4,4,3,2,0,0,0,0,0,0,0,0,0,0,0,0,0,0,3,3,32
13187.389973,6.307e-28,0.0598,0.075,0,0.75,-0.026375,NaN,NaN,NaN,NaN,NaN,NaN,NaN,NaN,NaN,NaN,NaN,NaN,NaN,NaN,0.08133,0.945,3,4,4,4,3,2,0,0,0,0,0,0,0,0,0,0,0,0,0,0,3,3,32
13187.543455,5.26e-28,0.0598,0.075,0,0.75,-0.026375,NaN,NaN,NaN,NaN,NaN,NaN,NaN,NaN,NaN,NaN,NaN,NaN,NaN,NaN,0.08133,0.945,3,4,4,4,3,2,0,0,0,0,0,0,0,0,0,0,0,0,0,0,3,3,32
13187.599441,2.432e-27,0.0598,0.075,0,0.75,-0.026375,NaN,NaN,NaN,NaN,NaN,NaN,NaN,NaN,NaN,NaN,NaN,NaN,NaN,NaN,0.08133,0.945,3,4,4,4,3,2,0,0,0,0,0,0,0,0,0,0,0,0,0,0,3,3,32
13187.946732,5.904e-28,0.0598,0.075,0,0.75,-0.026376,NaN,NaN,NaN,NaN,NaN,NaN,NaN,NaN,NaN,NaN,NaN,NaN,NaN,NaN,0.08133,0.945,3,4,4,4,3,2,0,0,0,0,0,0,0,0,0,0,0,0,0,0,3,3,32
13188.232287,1.234e-27,0.0598,0.075,0,0.75,-0.026376,NaN,NaN,NaN,NaN,NaN,NaN,NaN,NaN,NaN,NaN,NaN,NaN,NaN,NaN,0.08133,0.945,3,4,4,4,3,2,0,0,0,0,0,0,0,0,0,0,0,0,0,0,3,3,32
13188.25594,7.727e-28,0.0598,0.075,0,0.75,-0.026377,NaN,NaN,NaN,NaN,NaN,NaN,NaN,NaN,NaN,NaN,NaN,NaN,NaN,NaN,0.08133,0.945,3,4,4,4,3,2,0,0,0,0,0,0,0,0,0,0,0,0,0,0,3,3,32
13188.382182,3.412e-27,0.0598,0.075,0,0.75,-0.026377,NaN,NaN,NaN,NaN,NaN,NaN,NaN,NaN,NaN,NaN,NaN,NaN,NaN,NaN,0.08133,0.945,3,4,4,4,3,2,0,0,0,0,0,0,0,0,0,0,0,0,0,0,3,3,32
13188.487316,8.729e-28,0.0598,0.075,0,0.75,-0.026377,NaN,NaN,NaN,NaN,NaN,NaN,NaN,NaN,NaN,NaN,NaN,NaN,NaN,NaN,0.08133,0.945,3,4,4,4,3,2,0,0,0,0,0,0,0,0,0,0,0,0,0,0,3,3,32
13188.58631,1.171e-27,0.0598,0.075,0,0.75,-0.026377,NaN,NaN,NaN,NaN,NaN,NaN,NaN,NaN,NaN,NaN,NaN,NaN,NaN,NaN,0.08133,0.945,3,4,4,4,3,2,0,0,0,0,0,0,0,0,0,0,0,0,0,0,3,3,32
13188.694636,8.386e-28,0.0598,0.075,0,0.75,-0.026377,NaN,NaN,NaN,NaN,NaN,NaN,NaN,NaN,NaN,NaN,NaN,NaN,NaN,NaN,0.08133,0.945,3,4,4,4,3,2,0,0,0,0,0,0,0,0,0,0,0,0,0,0,3,3,32
13188.876911,6.581e-28,0.0598,0.075,0,0.75,-0.026378,NaN,NaN,NaN,NaN,NaN,NaN,NaN,NaN,NaN,NaN,NaN,NaN,NaN,NaN,0.08133,0.945,3,4,4,4,3,2,0,0,0,0,0,0,0,0,0,0,0,0,0,0,3,3,32
13189.109452,1.04e-27,0.0598,0.075,0,0.75,-0.026378,NaN,NaN,NaN,NaN,NaN,NaN,NaN,NaN,NaN,NaN,NaN,NaN,NaN,NaN,0.08133,0.945,3,4,4,4,3,2,0,0,0,0,0,0,0,0,0,0,0,0,0,0,3,3,32
13189.153904,6.331e-28,0.0598,0.075,0,0.75,-0.026378,NaN,NaN,NaN,NaN,NaN,NaN,NaN,NaN,NaN,NaN,NaN,NaN,NaN,NaN,0.08133,0.945,3,4,4,4,3,2,0,0,0,0,0,0,0,0,0,0,0,0,0,0,3,3,32
13189.269751,1.391e-27,0.0598,0.075,0,0.75,-0.026379,NaN,NaN,NaN,NaN,NaN,NaN,NaN,NaN,NaN,NaN,NaN,NaN,NaN,NaN,0.08133,0.945,3,4,4,4,3,2,0,0,0,0,0,0,0,0,0,0,0,0,0,0,3,3,32
13189.335981,2.379e-27,0.0598,0.075,0,0.75,-0.026379,NaN,NaN,NaN,NaN,NaN,NaN,NaN,NaN,NaN,NaN,NaN,NaN,NaN,NaN,0.08133,0.945,3,4,4,4,3,2,0,0,0,0,0,0,0,0,0,0,0,0,0,0,3,3,32
13189.521778,1.147e-27,0.0598,0.075,0,0.75,-0.026379,NaN,NaN,NaN,NaN,NaN,NaN,NaN,NaN,NaN,NaN,NaN,NaN,NaN,NaN,0.08133,0.945,3,4,4,4,3,2,0,0,0,0,0,0,0,0,0,0,0,0,0,0,3,3,32
13189.585902,4.797e-28,0.0598,0.075,0,0.75,-0.026379,NaN,NaN,NaN,NaN,NaN,NaN,NaN,NaN,NaN,NaN,NaN,NaN,NaN,NaN,0.08133,0.945,3,4,4,4,3,2,0,0,0,0,0,0,0,0,0,0,0,0,0,0,3,3,32
13189.620396,8.426e-28,0.0598,0.075,0,0.75,-0.026379,NaN,NaN,NaN,NaN,NaN,NaN,NaN,NaN,NaN,NaN,NaN,NaN,NaN,NaN,0.08133,0.945,3,4,4,4,3,2,0,0,0,0,0,0,0,0,0,0,0,0,0,0,3,3,32
13189.707299,5.326e-28,0.0598,0.075,0,0.75,-0.026379,NaN,NaN,NaN,NaN,NaN,NaN,NaN,NaN,NaN,NaN,NaN,NaN,NaN,NaN,0.08133,0.945,3,4,4,4,3,2,0,0,0,0,0,0,0,0,0,0,0,0,0,0,3,3,32
13189.78574,7.107e-28,0.0598,0.075,0,0.75,-0.02638,NaN,NaN,NaN,NaN,NaN,NaN,NaN,NaN,NaN,NaN,NaN,NaN,NaN,NaN,0.08133,0.945,3,4,4,4,3,2,0,0,0,0,0,0,0,0,0,0,0,0,0,0,3,3,32
13189.863326,6.349e-28,0.0598,0.075,0,0.75,-0.02638,NaN,NaN,NaN,NaN,NaN,NaN,NaN,NaN,NaN,NaN,NaN,NaN,NaN,NaN,0.08133,0.945,3,4,4,4,3,2,0,0,0,0,0,0,0,0,0,0,0,0,0,0,3,3,32
13189.923333,5.377e-28,0.0598,0.075,0,0.75,-0.02638,NaN,NaN,NaN,NaN,NaN,NaN,NaN,NaN,NaN,NaN,NaN,NaN,NaN,NaN,0.08133,0.945,3,4,4,4,3,2,0,0,0,0,0,0,0,0,0,0,0,0,0,0,3,3,32
13190.078363,6.959e-28,0.0598,0.075,0,0.75,-0.02638,NaN,NaN,NaN,NaN,NaN,NaN,NaN,NaN,NaN,NaN,NaN,NaN,NaN,NaN,0.08133,0.945,3,4,4,4,3,2,0,0,0,0,0,0,0,0,0,0,0,0,0,0,3,3,32
13190.232772,1.062e-27,0.0598,0.075,0,0.75,-0.02638,NaN,NaN,NaN,NaN,NaN,NaN,NaN,NaN,NaN,NaN,NaN,NaN,NaN,NaN,0.08133,0.945,3,4,4,4,3,2,0,0,0,0,0,0,0,0,0,0,0,0,0,0,3,3,32
13190.359584,7.949e-28,0.0598,0.075,0,0.75,-0.026381,NaN,NaN,NaN,NaN,NaN,NaN,NaN,NaN,NaN,NaN,NaN,NaN,NaN,NaN,0.08133,0.945,3,4,4,4,3,2,0,0,0,0,0,0,0,0,0,0,0,0,0,0,3,3,32
13190.507296,6.542e-28,0.0598,0.075,0,0.75,-0.026381,NaN,NaN,NaN,NaN,NaN,NaN,NaN,NaN,NaN,NaN,NaN,NaN,NaN,NaN,0.08133,0.945,3,4,4,4,3,2,0,0,0,0,0,0,0,0,0,0,0,0,0,0,3,3,32
13190.677926,8.768e-28,0.0598,0.075,0,0.75,-0.026381,NaN,NaN,NaN,NaN,NaN,NaN,NaN,NaN,NaN,NaN,NaN,NaN,NaN,NaN,0.08133,0.945,3,4,4,4,3,2,0,0,0,0,0,0,0,0,0,0,0,0,0,0,3,3,32
13190.872969,2.116e-27,0.0598,0.075,0,0.75,-0.026382,NaN,NaN,NaN,NaN,NaN,NaN,NaN,NaN,NaN,NaN,NaN,NaN,NaN,NaN,0.08133,0.945,3,4,4,4,3,2,0,0,0,0,0,0,0,0,0,0,0,0,0,0,3,3,32
13191.029904,4.811e-28,0.0598,0.075,0,0.75,-0.026382,NaN,NaN,NaN,NaN,NaN,NaN,NaN,NaN,NaN,NaN,NaN,NaN,NaN,NaN,0.08133,0.945,3,4,4,4,3,2,0,0,0,0,0,0,0,0,0,0,0,0,0,0,3,3,32
13191.155306,2.258e-27,0.0598,0.075,0,0.75,-0.026382,NaN,NaN,NaN,NaN,NaN,NaN,NaN,NaN,NaN,NaN,NaN,NaN,NaN,NaN,0.08133,0.945,3,4,4,4,3,2,0,0,0,0,0,0,0,0,0,0,0,0,0,0,3,3,32
13191.221145,5.793e-28,0.0598,0.075,0,0.75,-0.026382,NaN,NaN,NaN,NaN,NaN,NaN,NaN,NaN,NaN,NaN,NaN,NaN,NaN,NaN,0.08133,0.945,3,4,4,4,3,2,0,0,0,0,0,0,0,0,0,0,0,0,0,0,3,3,32
13191.292708,1.112e-27,0.0598,0.075,0,0.75,-0.026383,NaN,NaN,NaN,NaN,NaN,NaN,NaN,NaN,NaN,NaN,NaN,NaN,NaN,NaN,0.08133,0.945,3,4,4,4,3,2,0,0,0,0,0,0,0,0,0,0,0,0,0,0,3,3,32
13191.383405,1.78e-27,0.0598,0.075,0,0.75,-0.026383,NaN,NaN,NaN,NaN,NaN,NaN,NaN,NaN,NaN,NaN,NaN,NaN,NaN,NaN,0.08133,0.945,3,4,4,4,3,2,0,0,0,0,0,0,0,0,0,0,0,0,0,0,3,3,32
13191.683621,1.001e-27,0.0598,0.075,0,0.75,-0.026383,NaN,NaN,NaN,NaN,NaN,NaN,NaN,NaN,NaN,NaN,NaN,NaN,NaN,NaN,0.08133,0.945,3,4,4,4,3,2,0,0,0,0,0,0,0,0,0,0,0,0,0,0,3,3,32
13191.766764,3.686e-27,0.0598,0.075,0,0.75,-0.026384,NaN,NaN,NaN,NaN,NaN,NaN,NaN,NaN,NaN,NaN,NaN,NaN,NaN,NaN,0.08133,0.945,3,4,4,4,3,2,0,0,0,0,0,0,0,0,0,0,0,0,0,0,3,3,32
13192.104065,4.328e-28,0.0598,0.075,0,0.75,-0.026384,NaN,NaN,NaN,NaN,NaN,NaN,NaN,NaN,NaN,NaN,NaN,NaN,NaN,NaN,0.08133,0.945,3,4,4,4,3,2,0,0,0,0,0,0,0,0,0,0,0,0,0,0,3,3,32
13192.151843,6.601e-28,0.0598,0.075,0,0.75,-0.026384,NaN,NaN,NaN,NaN,NaN,NaN,NaN,NaN,NaN,NaN,NaN,NaN,NaN,NaN,0.08133,0.945,3,4,4,4,3,2,0,0,0,0,0,0,0,0,0,0,0,0,0,0,3,3,32
13192.19638,5.285e-28,0.0598,0.075,0,0.75,-0.026384,NaN,NaN,NaN,NaN,NaN,NaN,NaN,NaN,NaN,NaN,NaN,NaN,NaN,NaN,0.08133,0.945,3,4,4,4,3,2,0,0,0,0,0,0,0,0,0,0,0,0,0,0,3,3,32
13192.26679,1.586e-27,0.0598,0.075,0,0.75,-0.026385,NaN,NaN,NaN,NaN,NaN,NaN,NaN,NaN,NaN,NaN,NaN,NaN,NaN,NaN,0.08133,0.945,3,4,4,4,3,2,0,0,0,0,0,0,0,0,0,0,0,0,0,0,3,3,32
13192.450674,5.351e-28,0.0598,0.075,0,0.75,-0.026385,NaN,NaN,NaN,NaN,NaN,NaN,NaN,NaN,NaN,NaN,NaN,NaN,NaN,NaN,0.08133,0.945,3,4,4,4,3,2,0,0,0,0,0,0,0,0,0,0,0,0,0,0,3,3,32
13192.495952,7.623e-28,0.0598,0.075,0,0.75,-0.026385,NaN,NaN,NaN,NaN,NaN,NaN,NaN,NaN,NaN,NaN,NaN,NaN,NaN,NaN,0.08133,0.945,3,4,4,4,3,2,0,0,0,0,0,0,0,0,0,0,0,0,0,0,3,3,32
13192.547111,1.243e-27,0.0598,0.075,0,0.75,-0.026385,NaN,NaN,NaN,NaN,NaN,NaN,NaN,NaN,NaN,NaN,NaN,NaN,NaN,NaN,0.08133,0.945,3,4,4,4,3,2,0,0,0,0,0,0,0,0,0,0,0,0,0,0,3,3,32
13192.581948,5.55e-28,0.0598,0.075,0,0.75,-0.026385,NaN,NaN,NaN,NaN,NaN,NaN,NaN,NaN,NaN,NaN,NaN,NaN,NaN,NaN,0.08133,0.945,3,4,4,4,3,2,0,0,0,0,0,0,0,0,0,0,0,0,0,0,3,3,32
13192.653311,4.265e-28,0.0598,0.075,0,0.75,-0.026385,NaN,NaN,NaN,NaN,NaN,NaN,NaN,NaN,NaN,NaN,NaN,NaN,NaN,NaN,0.08133,0.945,3,4,4,4,3,2,0,0,0,0,0,0,0,0,0,0,0,0,0,0,3,3,32
13192.695343,8.071e-28,0.0598,0.075,0,0.75,-0.026385,NaN,NaN,NaN,NaN,NaN,NaN,NaN,NaN,NaN,NaN,NaN,NaN,NaN,NaN,0.08133,0.945,3,4,4,4,3,2,0,0,0,0,0,0,0,0,0,0,0,0,0,0,3,3,32
13192.844802,1.497e-27,0.0598,0.075,0,0.75,-0.026386,NaN,NaN,NaN,NaN,NaN,NaN,NaN,NaN,NaN,NaN,NaN,NaN,NaN,NaN,0.08133,0.945,3,4,4,4,3,2,0,0,0,0,0,0,0,0,0,0,0,0,0,0,3,3,32
13192.954101,7.743e-28,0.0598,0.075,0,0.75,-0.026386,NaN,NaN,NaN,NaN,NaN,NaN,NaN,NaN,NaN,NaN,NaN,NaN,NaN,NaN,0.08133,0.945,3,4,4,4,3,2,0,0,0,0,0,0,0,0,0,0,0,0,0,0,3,3,32
13193.02423,6.758e-28,0.0598,0.075,0,0.75,-0.026386,NaN,NaN,NaN,NaN,NaN,NaN,NaN,NaN,NaN,NaN,NaN,NaN,NaN,NaN,0.08133,0.945,3,4,4,4,3,2,0,0,0,0,0,0,0,0,0,0,0,0,0,0,3,3,32
13193.103239,1.326e-27,0.0598,0.075,0,0.75,-0.026386,NaN,NaN,NaN,NaN,NaN,NaN,NaN,NaN,NaN,NaN,NaN,NaN,NaN,NaN,0.08133,0.945,3,4,4,4,3,2,0,0,0,0,0,0,0,0,0,0,0,0,0,0,3,3,32
13193.116647,7.967e-28,0.0598,0.075,0,0.75,-0.026386,NaN,NaN,NaN,NaN,NaN,NaN,NaN,NaN,NaN,NaN,NaN,NaN,NaN,NaN,0.08133,0.945,3,4,4,4,3,2,0,0,0,0,0,0,0,0,0,0,0,0,0,0,3,3,32
13193.176758,7.266e-28,0.0598,0.075,0,0.75,-0.026386,NaN,NaN,NaN,NaN,NaN,NaN,NaN,NaN,NaN,NaN,NaN,NaN,NaN,NaN,0.08133,0.945,3,4,4,4,3,2,0,0,0,0,0,0,0,0,0,0,0,0,0,0,3,3,32
13193.294018,6.651e-28,0.0598,0.075,0,0.75,-0.026387,NaN,NaN,NaN,NaN,NaN,NaN,NaN,NaN,NaN,NaN,NaN,NaN,NaN,NaN,0.08133,0.945,3,4,4,4,3,2,0,0,0,0,0,0,0,0,0,0,0,0,0,0,3,3,32
13193.413175,9.558e-28,0.0598,0.075,0,0.75,-0.026387,NaN,NaN,NaN,NaN,NaN,NaN,NaN,NaN,NaN,NaN,NaN,NaN,NaN,NaN,0.08133,0.945,3,4,4,4,3,2,0,0,0,0,0,0,0,0,0,0,0,0,0,0,3,3,32
13193.607239,4.657e-28,0.0598,0.075,0,0.75,-0.026387,NaN,NaN,NaN,NaN,NaN,NaN,NaN,NaN,NaN,NaN,NaN,NaN,NaN,NaN,0.08133,0.945,3,4,4,4,3,2,0,0,0,0,0,0,0,0,0,0,0,0,0,0,3,3,32
13193.799756,1.677e-27,0.0598,0.075,0,0.75,-0.026388,NaN,NaN,NaN,NaN,NaN,NaN,NaN,NaN,NaN,NaN,NaN,NaN,NaN,NaN,0.08133,0.945,3,4,4,4,3,2,0,0,0,0,0,0,0,0,0,0,0,0,0,0,3,3,32
13193.982091,4.85e-28,0.0598,0.075,0,0.75,-0.026388,NaN,NaN,NaN,NaN,NaN,NaN,NaN,NaN,NaN,NaN,NaN,NaN,NaN,NaN,0.08133,0.945,3,4,4,4,3,2,0,0,0,0,0,0,0,0,0,0,0,0,0,0,3,3,32
13194.056551,4.185e-28,0.0598,0.075,0,0.75,-0.026388,NaN,NaN,NaN,NaN,NaN,NaN,NaN,NaN,NaN,NaN,NaN,NaN,NaN,NaN,0.08133,0.945,3,4,4,4,3,2,0,0,0,0,0,0,0,0,0,0,0,0,0,0,3,3,32
13194.102021,1.556e-27,0.0598,0.075,0,0.75,-0.026388,NaN,NaN,NaN,NaN,NaN,NaN,NaN,NaN,NaN,NaN,NaN,NaN,NaN,NaN,0.08133,0.945,3,4,4,4,3,2,0,0,0,0,0,0,0,0,0,0,0,0,0,0,3,3,32
13194.186606,5.474e-28,0.0598,0.075,0,0.75,-0.026388,NaN,NaN,NaN,NaN,NaN,NaN,NaN,NaN,NaN,NaN,NaN,NaN,NaN,NaN,0.08133,0.945,3,4,4,4,3,2,0,0,0,0,0,0,0,0,0,0,0,0,0,0,3,3,32
13194.226884,5.144e-28,0.0598,0.075,0,0.75,-0.026388,NaN,NaN,NaN,NaN,NaN,NaN,NaN,NaN,NaN,NaN,NaN,NaN,NaN,NaN,0.08133,0.945,3,4,4,4,3,2,0,0,0,0,0,0,0,0,0,0,0,0,0,0,3,3,32
13194.290819,8.532e-28,0.0598,0.075,0,0.75,-0.026389,NaN,NaN,NaN,NaN,NaN,NaN,NaN,NaN,NaN,NaN,NaN,NaN,NaN,NaN,0.08133,0.945,3,4,4,4,3,2,0,0,0,0,0,0,0,0,0,0,0,0,0,0,3,3,32
13194.389514,4.808e-28,0.0598,0.075,0,0.75,-0.026389,NaN,NaN,NaN,NaN,NaN,NaN,NaN,NaN,NaN,NaN,NaN,NaN,NaN,NaN,0.08133,0.945,3,4,4,4,3,2,0,0,0,0,0,0,0,0,0,0,0,0,0,0,3,3,32
13194.498016,4.884e-28,0.0598,0.075,0,0.75,-0.026389,NaN,NaN,NaN,NaN,NaN,NaN,NaN,NaN,NaN,NaN,NaN,NaN,NaN,NaN,0.08133,0.945,3,4,4,4,3,2,0,0,0,0,0,0,0,0,0,0,0,0,0,0,3,3,32
13194.562713,4.832e-28,0.0598,0.075,0,0.75,-0.026389,NaN,NaN,NaN,NaN,NaN,NaN,NaN,NaN,NaN,NaN,NaN,NaN,NaN,NaN,0.08133,0.945,3,4,4,4,3,2,0,0,0,0,0,0,0,0,0,0,0,0,0,0,3,3,32
13194.747924,5.953e-28,0.0598,0.075,0,0.75,-0.026389,NaN,NaN,NaN,NaN,NaN,NaN,NaN,NaN,NaN,NaN,NaN,NaN,NaN,NaN,0.08133,0.945,3,4,4,4,3,2,0,0,0,0,0,0,0,0,0,0,0,0,0,0,3,3,32
13194.824749,8.145e-28,0.0598,0.075,0,0.75,-0.02639,NaN,NaN,NaN,NaN,NaN,NaN,NaN,NaN,NaN,NaN,NaN,NaN,NaN,NaN,0.08133,0.945,3,4,4,4,3,2,0,0,0,0,0,0,0,0,0,0,0,0,0,0,3,3,32
13194.929238,5.308e-28,0.0598,0.075,0,0.75,-0.02639,NaN,NaN,NaN,NaN,NaN,NaN,NaN,NaN,NaN,NaN,NaN,NaN,NaN,NaN,0.08133,0.945,3,4,4,4,3,2,0,0,0,0,0,0,0,0,0,0,0,0,0,0,3,3,32
13195.020654,9.197e-28,0.0598,0.075,0,0.75,-0.02639,NaN,NaN,NaN,NaN,NaN,NaN,NaN,NaN,NaN,NaN,NaN,NaN,NaN,NaN,0.08133,0.945,3,4,4,4,3,2,0,0,0,0,0,0,0,0,0,0,0,0,0,0,3,3,32
13195.100484,5.742e-28,0.0598,0.075,0,0.75,-0.02639,NaN,NaN,NaN,NaN,NaN,NaN,NaN,NaN,NaN,NaN,NaN,NaN,NaN,NaN,0.08133,0.945,3,4,4,4,3,2,0,0,0,0,0,0,0,0,0,0,0,0,0,0,3,3,32
13195.165076,4.554e-28,0.0598,0.075,0,0.75,-0.02639,NaN,NaN,NaN,NaN,NaN,NaN,NaN,NaN,NaN,NaN,NaN,NaN,NaN,NaN,0.08133,0.945,3,4,4,4,3,2,0,0,0,0,0,0,0,0,0,0,0,0,0,0,3,3,32
13195.227698,4.198e-28,0.0598,0.075,0,0.75,-0.02639,NaN,NaN,NaN,NaN,NaN,NaN,NaN,NaN,NaN,NaN,NaN,NaN,NaN,NaN,0.08133,0.945,3,4,4,4,3,2,0,0,0,0,0,0,0,0,0,0,0,0,0,0,3,3,32
13195.39879,2.243e-27,0.0598,0.075,0,0.75,-0.026391,NaN,NaN,NaN,NaN,NaN,NaN,NaN,NaN,NaN,NaN,NaN,NaN,NaN,NaN,0.08133,0.945,3,4,4,4,3,2,0,0,0,0,0,0,0,0,0,0,0,0,0,0,3,3,32
13195.611724,8.134e-28,0.0598,0.075,0,0.75,-0.026391,NaN,NaN,NaN,NaN,NaN,NaN,NaN,NaN,NaN,NaN,NaN,NaN,NaN,NaN,0.08133,0.945,3,4,4,4,3,2,0,0,0,0,0,0,0,0,0,0,0,0,0,0,3,3,32
13195.690199,7.819e-28,0.0598,0.075,0,0.75,-0.026391,NaN,NaN,NaN,NaN,NaN,NaN,NaN,NaN,NaN,NaN,NaN,NaN,NaN,NaN,0.08133,0.945,3,4,4,4,3,2,0,0,0,0,0,0,0,0,0,0,0,0,0,0,3,3,32
13195.823957,9.748e-28,0.0598,0.075,0,0.75,-0.026392,NaN,NaN,NaN,NaN,NaN,NaN,NaN,NaN,NaN,NaN,NaN,NaN,NaN,NaN,0.08133,0.945,3,4,4,4,3,2,0,0,0,0,0,0,0,0,0,0,0,0,0,0,3,3,32
13195.994649,7.806e-28,0.0598,0.075,0,0.75,-0.026392,NaN,NaN,NaN,NaN,NaN,NaN,NaN,NaN,NaN,NaN,NaN,NaN,NaN,NaN,0.08133,0.945,3,4,4,4,3,2,0,0,0,0,0,0,0,0,0,0,0,0,0,0,3,3,32
13196.17898,1.628e-27,0.0598,0.075,0,0.75,-0.026392,NaN,NaN,NaN,NaN,NaN,NaN,NaN,NaN,NaN,NaN,NaN,NaN,NaN,NaN,0.08133,0.945,3,4,4,4,3,2,0,0,0,0,0,0,0,0,0,0,0,0,0,0,3,3,32
13196.263618,7.211e-28,0.0598,0.075,0,0.75,-0.026393,NaN,NaN,NaN,NaN,NaN,NaN,NaN,NaN,NaN,NaN,NaN,NaN,NaN,NaN,0.08133,0.945,3,4,4,4,3,2,0,0,0,0,0,0,0,0,0,0,0,0,0,0,3,3,32
13196.369666,1.858e-27,0.0598,0.075,0,0.75,-0.026393,NaN,NaN,NaN,NaN,NaN,NaN,NaN,NaN,NaN,NaN,NaN,NaN,NaN,NaN,0.08133,0.945,3,4,4,4,3,2,0,0,0,0,0,0,0,0,0,0,0,0,0,0,3,3,32
13196.5684,8.946e-28,0.0598,0.075,0,0.75,-0.026393,NaN,NaN,NaN,NaN,NaN,NaN,NaN,NaN,NaN,NaN,NaN,NaN,NaN,NaN,0.08133,0.945,3,4,4,4,3,2,0,0,0,0,0,0,0,0,0,0,0,0,0,0,3,3,32
13196.674302,1.055e-27,0.0598,0.075,0,0.75,-0.026393,NaN,NaN,NaN,NaN,NaN,NaN,NaN,NaN,NaN,NaN,NaN,NaN,NaN,NaN,0.08133,0.945,3,4,4,4,3,2,0,0,0,0,0,0,0,0,0,0,0,0,0,0,3,3,32
13196.99846,4.31e-28,0.0598,0.075,0,0.75,-0.026394,NaN,NaN,NaN,NaN,NaN,NaN,NaN,NaN,NaN,NaN,NaN,NaN,NaN,NaN,0.08133,0.945,3,4,4,4,3,2,0,0,0,0,0,0,0,0,0,0,0,0,0,0,3,3,32
13197.08464,8.808e-28,0.0598,0.075,0,0.75,-0.026394,NaN,NaN,NaN,NaN,NaN,NaN,NaN,NaN,NaN,NaN,NaN,NaN,NaN,NaN,0.08133,0.945,3,4,4,4,3,2,0,0,0,0,0,0,0,0,0,0,0,0,0,0,3,3,32
13197.187465,1.608e-27,0.0598,0.075,0,0.75,-0.026394,NaN,NaN,NaN,NaN,NaN,NaN,NaN,NaN,NaN,NaN,NaN,NaN,NaN,NaN,0.08133,0.945,3,4,4,4,3,2,0,0,0,0,0,0,0,0,0,0,0,0,0,0,3,3,32
13197.315149,1.091e-27,0.0598,0.075,0,0.75,-0.026395,NaN,NaN,NaN,NaN,NaN,NaN,NaN,NaN,NaN,NaN,NaN,NaN,NaN,NaN,0.08133,0.945,3,4,4,4,3,2,0,0,0,0,0,0,0,0,0,0,0,0,0,0,3,3,32
13197.657997,8.951e-28,0.0598,0.075,0,0.75,-0.026395,NaN,NaN,NaN,NaN,NaN,NaN,NaN,NaN,NaN,NaN,NaN,NaN,NaN,NaN,0.08133,0.945,3,4,4,4,3,2,0,0,0,0,0,0,0,0,0,0,0,0,0,0,3,3,32
13197.723848,7.411e-28,0.0598,0.075,0,0.75,-0.026395,NaN,NaN,NaN,NaN,NaN,NaN,NaN,NaN,NaN,NaN,NaN,NaN,NaN,NaN,0.08133,0.945,3,4,4,4,3,2,0,0,0,0,0,0,0,0,0,0,0,0,0,0,3,3,32
13197.832738,8.952e-28,0.0598,0.075,0,0.75,-0.026396,NaN,NaN,NaN,NaN,NaN,NaN,NaN,NaN,NaN,NaN,NaN,NaN,NaN,NaN,0.08133,0.945,3,4,4,4,3,2,0,0,0,0,0,0,0,0,0,0,0,0,0,0,3,3,32
13198.117771,5.657e-28,0.0598,0.075,0,0.75,-0.026396,NaN,NaN,NaN,NaN,NaN,NaN,NaN,NaN,NaN,NaN,NaN,NaN,NaN,NaN,0.08133,0.945,3,4,4,4,3,2,0,0,0,0,0,0,0,0,0,0,0,0,0,0,3,3,32
13198.171663,7.883e-28,0.0598,0.075,0,0.75,-0.026396,NaN,NaN,NaN,NaN,NaN,NaN,NaN,NaN,NaN,NaN,NaN,NaN,NaN,NaN,0.08133,0.945,3,4,4,4,3,2,0,0,0,0,0,0,0,0,0,0,0,0,0,0,3,3,32
13198.414849,5.295e-28,0.0598,0.075,0,0.75,-0.026397,NaN,NaN,NaN,NaN,NaN,NaN,NaN,NaN,NaN,NaN,NaN,NaN,NaN,NaN,0.08133,0.945,3,4,4,4,3,2,0,0,0,0,0,0,0,0,0,0,0,0,0,0,3,3,32
13198.418087,1.253e-27,0.0598,0.075,0,0.75,-0.026397,NaN,NaN,NaN,NaN,NaN,NaN,NaN,NaN,NaN,NaN,NaN,NaN,NaN,NaN,0.08133,0.945,3,4,4,4,3,2,0,0,0,0,0,0,0,0,0,0,0,0,0,0,3,3,32
13198.634381,1.342e-27,0.0598,0.075,0,0.75,-0.026397,NaN,NaN,NaN,NaN,NaN,NaN,NaN,NaN,NaN,NaN,NaN,NaN,NaN,NaN,0.08133,0.945,3,4,4,4,3,2,0,0,0,0,0,0,0,0,0,0,0,0,0,0,3,3,32
13198.685572,6.037e-28,0.0598,0.075,0,0.75,-0.026397,NaN,NaN,NaN,NaN,NaN,NaN,NaN,NaN,NaN,NaN,NaN,NaN,NaN,NaN,0.08133,0.945,3,4,4,4,3,2,0,0,0,0,0,0,0,0,0,0,0,0,0,0,3,3,32
13198.759389,4.384e-28,0.0598,0.075,0,0.75,-0.026398,NaN,NaN,NaN,NaN,NaN,NaN,NaN,NaN,NaN,NaN,NaN,NaN,NaN,NaN,0.08133,0.945,3,4,4,4,3,2,0,0,0,0,0,0,0,0,0,0,0,0,0,0,3,3,32
13198.785277,7.565e-28,0.0598,0.075,0,0.75,-0.026398,NaN,NaN,NaN,NaN,NaN,NaN,NaN,NaN,NaN,NaN,NaN,NaN,NaN,NaN,0.08133,0.945,3,4,4,4,3,2,0,0,0,0,0,0,0,0,0,0,0,0,0,0,3,3,32
13198.972771,7.17e-28,0.0598,0.075,0,0.75,-0.026398,NaN,NaN,NaN,NaN,NaN,NaN,NaN,NaN,NaN,NaN,NaN,NaN,NaN,NaN,0.08133,0.945,3,4,4,4,3,2,0,0,0,0,0,0,0,0,0,0,0,0,0,0,3,3,32
13199.091905,1.978e-27,0.0598,0.075,0,0.75,-0.026398,NaN,NaN,NaN,NaN,NaN,NaN,NaN,NaN,NaN,NaN,NaN,NaN,NaN,NaN,0.08133,0.945,3,4,4,4,3,2,0,0,0,0,0,0,0,0,0,0,0,0,0,0,3,3,32
13199.178161,5.641e-28,0.0598,0.075,0,0.75,-0.026398,NaN,NaN,NaN,NaN,NaN,NaN,NaN,NaN,NaN,NaN,NaN,NaN,NaN,NaN,0.08133,0.945,3,4,4,4,3,2,0,0,0,0,0,0,0,0,0,0,0,0,0,0,3,3,32
13199.683039,9.697e-28,0.0598,0.075,0,0.75,-0.026399,NaN,NaN,NaN,NaN,NaN,NaN,NaN,NaN,NaN,NaN,NaN,NaN,NaN,NaN,0.08133,0.945,3,4,4,4,3,2,0,0,0,0,0,0,0,0,0,0,0,0,0,0,3,3,32
13199.76869,9.193e-28,0.0598,0.075,0,0.75,-0.0264,NaN,NaN,NaN,NaN,NaN,NaN,NaN,NaN,NaN,NaN,NaN,NaN,NaN,NaN,0.08133,0.945,3,4,4,4,3,2,0,0,0,0,0,0,0,0,0,0,0,0,0,0,3,3,32
13199.849418,4.981e-28,0.0598,0.075,0,0.75,-0.0264,NaN,NaN,NaN,NaN,NaN,NaN,NaN,NaN,NaN,NaN,NaN,NaN,NaN,NaN,0.08133,0.945,3,4,4,4,3,2,0,0,0,0,0,0,0,0,0,0,0,0,0,0,3,3,32
13200.042067,5.65e-28,0.0598,0.075,0,0.75,-0.0264,NaN,NaN,NaN,NaN,NaN,NaN,NaN,NaN,NaN,NaN,NaN,NaN,NaN,NaN,0.08133,0.945,3,4,4,4,3,2,0,0,0,0,0,0,0,0,0,0,0,0,0,0,3,3,32
13200.16742,1.137e-27,0.0598,0.075,0,0.75,-0.0264,NaN,NaN,NaN,NaN,NaN,NaN,NaN,NaN,NaN,NaN,NaN,NaN,NaN,NaN,0.08133,0.945,3,4,4,4,3,2,0,0,0,0,0,0,0,0,0,0,0,0,0,0,3,3,32
13200.301103,1.277e-27,0.0598,0.075,0,0.75,-0.026401,NaN,NaN,NaN,NaN,NaN,NaN,NaN,NaN,NaN,NaN,NaN,NaN,NaN,NaN,0.08133,0.945,3,4,4,4,3,2,0,0,0,0,0,0,0,0,0,0,0,0,0,0,3,3,32
13200.457647,5.232e-28,0.0598,0.075,0,0.75,-0.026401,NaN,NaN,NaN,NaN,NaN,NaN,NaN,NaN,NaN,NaN,NaN,NaN,NaN,NaN,0.08133,0.945,3,4,4,4,3,2,0,0,0,0,0,0,0,0,0,0,0,0,0,0,3,3,32
13200.543739,7.574e-28,0.0598,0.075,0,0.75,-0.026401,NaN,NaN,NaN,NaN,NaN,NaN,NaN,NaN,NaN,NaN,NaN,NaN,NaN,NaN,0.08133,0.945,3,4,4,4,3,2,0,0,0,0,0,0,0,0,0,0,0,0,0,0,3,3,32
13200.649853,8.545e-28,0.0598,0.075,0,0.75,-0.026401,NaN,NaN,NaN,NaN,NaN,NaN,NaN,NaN,NaN,NaN,NaN,NaN,NaN,NaN,0.08133,0.945,3,4,4,4,3,2,0,0,0,0,0,0,0,0,0,0,0,0,0,0,3,3,32
13200.703937,5.052e-28,0.0598,0.075,0,0.75,-0.026401,NaN,NaN,NaN,NaN,NaN,NaN,NaN,NaN,NaN,NaN,NaN,NaN,NaN,NaN,0.08133,0.945,3,4,4,4,3,2,0,0,0,0,0,0,0,0,0,0,0,0,0,0,3,3,32
13200.930561,1.359e-27,0.0598,0.075,0,0.75,-0.026402,NaN,NaN,NaN,NaN,NaN,NaN,NaN,NaN,NaN,NaN,NaN,NaN,NaN,NaN,0.08133,0.945,3,4,4,4,3,2,0,0,0,0,0,0,0,0,0,0,0,0,0,0,3,3,32
13201.013274,4.24e-28,0.0598,0.075,0,0.75,-0.026402,NaN,NaN,NaN,NaN,NaN,NaN,NaN,NaN,NaN,NaN,NaN,NaN,NaN,NaN,0.08133,0.945,3,4,4,4,3,2,0,0,0,0,0,0,0,0,0,0,0,0,0,0,3,3,32
13201.113857,1.159e-27,0.0598,0.075,0,0.75,-0.026402,NaN,NaN,NaN,NaN,NaN,NaN,NaN,NaN,NaN,NaN,NaN,NaN,NaN,NaN,0.08133,0.945,3,4,4,4,3,2,0,0,0,0,0,0,0,0,0,0,0,0,0,0,3,3,32
13201.185727,8.534e-28,0.0598,0.075,0,0.75,-0.026402,NaN,NaN,NaN,NaN,NaN,NaN,NaN,NaN,NaN,NaN,NaN,NaN,NaN,NaN,0.08133,0.945,3,4,4,4,3,2,0,0,0,0,0,0,0,0,0,0,0,0,0,0,3,3,32
13201.257309,4.343e-28,0.0598,0.075,0,0.75,-0.026403,NaN,NaN,NaN,NaN,NaN,NaN,NaN,NaN,NaN,NaN,NaN,NaN,NaN,NaN,0.08133,0.945,3,4,4,4,3,2,0,0,0,0,0,0,0,0,0,0,0,0,0,0,3,3,32
13201.36755,2.3e-27,0.0598,0.075,0,0.75,-0.026403,NaN,NaN,NaN,NaN,NaN,NaN,NaN,NaN,NaN,NaN,NaN,NaN,NaN,NaN,0.08133,0.945,3,4,4,4,3,2,0,0,0,0,0,0,0,0,0,0,0,0,0,0,3,3,32
13201.655427,5.744e-28,0.0598,0.075,0,0.75,-0.026403,NaN,NaN,NaN,NaN,NaN,NaN,NaN,NaN,NaN,NaN,NaN,NaN,NaN,NaN,0.08133,0.945,3,4,4,4,3,2,0,0,0,0,0,0,0,0,0,0,0,0,0,0,3,3,32
13201.790361,8.732e-28,0.0598,0.075,0,0.75,-0.026404,NaN,NaN,NaN,NaN,NaN,NaN,NaN,NaN,NaN,NaN,NaN,NaN,NaN,NaN,0.08133,0.945,3,4,4,4,3,2,0,0,0,0,0,0,0,0,0,0,0,0,0,0,3,3,32
13202.095883,7.599e-28,0.0598,0.075,0,0.75,-0.026404,NaN,NaN,NaN,NaN,NaN,NaN,NaN,NaN,NaN,NaN,NaN,NaN,NaN,NaN,0.08133,0.945,3,4,4,4,3,2,0,0,0,0,0,0,0,0,0,0,0,0,0,0,3,3,32
13202.185807,7.97e-28,0.0598,0.075,0,0.75,-0.026404,NaN,NaN,NaN,NaN,NaN,NaN,NaN,NaN,NaN,NaN,NaN,NaN,NaN,NaN,0.08133,0.945,3,4,4,4,3,2,0,0,0,0,0,0,0,0,0,0,0,0,0,0,3,3,32
13202.463495,1.122e-27,0.0598,0.075,0,0.75,-0.026405,NaN,NaN,NaN,NaN,NaN,NaN,NaN,NaN,NaN,NaN,NaN,NaN,NaN,NaN,0.08133,0.945,3,4,4,4,3,2,0,0,0,0,0,0,0,0,0,0,0,0,0,0,3,3,32
13202.544963,5.243e-28,0.0598,0.075,0,0.75,-0.026405,NaN,NaN,NaN,NaN,NaN,NaN,NaN,NaN,NaN,NaN,NaN,NaN,NaN,NaN,0.08133,0.945,3,4,4,4,3,2,0,0,0,0,0,0,0,0,0,0,0,0,0,0,3,3,32
13202.726812,1.856e-27,0.0598,0.075,0,0.75,-0.026405,NaN,NaN,NaN,NaN,NaN,NaN,NaN,NaN,NaN,NaN,NaN,NaN,NaN,NaN,0.08133,0.945,3,4,4,4,3,2,0,0,0,0,0,0,0,0,0,0,0,0,0,0,3,3,32
13202.819191,8.12e-28,0.0598,0.075,0,0.75,-0.026406,NaN,NaN,NaN,NaN,NaN,NaN,NaN,NaN,NaN,NaN,NaN,NaN,NaN,NaN,0.08133,0.945,3,4,4,4,3,2,0,0,0,0,0,0,0,0,0,0,0,0,0,0,3,3,32
13203.168427,6.042e-28,0.0598,0.075,0,0.75,-0.026406,NaN,NaN,NaN,NaN,NaN,NaN,NaN,NaN,NaN,NaN,NaN,NaN,NaN,NaN,0.08133,0.945,3,4,4,4,3,2,0,0,0,0,0,0,0,0,0,0,0,0,0,0,3,3,32
13203.259264,2.187e-27,0.0598,0.075,0,0.75,-0.026407,NaN,NaN,NaN,NaN,NaN,NaN,NaN,NaN,NaN,NaN,NaN,NaN,NaN,NaN,0.08133,0.945,3,4,4,4,3,2,0,0,0,0,0,0,0,0,0,0,0,0,0,0,3,3,32
13203.368134,7.78e-28,0.0598,0.075,0,0.75,-0.026407,NaN,NaN,NaN,NaN,NaN,NaN,NaN,NaN,NaN,NaN,NaN,NaN,NaN,NaN,0.08133,0.945,3,4,4,4,3,2,0,0,0,0,0,0,0,0,0,0,0,0,0,0,3,3,32
13203.47114,6.851e-28,0.0598,0.075,0,0.75,-0.026407,NaN,NaN,NaN,NaN,NaN,NaN,NaN,NaN,NaN,NaN,NaN,NaN,NaN,NaN,0.08133,0.945,3,4,4,4,3,2,0,0,0,0,0,0,0,0,0,0,0,0,0,0,3,3,32
13203.610339,1.092e-27,0.0598,0.075,0,0.75,-0.026407,NaN,NaN,NaN,NaN,NaN,NaN,NaN,NaN,NaN,NaN,NaN,NaN,NaN,NaN,0.08133,0.945,3,4,4,4,3,2,0,0,0,0,0,0,0,0,0,0,0,0,0,0,3,3,32
13203.903827,9.306e-28,0.0598,0.075,0,0.75,-0.026408,NaN,NaN,NaN,NaN,NaN,NaN,NaN,NaN,NaN,NaN,NaN,NaN,NaN,NaN,0.08133,0.945,3,4,4,4,3,2,0,0,0,0,0,0,0,0,0,0,0,0,0,0,3,3,32
13204.056599,1.039e-27,0.0598,0.075,0,0.75,-0.026408,NaN,NaN,NaN,NaN,NaN,NaN,NaN,NaN,NaN,NaN,NaN,NaN,NaN,NaN,0.08133,0.945,3,4,4,4,3,2,0,0,0,0,0,0,0,0,0,0,0,0,0,0,3,3,32
13204.370827,2.683e-27,0.0598,0.075,0,0.75,-0.026409,NaN,NaN,NaN,NaN,NaN,NaN,NaN,NaN,NaN,NaN,NaN,NaN,NaN,NaN,0.08133,0.945,3,4,4,4,3,2,0,0,0,0,0,0,0,0,0,0,0,0,0,0,3,3,32
13204.403095,2.126e-27,0.0598,0.075,0,0.75,-0.026409,NaN,NaN,NaN,NaN,NaN,NaN,NaN,NaN,NaN,NaN,NaN,NaN,NaN,NaN,0.08133,0.945,3,4,4,4,3,2,0,0,0,0,0,0,0,0,0,0,0,0,0,0,3,3,32
13204.451947,1.202e-27,0.0598,0.075,0,0.75,-0.026409,NaN,NaN,NaN,NaN,NaN,NaN,NaN,NaN,NaN,NaN,NaN,NaN,NaN,NaN,0.08133,0.945,3,4,4,4,3,2,0,0,0,0,0,0,0,0,0,0,0,0,0,0,3,3,32
13204.496165,5.726e-28,0.0598,0.075,0,0.75,-0.026409,NaN,NaN,NaN,NaN,NaN,NaN,NaN,NaN,NaN,NaN,NaN,NaN,NaN,NaN,0.08133,0.945,3,4,4,4,3,2,0,0,0,0,0,0,0,0,0,0,0,0,0,0,3,3,32
13204.557539,6.758e-28,0.0598,0.075,0,0.75,-0.026409,NaN,NaN,NaN,NaN,NaN,NaN,NaN,NaN,NaN,NaN,NaN,NaN,NaN,NaN,0.08133,0.945,3,4,4,4,3,2,0,0,0,0,0,0,0,0,0,0,0,0,0,0,3,3,32
13204.659812,6.056e-28,0.0598,0.075,0,0.75,-0.026409,NaN,NaN,NaN,NaN,NaN,NaN,NaN,NaN,NaN,NaN,NaN,NaN,NaN,NaN,0.08133,0.945,3,4,4,4,3,2,0,0,0,0,0,0,0,0,0,0,0,0,0,0,3,3,32
13204.939987,5.19e-28,0.0598,0.075,0,0.75,-0.02641,NaN,NaN,NaN,NaN,NaN,NaN,NaN,NaN,NaN,NaN,NaN,NaN,NaN,NaN,0.08133,0.945,3,4,4,4,3,2,0,0,0,0,0,0,0,0,0,0,0,0,0,0,3,3,32
13205.156819,1.686e-27,0.0598,0.075,0,0.75,-0.02641,NaN,NaN,NaN,NaN,NaN,NaN,NaN,NaN,NaN,NaN,NaN,NaN,NaN,NaN,0.08133,0.945,3,4,4,4,3,2,0,0,0,0,0,0,0,0,0,0,0,0,0,0,3,3,32
13205.194116,7.17e-28,0.0598,0.075,0,0.75,-0.02641,NaN,NaN,NaN,NaN,NaN,NaN,NaN,NaN,NaN,NaN,NaN,NaN,NaN,NaN,0.08133,0.945,3,4,4,4,3,2,0,0,0,0,0,0,0,0,0,0,0,0,0,0,3,3,32
13205.427202,7.305e-28,0.0598,0.075,0,0.75,-0.026411,NaN,NaN,NaN,NaN,NaN,NaN,NaN,NaN,NaN,NaN,NaN,NaN,NaN,NaN,0.08133,0.945,3,4,4,4,3,2,0,0,0,0,0,0,0,0,0,0,0,0,0,0,3,3,32
13205.562175,1.33e-27,0.0598,0.075,0,0.75,-0.026411,NaN,NaN,NaN,NaN,NaN,NaN,NaN,NaN,NaN,NaN,NaN,NaN,NaN,NaN,0.08133,0.945,3,4,4,4,3,2,0,0,0,0,0,0,0,0,0,0,0,0,0,0,3,3,32
13205.693851,1.17e-27,0.0598,0.075,0,0.75,-0.026411,NaN,NaN,NaN,NaN,NaN,NaN,NaN,NaN,NaN,NaN,NaN,NaN,NaN,NaN,0.08133,0.945,3,4,4,4,3,2,0,0,0,0,0,0,0,0,0,0,0,0,0,0,3,3,32
13205.808562,4.285e-28,0.0598,0.075,0,0.75,-0.026412,NaN,NaN,NaN,NaN,NaN,NaN,NaN,NaN,NaN,NaN,NaN,NaN,NaN,NaN,0.08133,0.945,3,4,4,4,3,2,0,0,0,0,0,0,0,0,0,0,0,0,0,0,3,3,32
13205.912641,4.864e-28,0.0598,0.075,0,0.75,-0.026412,NaN,NaN,NaN,NaN,NaN,NaN,NaN,NaN,NaN,NaN,NaN,NaN,NaN,NaN,0.08133,0.945,3,4,4,4,3,2,0,0,0,0,0,0,0,0,0,0,0,0,0,0,3,3,32
13206.109614,1.058e-27,0.0598,0.075,0,0.75,-0.026412,NaN,NaN,NaN,NaN,NaN,NaN,NaN,NaN,NaN,NaN,NaN,NaN,NaN,NaN,0.08133,0.945,3,4,4,4,3,2,0,0,0,0,0,0,0,0,0,0,0,0,0,0,3,3,32
13206.337978,7.123e-28,0.0598,0.075,0,0.75,-0.026413,NaN,NaN,NaN,NaN,NaN,NaN,NaN,NaN,NaN,NaN,NaN,NaN,NaN,NaN,0.08133,0.945,3,4,4,4,3,2,0,0,0,0,0,0,0,0,0,0,0,0,0,0,3,3,32
13206.499017,5.335e-28,0.0598,0.075,0,0.75,-0.026413,NaN,NaN,NaN,NaN,NaN,NaN,NaN,NaN,NaN,NaN,NaN,NaN,NaN,NaN,0.08133,0.945,3,4,4,4,3,2,0,0,0,0,0,0,0,0,0,0,0,0,0,0,3,3,32
13206.609387,5.961e-28,0.0598,0.075,0,0.75,-0.026413,NaN,NaN,NaN,NaN,NaN,NaN,NaN,NaN,NaN,NaN,NaN,NaN,NaN,NaN,0.08133,0.945,3,4,4,4,3,2,0,0,0,0,0,0,0,0,0,0,0,0,0,0,3,3,32
13206.662103,9.114e-28,0.0598,0.075,0,0.75,-0.026413,NaN,NaN,NaN,NaN,NaN,NaN,NaN,NaN,NaN,NaN,NaN,NaN,NaN,NaN,0.08133,0.945,3,4,4,4,3,2,0,0,0,0,0,0,0,0,0,0,0,0,0,0,3,3,32
13206.702947,7.027e-28,0.0598,0.075,0,0.75,-0.026413,NaN,NaN,NaN,NaN,NaN,NaN,NaN,NaN,NaN,NaN,NaN,NaN,NaN,NaN,0.08133,0.945,3,4,4,4,3,2,0,0,0,0,0,0,0,0,0,0,0,0,0,0,3,3,32
13206.831809,1.859e-27,0.0598,0.075,0,0.75,-0.026414,NaN,NaN,NaN,NaN,NaN,NaN,NaN,NaN,NaN,NaN,NaN,NaN,NaN,NaN,0.08133,0.945,3,4,4,4,3,2,0,0,0,0,0,0,0,0,0,0,0,0,0,0,3,3,32
13207.312488,1.446e-27,0.0598,0.075,0,0.75,-0.026415,NaN,NaN,NaN,NaN,NaN,NaN,NaN,NaN,NaN,NaN,NaN,NaN,NaN,NaN,0.08133,0.945,3,4,4,4,3,2,0,0,0,0,0,0,0,0,0,0,0,0,0,0,3,3,32
13207.431246,1.316e-27,0.0598,0.075,0,0.75,-0.026415,NaN,NaN,NaN,NaN,NaN,NaN,NaN,NaN,NaN,NaN,NaN,NaN,NaN,NaN,0.08133,0.945,3,4,4,4,3,2,0,0,0,0,0,0,0,0,0,0,0,0,0,0,3,3,32
13207.603241,6.968e-28,0.0598,0.075,0,0.75,-0.026415,NaN,NaN,NaN,NaN,NaN,NaN,NaN,NaN,NaN,NaN,NaN,NaN,NaN,NaN,0.08133,0.945,3,4,4,4,3,2,0,0,0,0,0,0,0,0,0,0,0,0,0,0,3,3,32
13207.663723,5.628e-28,0.0598,0.075,0,0.75,-0.026415,NaN,NaN,NaN,NaN,NaN,NaN,NaN,NaN,NaN,NaN,NaN,NaN,NaN,NaN,0.08133,0.945,3,4,4,4,3,2,0,0,0,0,0,0,0,0,0,0,0,0,0,0,3,3,32
13207.717931,1.644e-27,0.0598,0.075,0,0.75,-0.026415,NaN,NaN,NaN,NaN,NaN,NaN,NaN,NaN,NaN,NaN,NaN,NaN,NaN,NaN,0.08133,0.945,3,4,4,4,3,2,0,0,0,0,0,0,0,0,0,0,0,0,0,0,3,3,32
13207.84574,9.326e-28,0.0598,0.075,0,0.75,-0.026416,NaN,NaN,NaN,NaN,NaN,NaN,NaN,NaN,NaN,NaN,NaN,NaN,NaN,NaN,0.08133,0.945,3,4,4,4,3,2,0,0,0,0,0,0,0,0,0,0,0,0,0,0,3,3,32
13208.209029,1.433e-27,0.0598,0.075,0,0.75,-0.026416,NaN,NaN,NaN,NaN,NaN,NaN,NaN,NaN,NaN,NaN,NaN,NaN,NaN,NaN,0.08133,0.945,3,4,4,4,3,2,0,0,0,0,0,0,0,0,0,0,0,0,0,0,3,3,32
13208.273643,5.217e-28,0.0598,0.075,0,0.75,-0.026417,NaN,NaN,NaN,NaN,NaN,NaN,NaN,NaN,NaN,NaN,NaN,NaN,NaN,NaN,0.08133,0.945,3,4,4,4,3,2,0,0,0,0,0,0,0,0,0,0,0,0,0,0,3,3,32
13208.415403,8.245e-28,0.0598,0.075,0,0.75,-0.026417,NaN,NaN,NaN,NaN,NaN,NaN,NaN,NaN,NaN,NaN,NaN,NaN,NaN,NaN,0.08133,0.945,3,4,4,4,3,2,0,0,0,0,0,0,0,0,0,0,0,0,0,0,3,3,32
13208.676282,5.989e-28,0.0598,0.075,0,0.75,-0.026417,NaN,NaN,NaN,NaN,NaN,NaN,NaN,NaN,NaN,NaN,NaN,NaN,NaN,NaN,0.08133,0.945,3,4,4,4,3,2,0,0,0,0,0,0,0,0,0,0,0,0,0,0,3,3,32
13208.7748,7.192e-28,0.0598,0.075,0,0.75,-0.026418,NaN,NaN,NaN,NaN,NaN,NaN,NaN,NaN,NaN,NaN,NaN,NaN,NaN,NaN,0.08133,0.945,3,4,4,4,3,2,0,0,0,0,0,0,0,0,0,0,0,0,0,0,3,3,32
13208.984709,1.408e-27,0.0598,0.075,0,0.75,-0.026418,NaN,NaN,NaN,NaN,NaN,NaN,NaN,NaN,NaN,NaN,NaN,NaN,NaN,NaN,0.08133,0.945,3,4,4,4,3,2,0,0,0,0,0,0,0,0,0,0,0,0,0,0,3,3,32
13209.328305,6.088e-28,0.0598,0.075,0,0.75,-0.026419,NaN,NaN,NaN,NaN,NaN,NaN,NaN,NaN,NaN,NaN,NaN,NaN,NaN,NaN,0.08133,0.945,3,4,4,4,3,2,0,0,0,0,0,0,0,0,0,0,0,0,0,0,3,3,32
13209.412815,4.459e-27,0.0598,0.075,0,0.75,-0.026419,NaN,NaN,NaN,NaN,NaN,NaN,NaN,NaN,NaN,NaN,NaN,NaN,NaN,NaN,0.08133,0.945,3,4,4,4,3,2,0,0,0,0,0,0,0,0,0,0,0,0,0,0,3,3,32
13209.499508,4.461e-28,0.0598,0.075,0,0.75,-0.026419,NaN,NaN,NaN,NaN,NaN,NaN,NaN,NaN,NaN,NaN,NaN,NaN,NaN,NaN,0.08133,0.945,3,4,4,4,3,2,0,0,0,0,0,0,0,0,0,0,0,0,0,0,3,3,32
13209.656302,1.664e-27,0.0598,0.075,0,0.75,-0.026419,NaN,NaN,NaN,NaN,NaN,NaN,NaN,NaN,NaN,NaN,NaN,NaN,NaN,NaN,0.08133,0.945,3,4,4,4,3,2,0,0,0,0,0,0,0,0,0,0,0,0,0,0,3,3,32
13209.769056,5.871e-28,0.0598,0.075,0,0.75,-0.02642,NaN,NaN,NaN,NaN,NaN,NaN,NaN,NaN,NaN,NaN,NaN,NaN,NaN,NaN,0.08133,0.945,3,4,4,4,3,2,0,0,0,0,0,0,0,0,0,0,0,0,0,0,3,3,32
13209.895391,4.016e-28,0.0598,0.075,0,0.75,-0.02642,NaN,NaN,NaN,NaN,NaN,NaN,NaN,NaN,NaN,NaN,NaN,NaN,NaN,NaN,0.08133,0.945,3,4,4,4,3,2,0,0,0,0,0,0,0,0,0,0,0,0,0,0,3,3,32
13209.977172,1.388e-27,0.0598,0.075,0,0.75,-0.02642,NaN,NaN,NaN,NaN,NaN,NaN,NaN,NaN,NaN,NaN,NaN,NaN,NaN,NaN,0.08133,0.945,3,4,4,4,3,2,0,0,0,0,0,0,0,0,0,0,0,0,0,0,3,3,32
13210.143508,3.093e-27,0.0598,0.075,0,0.75,-0.02642,NaN,NaN,NaN,NaN,NaN,NaN,NaN,NaN,NaN,NaN,NaN,NaN,NaN,NaN,0.08133,0.945,3,4,4,4,3,2,0,0,0,0,0,0,0,0,0,0,0,0,0,0,3,3,32
13210.324619,6.962e-28,0.0598,0.075,0,0.75,-0.026421,NaN,NaN,NaN,NaN,NaN,NaN,NaN,NaN,NaN,NaN,NaN,NaN,NaN,NaN,0.08133,0.945,3,4,4,4,3,2,0,0,0,0,0,0,0,0,0,0,0,0,0,0,3,3,32
13210.394769,5.72e-28,0.0598,0.075,0,0.75,-0.026421,NaN,NaN,NaN,NaN,NaN,NaN,NaN,NaN,NaN,NaN,NaN,NaN,NaN,NaN,0.08133,0.945,3,4,4,4,3,2,0,0,0,0,0,0,0,0,0,0,0,0,0,0,3,3,32
13210.492788,3.439e-27,0.0598,0.075,0,0.75,-0.026421,NaN,NaN,NaN,NaN,NaN,NaN,NaN,NaN,NaN,NaN,NaN,NaN,NaN,NaN,0.08133,0.945,3,4,4,4,3,2,0,0,0,0,0,0,0,0,0,0,0,0,0,0,3,3,32
13210.576334,5.932e-28,0.0598,0.075,0,0.75,-0.026421,NaN,NaN,NaN,NaN,NaN,NaN,NaN,NaN,NaN,NaN,NaN,NaN,NaN,NaN,0.08133,0.945,3,4,4,4,3,2,0,0,0,0,0,0,0,0,0,0,0,0,0,0,3,3,32
13210.743551,9.851e-28,0.0598,0.075,0,0.75,-0.026421,NaN,NaN,NaN,NaN,NaN,NaN,NaN,NaN,NaN,NaN,NaN,NaN,NaN,NaN,0.08133,0.945,3,4,4,4,3,2,0,0,0,0,0,0,0,0,0,0,0,0,0,0,3,3,32
13210.833298,8.35e-28,0.0598,0.075,0,0.75,-0.026422,NaN,NaN,NaN,NaN,NaN,NaN,NaN,NaN,NaN,NaN,NaN,NaN,NaN,NaN,0.08133,0.945,3,4,4,4,3,2,0,0,0,0,0,0,0,0,0,0,0,0,0,0,3,3,32
13210.989894,7.04e-28,0.0598,0.075,0,0.75,-0.026422,NaN,NaN,NaN,NaN,NaN,NaN,NaN,NaN,NaN,NaN,NaN,NaN,NaN,NaN,0.08133,0.945,3,4,4,4,3,2,0,0,0,0,0,0,0,0,0,0,0,0,0,0,3,3,32
13211.181635,5.153e-28,0.0598,0.075,0,0.75,-0.026422,NaN,NaN,NaN,NaN,NaN,NaN,NaN,NaN,NaN,NaN,NaN,NaN,NaN,NaN,0.08133,0.945,3,4,4,4,3,2,0,0,0,0,0,0,0,0,0,0,0,0,0,0,3,3,32
13211.399951,5.559e-28,0.0598,0.075,0,0.75,-0.026423,NaN,NaN,NaN,NaN,NaN,NaN,NaN,NaN,NaN,NaN,NaN,NaN,NaN,NaN,0.08133,0.945,3,4,4,4,3,2,0,0,0,0,0,0,0,0,0,0,0,0,0,0,3,3,32
13211.554854,7.102e-28,0.0598,0.075,0,0.75,-0.026423,NaN,NaN,NaN,NaN,NaN,NaN,NaN,NaN,NaN,NaN,NaN,NaN,NaN,NaN,0.08133,0.945,3,4,4,4,3,2,0,0,0,0,0,0,0,0,0,0,0,0,0,0,3,3,32
13211.869356,1.147e-27,0.0598,0.075,0,0.75,-0.026424,NaN,NaN,NaN,NaN,NaN,NaN,NaN,NaN,NaN,NaN,NaN,NaN,NaN,NaN,0.08133,0.945,3,4,4,4,3,2,0,0,0,0,0,0,0,0,0,0,0,0,0,0,3,3,32
13211.985953,1.057e-27,0.0598,0.075,0,0.75,-0.026424,NaN,NaN,NaN,NaN,NaN,NaN,NaN,NaN,NaN,NaN,NaN,NaN,NaN,NaN,0.08133,0.945,3,4,4,4,3,2,0,0,0,0,0,0,0,0,0,0,0,0,0,0,3,3,32
13212.056026,1.096e-27,0.0598,0.075,0,0.75,-0.026424,NaN,NaN,NaN,NaN,NaN,NaN,NaN,NaN,NaN,NaN,NaN,NaN,NaN,NaN,0.08133,0.945,3,4,4,4,3,2,0,0,0,0,0,0,0,0,0,0,0,0,0,0,3,3,32
13212.357014,5.403e-28,0.0598,0.075,0,0.75,-0.026425,NaN,NaN,NaN,NaN,NaN,NaN,NaN,NaN,NaN,NaN,NaN,NaN,NaN,NaN,0.08133,0.945,3,4,4,4,3,2,0,0,0,0,0,0,0,0,0,0,0,0,0,0,3,3,32
13212.457934,6.291e-28,0.0598,0.075,0,0.75,-0.026425,NaN,NaN,NaN,NaN,NaN,NaN,NaN,NaN,NaN,NaN,NaN,NaN,NaN,NaN,0.08133,0.945,3,4,4,4,3,2,0,0,0,0,0,0,0,0,0,0,0,0,0,0,3,3,32
13212.534407,8.27e-28,0.0598,0.075,0,0.75,-0.026425,NaN,NaN,NaN,NaN,NaN,NaN,NaN,NaN,NaN,NaN,NaN,NaN,NaN,NaN,0.08133,0.945,3,4,4,4,3,2,0,0,0,0,0,0,0,0,0,0,0,0,0,0,3,3,32
13212.730036,5.121e-28,0.0598,0.075,0,0.75,-0.026425,NaN,NaN,NaN,NaN,NaN,NaN,NaN,NaN,NaN,NaN,NaN,NaN,NaN,NaN,0.08133,0.945,3,4,4,4,3,2,0,0,0,0,0,0,0,0,0,0,0,0,0,0,3,3,32
13212.900013,1.193e-27,0.0598,0.075,0,0.75,-0.026426,NaN,NaN,NaN,NaN,NaN,NaN,NaN,NaN,NaN,NaN,NaN,NaN,NaN,NaN,0.08133,0.945,3,4,4,4,3,2,0,0,0,0,0,0,0,0,0,0,0,0,0,0,3,3,32
13212.950204,1.123e-27,0.0598,0.075,0,0.75,-0.026426,NaN,NaN,NaN,NaN,NaN,NaN,NaN,NaN,NaN,NaN,NaN,NaN,NaN,NaN,0.08133,0.945,3,4,4,4,3,2,0,0,0,0,0,0,0,0,0,0,0,0,0,0,3,3,32
13213.246653,5.817e-28,0.0598,0.075,0,0.75,-0.026426,NaN,NaN,NaN,NaN,NaN,NaN,NaN,NaN,NaN,NaN,NaN,NaN,NaN,NaN,0.08133,0.945,3,4,4,4,3,2,0,0,0,0,0,0,0,0,0,0,0,0,0,0,3,3,32
13213.307019,5.665e-28,0.0598,0.075,0,0.75,-0.026427,NaN,NaN,NaN,NaN,NaN,NaN,NaN,NaN,NaN,NaN,NaN,NaN,NaN,NaN,0.08133,0.945,3,4,4,4,3,2,0,0,0,0,0,0,0,0,0,0,0,0,0,0,3,3,32
13213.443553,7.272e-28,0.0598,0.075,0,0.75,-0.026427,NaN,NaN,NaN,NaN,NaN,NaN,NaN,NaN,NaN,NaN,NaN,NaN,NaN,NaN,0.08133,0.945,3,4,4,4,3,2,0,0,0,0,0,0,0,0,0,0,0,0,0,0,3,3,32
13213.490063,9.853e-28,0.0598,0.075,0,0.75,-0.026427,NaN,NaN,NaN,NaN,NaN,NaN,NaN,NaN,NaN,NaN,NaN,NaN,NaN,NaN,0.08133,0.945,3,4,4,4,3,2,0,0,0,0,0,0,0,0,0,0,0,0,0,0,3,3,32
13213.57886,7.517e-28,0.0598,0.075,0,0.75,-0.026427,NaN,NaN,NaN,NaN,NaN,NaN,NaN,NaN,NaN,NaN,NaN,NaN,NaN,NaN,0.08133,0.945,3,4,4,4,3,2,0,0,0,0,0,0,0,0,0,0,0,0,0,0,3,3,32
13213.841255,1.104e-27,0.0598,0.075,0,0.75,-0.026428,NaN,NaN,NaN,NaN,NaN,NaN,NaN,NaN,NaN,NaN,NaN,NaN,NaN,NaN,0.08133,0.945,3,4,4,4,3,2,0,0,0,0,0,0,0,0,0,0,0,0,0,0,3,3,32
13213.962333,1.185e-27,0.0598,0.075,0,0.75,-0.026428,NaN,NaN,NaN,NaN,NaN,NaN,NaN,NaN,NaN,NaN,NaN,NaN,NaN,NaN,0.08133,0.945,3,4,4,4,3,2,0,0,0,0,0,0,0,0,0,0,0,0,0,0,3,3,32
13214.011302,1.294e-27,0.0598,0.075,0,0.75,-0.026428,NaN,NaN,NaN,NaN,NaN,NaN,NaN,NaN,NaN,NaN,NaN,NaN,NaN,NaN,0.08133,0.945,3,4,4,4,3,2,0,0,0,0,0,0,0,0,0,0,0,0,0,0,3,3,32
13214.158766,1.399e-27,0.0598,0.075,0,0.75,-0.026428,NaN,NaN,NaN,NaN,NaN,NaN,NaN,NaN,NaN,NaN,NaN,NaN,NaN,NaN,0.08133,0.945,3,4,4,4,3,2,0,0,0,0,0,0,0,0,0,0,0,0,0,0,3,3,32
13214.269823,6.734e-28,0.0598,0.075,0,0.75,-0.026429,NaN,NaN,NaN,NaN,NaN,NaN,NaN,NaN,NaN,NaN,NaN,NaN,NaN,NaN,0.08133,0.945,3,4,4,4,3,2,0,0,0,0,0,0,0,0,0,0,0,0,0,0,3,3,32
13214.46495,6.359e-28,0.0598,0.075,0,0.75,-0.026429,NaN,NaN,NaN,NaN,NaN,NaN,NaN,NaN,NaN,NaN,NaN,NaN,NaN,NaN,0.08133,0.945,3,4,4,4,3,2,0,0,0,0,0,0,0,0,0,0,0,0,0,0,3,3,32
13214.527108,4.311e-28,0.0598,0.075,0,0.75,-0.026429,NaN,NaN,NaN,NaN,NaN,NaN,NaN,NaN,NaN,NaN,NaN,NaN,NaN,NaN,0.08133,0.945,3,4,4,4,3,2,0,0,0,0,0,0,0,0,0,0,0,0,0,0,3,3,32
13214.653851,1.126e-27,0.0598,0.075,0,0.75,-0.026429,NaN,NaN,NaN,NaN,NaN,NaN,NaN,NaN,NaN,NaN,NaN,NaN,NaN,NaN,0.08133,0.945,3,4,4,4,3,2,0,0,0,0,0,0,0,0,0,0,0,0,0,0,3,3,32
13214.695858,1.363e-27,0.0598,0.075,0,0.75,-0.026429,NaN,NaN,NaN,NaN,NaN,NaN,NaN,NaN,NaN,NaN,NaN,NaN,NaN,NaN,0.08133,0.945,3,4,4,4,3,2,0,0,0,0,0,0,0,0,0,0,0,0,0,0,3,3,32
13214.78818,1.357e-27,0.0598,0.075,0,0.75,-0.02643,NaN,NaN,NaN,NaN,NaN,NaN,NaN,NaN,NaN,NaN,NaN,NaN,NaN,NaN,0.08133,0.945,3,4,4,4,3,2,0,0,0,0,0,0,0,0,0,0,0,0,0,0,3,3,32
13214.967382,4.158e-28,0.0598,0.075,0,0.75,-0.02643,NaN,NaN,NaN,NaN,NaN,NaN,NaN,NaN,NaN,NaN,NaN,NaN,NaN,NaN,0.08133,0.945,3,4,4,4,3,2,0,0,0,0,0,0,0,0,0,0,0,0,0,0,3,3,32
13215.088467,5.013e-28,0.0598,0.075,0,0.75,-0.02643,NaN,NaN,NaN,NaN,NaN,NaN,NaN,NaN,NaN,NaN,NaN,NaN,NaN,NaN,0.08133,0.945,3,4,4,4,3,2,0,0,0,0,0,0,0,0,0,0,0,0,0,0,3,3,32
13215.213891,1.024e-27,0.0598,0.075,0,0.75,-0.02643,NaN,NaN,NaN,NaN,NaN,NaN,NaN,NaN,NaN,NaN,NaN,NaN,NaN,NaN,0.08133,0.945,3,4,4,4,3,2,0,0,0,0,0,0,0,0,0,0,0,0,0,0,3,3,32
13215.445457,6.033e-28,0.0598,0.075,0,0.75,-0.026431,NaN,NaN,NaN,NaN,NaN,NaN,NaN,NaN,NaN,NaN,NaN,NaN,NaN,NaN,0.08133,0.945,3,4,4,4,3,2,0,0,0,0,0,0,0,0,0,0,0,0,0,0,3,3,32
13215.841441,5.002e-28,0.0598,0.075,0,0.75,-0.026432,NaN,NaN,NaN,NaN,NaN,NaN,NaN,NaN,NaN,NaN,NaN,NaN,NaN,NaN,0.08133,0.945,3,4,4,4,3,2,0,0,0,0,0,0,0,0,0,0,0,0,0,0,3,3,32
13215.919606,8.653e-28,0.0598,0.075,0,0.75,-0.026432,NaN,NaN,NaN,NaN,NaN,NaN,NaN,NaN,NaN,NaN,NaN,NaN,NaN,NaN,0.08133,0.945,3,4,4,4,3,2,0,0,0,0,0,0,0,0,0,0,0,0,0,0,3,3,32
13215.980205,5.165e-28,0.0598,0.075,0,0.75,-0.026432,NaN,NaN,NaN,NaN,NaN,NaN,NaN,NaN,NaN,NaN,NaN,NaN,NaN,NaN,0.08133,0.945,3,4,4,4,3,2,0,0,0,0,0,0,0,0,0,0,0,0,0,0,3,3,32
13216.079341,4.444e-28,0.0598,0.075,0,0.75,-0.026432,NaN,NaN,NaN,NaN,NaN,NaN,NaN,NaN,NaN,NaN,NaN,NaN,NaN,NaN,0.08133,0.945,3,4,4,4,3,2,0,0,0,0,0,0,0,0,0,0,0,0,0,0,3,3,32
13216.144817,1.069e-27,0.0598,0.075,0,0.75,-0.026432,NaN,NaN,NaN,NaN,NaN,NaN,NaN,NaN,NaN,NaN,NaN,NaN,NaN,NaN,0.08133,0.945,3,4,4,4,3,2,0,0,0,0,0,0,0,0,0,0,0,0,0,0,3,3,32
13216.274132,1.218e-27,0.0598,0.075,0,0.75,-0.026433,NaN,NaN,NaN,NaN,NaN,NaN,NaN,NaN,NaN,NaN,NaN,NaN,NaN,NaN,0.08133,0.945,3,4,4,4,3,2,0,0,0,0,0,0,0,0,0,0,0,0,0,0,3,3,32
13216.344666,4.176e-28,0.0598,0.075,0,0.75,-0.026433,NaN,NaN,NaN,NaN,NaN,NaN,NaN,NaN,NaN,NaN,NaN,NaN,NaN,NaN,0.08133,0.945,3,4,4,4,3,2,0,0,0,0,0,0,0,0,0,0,0,0,0,0,3,3,32
13216.425324,8.907e-28,0.0598,0.075,0,0.75,-0.026433,NaN,NaN,NaN,NaN,NaN,NaN,NaN,NaN,NaN,NaN,NaN,NaN,NaN,NaN,0.08133,0.945,3,4,4,4,3,2,0,0,0,0,0,0,0,0,0,0,0,0,0,0,3,3,32
13216.520729,1.301e-27,0.0598,0.075,0,0.75,-0.026433,NaN,NaN,NaN,NaN,NaN,NaN,NaN,NaN,NaN,NaN,NaN,NaN,NaN,NaN,0.08133,0.945,3,4,4,4,3,2,0,0,0,0,0,0,0,0,0,0,0,0,0,0,3,3,32
13216.701543,1.337e-27,0.0598,0.075,0,0.75,-0.026433,NaN,NaN,NaN,NaN,NaN,NaN,NaN,NaN,NaN,NaN,NaN,NaN,NaN,NaN,0.08133,0.945,3,4,4,4,3,2,0,0,0,0,0,0,0,0,0,0,0,0,0,0,3,3,32
13216.80616,5.322e-28,0.0598,0.075,0,0.75,-0.026434,NaN,NaN,NaN,NaN,NaN,NaN,NaN,NaN,NaN,NaN,NaN,NaN,NaN,NaN,0.08133,0.945,3,4,4,4,3,2,0,0,0,0,0,0,0,0,0,0,0,0,0,0,3,3,32
13216.884583,1.408e-27,0.0598,0.075,0,0.75,-0.026434,NaN,NaN,NaN,NaN,NaN,NaN,NaN,NaN,NaN,NaN,NaN,NaN,NaN,NaN,0.08133,0.945,3,4,4,4,3,2,0,0,0,0,0,0,0,0,0,0,0,0,0,0,3,3,32
13216.954987,7.899e-28,0.0598,0.075,0,0.75,-0.026434,NaN,NaN,NaN,NaN,NaN,NaN,NaN,NaN,NaN,NaN,NaN,NaN,NaN,NaN,0.08133,0.945,3,4,4,4,3,2,0,0,0,0,0,0,0,0,0,0,0,0,0,0,3,3,32
13217.024868,1.498e-27,0.0598,0.075,0,0.75,-0.026434,NaN,NaN,NaN,NaN,NaN,NaN,NaN,NaN,NaN,NaN,NaN,NaN,NaN,NaN,0.08133,0.945,3,4,4,4,3,2,0,0,0,0,0,0,0,0,0,0,0,0,0,0,3,3,32
13217.138811,1.563e-27,0.0598,0.075,0,0.75,-0.026434,NaN,NaN,NaN,NaN,NaN,NaN,NaN,NaN,NaN,NaN,NaN,NaN,NaN,NaN,0.08133,0.945,3,4,4,4,3,2,0,0,0,0,0,0,0,0,0,0,0,0,0,0,3,3,32
13217.240616,8.225e-28,0.0598,0.075,0,0.75,-0.026434,NaN,NaN,NaN,NaN,NaN,NaN,NaN,NaN,NaN,NaN,NaN,NaN,NaN,NaN,0.08133,0.945,3,4,4,4,3,2,0,0,0,0,0,0,0,0,0,0,0,0,0,0,3,3,32
13217.403518,7.913e-28,0.0598,0.075,0,0.75,-0.026435,NaN,NaN,NaN,NaN,NaN,NaN,NaN,NaN,NaN,NaN,NaN,NaN,NaN,NaN,0.08133,0.945,3,4,4,4,3,2,0,0,0,0,0,0,0,0,0,0,0,0,0,0,3,3,32
13217.465707,5.419e-28,0.0598,0.075,0,0.75,-0.026435,NaN,NaN,NaN,NaN,NaN,NaN,NaN,NaN,NaN,NaN,NaN,NaN,NaN,NaN,0.08133,0.945,3,4,4,4,3,2,0,0,0,0,0,0,0,0,0,0,0,0,0,0,3,3,32
13217.541905,7.644e-28,0.0598,0.075,0,0.75,-0.026435,NaN,NaN,NaN,NaN,NaN,NaN,NaN,NaN,NaN,NaN,NaN,NaN,NaN,NaN,0.08133,0.945,3,4,4,4,3,2,0,0,0,0,0,0,0,0,0,0,0,0,0,0,3,3,32
13217.684287,7.152e-28,0.0598,0.075,0,0.75,-0.026435,NaN,NaN,NaN,NaN,NaN,NaN,NaN,NaN,NaN,NaN,NaN,NaN,NaN,NaN,0.08133,0.945,3,4,4,4,3,2,0,0,0,0,0,0,0,0,0,0,0,0,0,0,3,3,32
13218.046978,4.334e-28,0.0598,0.075,0,0.75,-0.026436,NaN,NaN,NaN,NaN,NaN,NaN,NaN,NaN,NaN,NaN,NaN,NaN,NaN,NaN,0.08133,0.945,3,4,4,4,3,2,0,0,0,0,0,0,0,0,0,0,0,0,0,0,3,3,32
13218.154101,5.611e-28,0.0598,0.075,0,0.75,-0.026436,NaN,NaN,NaN,NaN,NaN,NaN,NaN,NaN,NaN,NaN,NaN,NaN,NaN,NaN,0.08133,0.945,3,4,4,4,3,2,0,0,0,0,0,0,0,0,0,0,0,0,0,0,3,3,32
13218.365513,4.026e-28,0.0598,0.075,0,0.75,-0.026437,NaN,NaN,NaN,NaN,NaN,NaN,NaN,NaN,NaN,NaN,NaN,NaN,NaN,NaN,0.08133,0.945,3,4,4,4,3,2,0,0,0,0,0,0,0,0,0,0,0,0,0,0,3,3,32
13218.445443,4.324e-28,0.0598,0.075,0,0.75,-0.026437,NaN,NaN,NaN,NaN,NaN,NaN,NaN,NaN,NaN,NaN,NaN,NaN,NaN,NaN,0.08133,0.945,3,4,4,4,3,2,0,0,0,0,0,0,0,0,0,0,0,0,0,0,3,3,32
13218.52868,1.531e-27,0.0598,0.075,0,0.75,-0.026437,NaN,NaN,NaN,NaN,NaN,NaN,NaN,NaN,NaN,NaN,NaN,NaN,NaN,NaN,0.08133,0.945,3,4,4,4,3,2,0,0,0,0,0,0,0,0,0,0,0,0,0,0,3,3,32
13218.622459,5.549e-28,0.0598,0.075,0,0.75,-0.026437,NaN,NaN,NaN,NaN,NaN,NaN,NaN,NaN,NaN,NaN,NaN,NaN,NaN,NaN,0.08133,0.945,3,4,4,4,3,2,0,0,0,0,0,0,0,0,0,0,0,0,0,0,3,3,32
13218.79841,9.26e-28,0.0598,0.075,0,0.75,-0.026438,NaN,NaN,NaN,NaN,NaN,NaN,NaN,NaN,NaN,NaN,NaN,NaN,NaN,NaN,0.08133,0.945,3,4,4,4,3,2,0,0,0,0,0,0,0,0,0,0,0,0,0,0,3,3,32
13218.895432,8.44e-28,0.0598,0.075,0,0.75,-0.026438,NaN,NaN,NaN,NaN,NaN,NaN,NaN,NaN,NaN,NaN,NaN,NaN,NaN,NaN,0.08133,0.945,3,4,4,4,3,2,0,0,0,0,0,0,0,0,0,0,0,0,0,0,3,3,32
13219.066692,5.294e-28,0.0598,0.075,0,0.75,-0.026438,NaN,NaN,NaN,NaN,NaN,NaN,NaN,NaN,NaN,NaN,NaN,NaN,NaN,NaN,0.08133,0.945,3,4,4,4,3,2,0,0,0,0,0,0,0,0,0,0,0,0,0,0,3,3,32
13219.178311,9.313e-28,0.0598,0.075,0,0.75,-0.026438,NaN,NaN,NaN,NaN,NaN,NaN,NaN,NaN,NaN,NaN,NaN,NaN,NaN,NaN,0.08133,0.945,3,4,4,4,3,2,0,0,0,0,0,0,0,0,0,0,0,0,0,0,3,3,32
13219.24925,4.279e-28,0.0598,0.075,0,0.75,-0.026438,NaN,NaN,NaN,NaN,NaN,NaN,NaN,NaN,NaN,NaN,NaN,NaN,NaN,NaN,0.08133,0.945,3,4,4,4,3,2,0,0,0,0,0,0,0,0,0,0,0,0,0,0,3,3,32
13219.304181,1.24e-27,0.0598,0.075,0,0.75,-0.026439,NaN,NaN,NaN,NaN,NaN,NaN,NaN,NaN,NaN,NaN,NaN,NaN,NaN,NaN,0.08133,0.945,3,4,4,4,3,2,0,0,0,0,0,0,0,0,0,0,0,0,0,0,3,3,32
13219.387234,6.767e-28,0.0598,0.075,0,0.75,-0.026439,NaN,NaN,NaN,NaN,NaN,NaN,NaN,NaN,NaN,NaN,NaN,NaN,NaN,NaN,0.08133,0.945,3,4,4,4,3,2,0,0,0,0,0,0,0,0,0,0,0,0,0,0,3,3,32
13219.554273,5.28e-28,0.0598,0.075,0,0.75,-0.026439,NaN,NaN,NaN,NaN,NaN,NaN,NaN,NaN,NaN,NaN,NaN,NaN,NaN,NaN,0.08133,0.945,3,4,4,4,3,2,0,0,0,0,0,0,0,0,0,0,0,0,0,0,3,3,32
13219.627286,6.493e-28,0.0598,0.075,0,0.75,-0.026439,NaN,NaN,NaN,NaN,NaN,NaN,NaN,NaN,NaN,NaN,NaN,NaN,NaN,NaN,0.08133,0.945,3,4,4,4,3,2,0,0,0,0,0,0,0,0,0,0,0,0,0,0,3,3,32
13219.671741,6.426e-28,0.0598,0.075,0,0.75,-0.026439,NaN,NaN,NaN,NaN,NaN,NaN,NaN,NaN,NaN,NaN,NaN,NaN,NaN,NaN,0.08133,0.945,3,4,4,4,3,2,0,0,0,0,0,0,0,0,0,0,0,0,0,0,3,3,32
13219.756402,6.414e-28,0.0598,0.075,0,0.75,-0.02644,NaN,NaN,NaN,NaN,NaN,NaN,NaN,NaN,NaN,NaN,NaN,NaN,NaN,NaN,0.08133,0.945,3,4,4,4,3,2,0,0,0,0,0,0,0,0,0,0,0,0,0,0,3,3,32
13219.978455,4.289e-28,0.0598,0.075,0,0.75,-0.02644,NaN,NaN,NaN,NaN,NaN,NaN,NaN,NaN,NaN,NaN,NaN,NaN,NaN,NaN,0.08133,0.945,3,4,4,4,3,2,0,0,0,0,0,0,0,0,0,0,0,0,0,0,3,3,32
13220.070853,1.09e-27,0.0598,0.075,0,0.75,-0.02644,NaN,NaN,NaN,NaN,NaN,NaN,NaN,NaN,NaN,NaN,NaN,NaN,NaN,NaN,0.08133,0.945,3,4,4,4,3,2,0,0,0,0,0,0,0,0,0,0,0,0,0,0,3,3,32
13220.185596,9.822e-28,0.0598,0.075,0,0.75,-0.02644,NaN,NaN,NaN,NaN,NaN,NaN,NaN,NaN,NaN,NaN,NaN,NaN,NaN,NaN,0.08133,0.945,3,4,4,4,3,2,0,0,0,0,0,0,0,0,0,0,0,0,0,0,3,3,32
13220.318214,2.084e-27,0.0598,0.075,0,0.75,-0.026441,NaN,NaN,NaN,NaN,NaN,NaN,NaN,NaN,NaN,NaN,NaN,NaN,NaN,NaN,0.08133,0.945,3,4,4,4,3,2,0,0,0,0,0,0,0,0,0,0,0,0,0,0,3,3,32
13220.625003,8.37e-28,0.0598,0.075,0,0.75,-0.026441,NaN,NaN,NaN,NaN,NaN,NaN,NaN,NaN,NaN,NaN,NaN,NaN,NaN,NaN,0.08133,0.945,3,4,4,4,3,2,0,0,0,0,0,0,0,0,0,0,0,0,0,0,3,3,32
13220.717236,5.346e-28,0.0598,0.075,0,0.75,-0.026441,NaN,NaN,NaN,NaN,NaN,NaN,NaN,NaN,NaN,NaN,NaN,NaN,NaN,NaN,0.08133,0.945,3,4,4,4,3,2,0,0,0,0,0,0,0,0,0,0,0,0,0,0,3,3,32
13220.802458,2.031e-27,0.0598,0.075,0,0.75,-0.026442,NaN,NaN,NaN,NaN,NaN,NaN,NaN,NaN,NaN,NaN,NaN,NaN,NaN,NaN,0.08133,0.945,3,4,4,4,3,2,0,0,0,0,0,0,0,0,0,0,0,0,0,0,3,3,32
13220.902095,6.5e-28,0.0598,0.075,0,0.75,-0.026442,NaN,NaN,NaN,NaN,NaN,NaN,NaN,NaN,NaN,NaN,NaN,NaN,NaN,NaN,0.08133,0.945,3,4,4,4,3,2,0,0,0,0,0,0,0,0,0,0,0,0,0,0,3,3,32
13221.099925,8.573e-28,0.0598,0.075,0,0.75,-0.026442,NaN,NaN,NaN,NaN,NaN,NaN,NaN,NaN,NaN,NaN,NaN,NaN,NaN,NaN,0.08133,0.945,3,4,4,4,3,2,0,0,0,0,0,0,0,0,0,0,0,0,0,0,3,3,32
13221.149922,5.656e-28,0.0598,0.075,0,0.75,-0.026442,NaN,NaN,NaN,NaN,NaN,NaN,NaN,NaN,NaN,NaN,NaN,NaN,NaN,NaN,0.08133,0.945,3,4,4,4,3,2,0,0,0,0,0,0,0,0,0,0,0,0,0,0,3,3,32
13221.239591,1.123e-27,0.0598,0.075,0,0.75,-0.026442,NaN,NaN,NaN,NaN,NaN,NaN,NaN,NaN,NaN,NaN,NaN,NaN,NaN,NaN,0.08133,0.945,3,4,4,4,3,2,0,0,0,0,0,0,0,0,0,0,0,0,0,0,3,3,32
13221.339899,1.909e-27,0.0598,0.075,0,0.75,-0.026443,NaN,NaN,NaN,NaN,NaN,NaN,NaN,NaN,NaN,NaN,NaN,NaN,NaN,NaN,0.08133,0.945,3,4,4,4,3,2,0,0,0,0,0,0,0,0,0,0,0,0,0,0,3,3,32
13221.505348,1.124e-27,0.0598,0.075,0,0.75,-0.026443,NaN,NaN,NaN,NaN,NaN,NaN,NaN,NaN,NaN,NaN,NaN,NaN,NaN,NaN,0.08133,0.945,3,4,4,4,3,2,0,0,0,0,0,0,0,0,0,0,0,0,0,0,3,3,32
13221.572642,8.192e-28,0.0598,0.075,0,0.75,-0.026443,NaN,NaN,NaN,NaN,NaN,NaN,NaN,NaN,NaN,NaN,NaN,NaN,NaN,NaN,0.08133,0.945,3,4,4,4,3,2,0,0,0,0,0,0,0,0,0,0,0,0,0,0,3,3,32
13221.607857,1.193e-27,0.0598,0.075,0,0.75,-0.026443,NaN,NaN,NaN,NaN,NaN,NaN,NaN,NaN,NaN,NaN,NaN,NaN,NaN,NaN,0.08133,0.945,3,4,4,4,3,2,0,0,0,0,0,0,0,0,0,0,0,0,0,0,3,3,32
13221.813853,9.358e-28,0.0598,0.075,0,0.75,-0.026444,NaN,NaN,NaN,NaN,NaN,NaN,NaN,NaN,NaN,NaN,NaN,NaN,NaN,NaN,0.08133,0.945,3,4,4,4,3,2,0,0,0,0,0,0,0,0,0,0,0,0,0,0,3,3,32
13221.924457,1.917e-27,0.0598,0.075,0,0.75,-0.026444,NaN,NaN,NaN,NaN,NaN,NaN,NaN,NaN,NaN,NaN,NaN,NaN,NaN,NaN,0.08133,0.945,3,4,4,4,3,2,0,0,0,0,0,0,0,0,0,0,0,0,0,0,3,3,32
13222.001718,4.064e-28,0.0598,0.075,0,0.75,-0.026444,NaN,NaN,NaN,NaN,NaN,NaN,NaN,NaN,NaN,NaN,NaN,NaN,NaN,NaN,0.08133,0.945,3,4,4,4,3,2,0,0,0,0,0,0,0,0,0,0,0,0,0,0,3,3,32
13222.203262,1.263e-27,0.0598,0.075,0,0.75,-0.026444,NaN,NaN,NaN,NaN,NaN,NaN,NaN,NaN,NaN,NaN,NaN,NaN,NaN,NaN,0.08133,0.945,3,4,4,4,3,2,0,0,0,0,0,0,0,0,0,0,0,0,0,0,3,3,32
13222.306926,7.913e-28,0.0598,0.075,0,0.75,-0.026445,NaN,NaN,NaN,NaN,NaN,NaN,NaN,NaN,NaN,NaN,NaN,NaN,NaN,NaN,0.08133,0.945,3,4,4,4,3,2,0,0,0,0,0,0,0,0,0,0,0,0,0,0,3,3,32
13222.399648,1.898e-27,0.0598,0.075,0,0.75,-0.026445,NaN,NaN,NaN,NaN,NaN,NaN,NaN,NaN,NaN,NaN,NaN,NaN,NaN,NaN,0.08133,0.945,3,4,4,4,3,2,0,0,0,0,0,0,0,0,0,0,0,0,0,0,3,3,32
13222.524148,4.364e-28,0.0598,0.075,0,0.75,-0.026445,NaN,NaN,NaN,NaN,NaN,NaN,NaN,NaN,NaN,NaN,NaN,NaN,NaN,NaN,0.08133,0.945,3,4,4,4,3,2,0,0,0,0,0,0,0,0,0,0,0,0,0,0,3,3,32
13222.828893,7.521e-28,0.0598,0.075,0,0.75,-0.026446,NaN,NaN,NaN,NaN,NaN,NaN,NaN,NaN,NaN,NaN,NaN,NaN,NaN,NaN,0.08133,0.945,3,4,4,4,3,2,0,0,0,0,0,0,0,0,0,0,0,0,0,0,3,3,32
13222.878177,8.532e-28,0.0598,0.075,0,0.75,-0.026446,NaN,NaN,NaN,NaN,NaN,NaN,NaN,NaN,NaN,NaN,NaN,NaN,NaN,NaN,0.08133,0.945,3,4,4,4,3,2,0,0,0,0,0,0,0,0,0,0,0,0,0,0,3,3,32
13222.918425,4.286e-28,0.0598,0.075,0,0.75,-0.026446,NaN,NaN,NaN,NaN,NaN,NaN,NaN,NaN,NaN,NaN,NaN,NaN,NaN,NaN,0.08133,0.945,3,4,4,4,3,2,0,0,0,0,0,0,0,0,0,0,0,0,0,0,3,3,32
13223.230986,4.351e-28,0.0598,0.075,0,0.75,-0.026446,NaN,NaN,NaN,NaN,NaN,NaN,NaN,NaN,NaN,NaN,NaN,NaN,NaN,NaN,0.08133,0.945,3,4,4,4,3,2,0,0,0,0,0,0,0,0,0,0,0,0,0,0,3,3,32
13223.327069,8.093e-28,0.0598,0.075,0,0.75,-0.026447,NaN,NaN,NaN,NaN,NaN,NaN,NaN,NaN,NaN,NaN,NaN,NaN,NaN,NaN,0.08133,0.945,3,4,4,4,3,2,0,0,0,0,0,0,0,0,0,0,0,0,0,0,3,3,32
13223.538345,5.138e-28,0.0598,0.075,0,0.75,-0.026447,NaN,NaN,NaN,NaN,NaN,NaN,NaN,NaN,NaN,NaN,NaN,NaN,NaN,NaN,0.08133,0.945,3,4,4,4,3,2,0,0,0,0,0,0,0,0,0,0,0,0,0,0,3,3,32
13223.657768,9.8e-28,0.0598,0.075,0,0.75,-0.026447,NaN,NaN,NaN,NaN,NaN,NaN,NaN,NaN,NaN,NaN,NaN,NaN,NaN,NaN,0.08133,0.945,3,4,4,4,3,2,0,0,0,0,0,0,0,0,0,0,0,0,0,0,3,3,32
13223.741996,1.108e-27,0.0598,0.075,0,0.75,-0.026447,NaN,NaN,NaN,NaN,NaN,NaN,NaN,NaN,NaN,NaN,NaN,NaN,NaN,NaN,0.08133,0.945,3,4,4,4,3,2,0,0,0,0,0,0,0,0,0,0,0,0,0,0,3,3,32
13223.817173,5.222e-28,0.0598,0.075,0,0.75,-0.026448,NaN,NaN,NaN,NaN,NaN,NaN,NaN,NaN,NaN,NaN,NaN,NaN,NaN,NaN,0.08133,0.945,3,4,4,4,3,2,0,0,0,0,0,0,0,0,0,0,0,0,0,0,3,3,32
13223.999127,6.817e-28,0.0598,0.075,0,0.75,-0.026448,NaN,NaN,NaN,NaN,NaN,NaN,NaN,NaN,NaN,NaN,NaN,NaN,NaN,NaN,0.08133,0.945,3,4,4,4,3,2,0,0,0,0,0,0,0,0,0,0,0,0,0,0,3,3,32
13224.187986,3.108e-27,0.0598,0.075,0,0.75,-0.026448,NaN,NaN,NaN,NaN,NaN,NaN,NaN,NaN,NaN,NaN,NaN,NaN,NaN,NaN,0.08133,0.945,3,4,4,4,3,2,0,0,0,0,0,0,0,0,0,0,0,0,0,0,3,3,32
13224.396046,1.628e-27,0.0598,0.075,0,0.75,-0.026449,NaN,NaN,NaN,NaN,NaN,NaN,NaN,NaN,NaN,NaN,NaN,NaN,NaN,NaN,0.08133,0.945,3,4,4,4,3,2,0,0,0,0,0,0,0,0,0,0,0,0,0,0,3,3,32
13224.461386,4.743e-28,0.0598,0.075,0,0.75,-0.026449,NaN,NaN,NaN,NaN,NaN,NaN,NaN,NaN,NaN,NaN,NaN,NaN,NaN,NaN,0.08133,0.945,3,4,4,4,3,2,0,0,0,0,0,0,0,0,0,0,0,0,0,0,3,3,32
13224.510333,6.246e-28,0.0598,0.075,0,0.75,-0.026449,NaN,NaN,NaN,NaN,NaN,NaN,NaN,NaN,NaN,NaN,NaN,NaN,NaN,NaN,0.08133,0.945,3,4,4,4,3,2,0,0,0,0,0,0,0,0,0,0,0,0,0,0,3,3,32
13224.582396,8.424e-28,0.0598,0.075,0,0.75,-0.026449,NaN,NaN,NaN,NaN,NaN,NaN,NaN,NaN,NaN,NaN,NaN,NaN,NaN,NaN,0.08133,0.945,3,4,4,4,3,2,0,0,0,0,0,0,0,0,0,0,0,0,0,0,3,3,32
13225.035321,6.19e-28,0.0598,0.075,0,0.75,-0.02645,NaN,NaN,NaN,NaN,NaN,NaN,NaN,NaN,NaN,NaN,NaN,NaN,NaN,NaN,0.08133,0.945,3,4,4,4,3,2,0,0,0,0,0,0,0,0,0,0,0,0,0,0,3,3,32
13225.128607,1.355e-27,0.0598,0.075,0,0.75,-0.02645,NaN,NaN,NaN,NaN,NaN,NaN,NaN,NaN,NaN,NaN,NaN,NaN,NaN,NaN,0.08133,0.945,3,4,4,4,3,2,0,0,0,0,0,0,0,0,0,0,0,0,0,0,3,3,32
13225.248822,4.242e-28,0.0598,0.075,0,0.75,-0.02645,NaN,NaN,NaN,NaN,NaN,NaN,NaN,NaN,NaN,NaN,NaN,NaN,NaN,NaN,0.08133,0.945,3,4,4,4,3,2,0,0,0,0,0,0,0,0,0,0,0,0,0,0,3,3,32
13225.340218,4.828e-28,0.0598,0.075,0,0.75,-0.026451,NaN,NaN,NaN,NaN,NaN,NaN,NaN,NaN,NaN,NaN,NaN,NaN,NaN,NaN,0.08133,0.945,3,4,4,4,3,2,0,0,0,0,0,0,0,0,0,0,0,0,0,0,3,3,32
13225.646465,1.321e-27,0.0598,0.075,0,0.75,-0.026451,NaN,NaN,NaN,NaN,NaN,NaN,NaN,NaN,NaN,NaN,NaN,NaN,NaN,NaN,0.08133,0.945,3,4,4,4,3,2,0,0,0,0,0,0,0,0,0,0,0,0,0,0,3,3,32
13225.710727,5.869e-28,0.0598,0.075,0,0.75,-0.026451,NaN,NaN,NaN,NaN,NaN,NaN,NaN,NaN,NaN,NaN,NaN,NaN,NaN,NaN,0.08133,0.945,3,4,4,4,3,2,0,0,0,0,0,0,0,0,0,0,0,0,0,0,3,3,32
13225.928149,5.674e-28,0.0598,0.075,0,0.75,-0.026452,NaN,NaN,NaN,NaN,NaN,NaN,NaN,NaN,NaN,NaN,NaN,NaN,NaN,NaN,0.08133,0.945,3,4,4,4,3,2,0,0,0,0,0,0,0,0,0,0,0,0,0,0,3,3,32
13225.979692,4.648e-28,0.0598,0.075,0,0.75,-0.026452,NaN,NaN,NaN,NaN,NaN,NaN,NaN,NaN,NaN,NaN,NaN,NaN,NaN,NaN,0.08133,0.945,3,4,4,4,3,2,0,0,0,0,0,0,0,0,0,0,0,0,0,0,3,3,32
13226.066957,5.525e-28,0.0598,0.075,0,0.75,-0.026452,NaN,NaN,NaN,NaN,NaN,NaN,NaN,NaN,NaN,NaN,NaN,NaN,NaN,NaN,0.08133,0.945,3,4,4,4,3,2,0,0,0,0,0,0,0,0,0,0,0,0,0,0,3,3,32
13226.286052,6.553e-28,0.0598,0.075,0,0.75,-0.026453,NaN,NaN,NaN,NaN,NaN,NaN,NaN,NaN,NaN,NaN,NaN,NaN,NaN,NaN,0.08133,0.945,3,4,4,4,3,2,0,0,0,0,0,0,0,0,0,0,0,0,0,0,3,3,32
13226.440645,1.22e-27,0.0598,0.075,0,0.75,-0.026453,NaN,NaN,NaN,NaN,NaN,NaN,NaN,NaN,NaN,NaN,NaN,NaN,NaN,NaN,0.08133,0.945,3,4,4,4,3,2,0,0,0,0,0,0,0,0,0,0,0,0,0,0,3,3,32
13226.518281,1.211e-27,0.0598,0.075,0,0.75,-0.026453,NaN,NaN,NaN,NaN,NaN,NaN,NaN,NaN,NaN,NaN,NaN,NaN,NaN,NaN,0.08133,0.945,3,4,4,4,3,2,0,0,0,0,0,0,0,0,0,0,0,0,0,0,3,3,32
13226.670388,5.348e-28,0.0598,0.075,0,0.75,-0.026453,NaN,NaN,NaN,NaN,NaN,NaN,NaN,NaN,NaN,NaN,NaN,NaN,NaN,NaN,0.08133,0.945,3,4,4,4,3,2,0,0,0,0,0,0,0,0,0,0,0,0,0,0,3,3,32
13226.80596,1.159e-27,0.0598,0.075,0,0.75,-0.026454,NaN,NaN,NaN,NaN,NaN,NaN,NaN,NaN,NaN,NaN,NaN,NaN,NaN,NaN,0.08133,0.945,3,4,4,4,3,2,0,0,0,0,0,0,0,0,0,0,0,0,0,0,3,3,32
13226.860878,7.424e-28,0.0598,0.075,0,0.75,-0.026454,NaN,NaN,NaN,NaN,NaN,NaN,NaN,NaN,NaN,NaN,NaN,NaN,NaN,NaN,0.08133,0.945,3,4,4,4,3,2,0,0,0,0,0,0,0,0,0,0,0,0,0,0,3,3,32
13227.030083,4.325e-28,0.0598,0.075,0,0.75,-0.026454,NaN,NaN,NaN,NaN,NaN,NaN,NaN,NaN,NaN,NaN,NaN,NaN,NaN,NaN,0.08133,0.945,3,4,4,4,3,2,0,0,0,0,0,0,0,0,0,0,0,0,0,0,3,3,32
13227.144717,9.373e-28,0.0598,0.075,0,0.75,-0.026454,NaN,NaN,NaN,NaN,NaN,NaN,NaN,NaN,NaN,NaN,NaN,NaN,NaN,NaN,0.08133,0.945,3,4,4,4,3,2,0,0,0,0,0,0,0,0,0,0,0,0,0,0,3,3,32
13227.362791,9.488e-28,0.0598,0.075,0,0.75,-0.026455,NaN,NaN,NaN,NaN,NaN,NaN,NaN,NaN,NaN,NaN,NaN,NaN,NaN,NaN,0.08133,0.945,3,4,4,4,3,2,0,0,0,0,0,0,0,0,0,0,0,0,0,0,3,3,32
13227.44697,1.3e-27,0.0598,0.075,0,0.75,-0.026455,NaN,NaN,NaN,NaN,NaN,NaN,NaN,NaN,NaN,NaN,NaN,NaN,NaN,NaN,0.08133,0.945,3,4,4,4,3,2,0,0,0,0,0,0,0,0,0,0,0,0,0,0,3,3,32
13227.527159,8.244e-28,0.0598,0.075,0,0.75,-0.026455,NaN,NaN,NaN,NaN,NaN,NaN,NaN,NaN,NaN,NaN,NaN,NaN,NaN,NaN,0.08133,0.945,3,4,4,4,3,2,0,0,0,0,0,0,0,0,0,0,0,0,0,0,3,3,32
13227.674921,1.95e-27,0.0598,0.075,0,0.75,-0.026455,NaN,NaN,NaN,NaN,NaN,NaN,NaN,NaN,NaN,NaN,NaN,NaN,NaN,NaN,0.08133,0.945,3,4,4,4,3,2,0,0,0,0,0,0,0,0,0,0,0,0,0,0,3,3,32
13227.917102,6.368e-28,0.0598,0.075,0,0.75,-0.026456,NaN,NaN,NaN,NaN,NaN,NaN,NaN,NaN,NaN,NaN,NaN,NaN,NaN,NaN,0.08133,0.945,3,4,4,4,3,2,0,0,0,0,0,0,0,0,0,0,0,0,0,0,3,3,32
13228.01942,4.794e-28,0.0598,0.075,0,0.75,-0.026456,NaN,NaN,NaN,NaN,NaN,NaN,NaN,NaN,NaN,NaN,NaN,NaN,NaN,NaN,0.08133,0.945,3,4,4,4,3,2,0,0,0,0,0,0,0,0,0,0,0,0,0,0,3,3,32
13228.306257,5.361e-28,0.0598,0.075,0,0.75,-0.026457,NaN,NaN,NaN,NaN,NaN,NaN,NaN,NaN,NaN,NaN,NaN,NaN,NaN,NaN,0.08133,0.945,3,4,4,4,3,2,0,0,0,0,0,0,0,0,0,0,0,0,0,0,3,3,32
13228.337725,4.78e-28,0.0598,0.075,0,0.75,-0.026457,NaN,NaN,NaN,NaN,NaN,NaN,NaN,NaN,NaN,NaN,NaN,NaN,NaN,NaN,0.08133,0.945,3,4,4,4,3,2,0,0,0,0,0,0,0,0,0,0,0,0,0,0,3,3,32
13228.597186,1.567e-27,0.0598,0.075,0,0.75,-0.026457,NaN,NaN,NaN,NaN,NaN,NaN,NaN,NaN,NaN,NaN,NaN,NaN,NaN,NaN,0.08133,0.945,3,4,4,4,3,2,0,0,0,0,0,0,0,0,0,0,0,0,0,0,3,3,32
13228.773521,1.242e-27,0.0598,0.075,0,0.75,-0.026458,NaN,NaN,NaN,NaN,NaN,NaN,NaN,NaN,NaN,NaN,NaN,NaN,NaN,NaN,0.08133,0.945,3,4,4,4,3,2,0,0,0,0,0,0,0,0,0,0,0,0,0,0,3,3,32
13229.059536,2.348e-27,0.0598,0.075,0,0.75,-0.026458,NaN,NaN,NaN,NaN,NaN,NaN,NaN,NaN,NaN,NaN,NaN,NaN,NaN,NaN,0.08133,0.945,3,4,4,4,3,2,0,0,0,0,0,0,0,0,0,0,0,0,0,0,3,3,32
13229.219151,1.671e-27,0.0598,0.075,0,0.75,-0.026458,NaN,NaN,NaN,NaN,NaN,NaN,NaN,NaN,NaN,NaN,NaN,NaN,NaN,NaN,0.08133,0.945,3,4,4,4,3,2,0,0,0,0,0,0,0,0,0,0,0,0,0,0,3,3,32
13229.296132,7.878e-28,0.0598,0.075,0,0.75,-0.026459,NaN,NaN,NaN,NaN,NaN,NaN,NaN,NaN,NaN,NaN,NaN,NaN,NaN,NaN,0.08133,0.945,3,4,4,4,3,2,0,0,0,0,0,0,0,0,0,0,0,0,0,0,3,3,32
13229.478813,1.072e-27,0.0598,0.075,0,0.75,-0.026459,NaN,NaN,NaN,NaN,NaN,NaN,NaN,NaN,NaN,NaN,NaN,NaN,NaN,NaN,0.08133,0.945,3,4,4,4,3,2,0,0,0,0,0,0,0,0,0,0,0,0,0,0,3,3,32
13229.530327,4.198e-28,0.0598,0.075,0,0.75,-0.026459,NaN,NaN,NaN,NaN,NaN,NaN,NaN,NaN,NaN,NaN,NaN,NaN,NaN,NaN,0.08133,0.945,3,4,4,4,3,2,0,0,0,0,0,0,0,0,0,0,0,0,0,0,3,3,32
13229.642808,5.726e-28,0.0598,0.075,0,0.75,-0.026459,NaN,NaN,NaN,NaN,NaN,NaN,NaN,NaN,NaN,NaN,NaN,NaN,NaN,NaN,0.08133,0.945,3,4,4,4,3,2,0,0,0,0,0,0,0,0,0,0,0,0,0,0,3,3,32
13229.783886,1.099e-27,0.0598,0.075,0,0.75,-0.02646,NaN,NaN,NaN,NaN,NaN,NaN,NaN,NaN,NaN,NaN,NaN,NaN,NaN,NaN,0.08133,0.945,3,4,4,4,3,2,0,0,0,0,0,0,0,0,0,0,0,0,0,0,3,3,32
13229.885858,3.7e-27,0.0598,0.075,0,0.75,-0.02646,NaN,NaN,NaN,NaN,NaN,NaN,NaN,NaN,NaN,NaN,NaN,NaN,NaN,NaN,0.08133,0.945,3,4,4,4,3,2,0,0,0,0,0,0,0,0,0,0,0,0,0,0,3,3,32
13229.951599,4.627e-28,0.0598,0.075,0,0.75,-0.02646,NaN,NaN,NaN,NaN,NaN,NaN,NaN,NaN,NaN,NaN,NaN,NaN,NaN,NaN,0.08133,0.945,3,4,4,4,3,2,0,0,0,0,0,0,0,0,0,0,0,0,0,0,3,3,32
13230.046925,1.199e-27,0.0598,0.075,0,0.75,-0.02646,NaN,NaN,NaN,NaN,NaN,NaN,NaN,NaN,NaN,NaN,NaN,NaN,NaN,NaN,0.08133,0.945,3,4,4,4,3,2,0,0,0,0,0,0,0,0,0,0,0,0,0,0,3,3,32
13230.184968,1.023e-27,0.0598,0.075,0,0.75,-0.02646,NaN,NaN,NaN,NaN,NaN,NaN,NaN,NaN,NaN,NaN,NaN,NaN,NaN,NaN,0.08133,0.945,3,4,4,4,3,2,0,0,0,0,0,0,0,0,0,0,0,0,0,0,3,3,32
13230.276013,6.131e-28,0.0598,0.075,0,0.75,-0.026461,NaN,NaN,NaN,NaN,NaN,NaN,NaN,NaN,NaN,NaN,NaN,NaN,NaN,NaN,0.08133,0.945,3,4,4,4,3,2,0,0,0,0,0,0,0,0,0,0,0,0,0,0,3,3,32
13230.559597,2.075e-27,0.0598,0.075,0,0.75,-0.026461,NaN,NaN,NaN,NaN,NaN,NaN,NaN,NaN,NaN,NaN,NaN,NaN,NaN,NaN,0.08133,0.945,3,4,4,4,3,2,0,0,0,0,0,0,0,0,0,0,0,0,0,0,3,3,32
13230.65184,1.416e-27,0.0598,0.075,0,0.75,-0.026461,NaN,NaN,NaN,NaN,NaN,NaN,NaN,NaN,NaN,NaN,NaN,NaN,NaN,NaN,0.08133,0.945,3,4,4,4,3,2,0,0,0,0,0,0,0,0,0,0,0,0,0,0,3,3,32
13230.7218,8.637e-28,0.0598,0.075,0,0.75,-0.026461,NaN,NaN,NaN,NaN,NaN,NaN,NaN,NaN,NaN,NaN,NaN,NaN,NaN,NaN,0.08133,0.945,3,4,4,4,3,2,0,0,0,0,0,0,0,0,0,0,0,0,0,0,3,3,32
13230.945395,6.992e-28,0.0598,0.075,0,0.75,-0.026462,NaN,NaN,NaN,NaN,NaN,NaN,NaN,NaN,NaN,NaN,NaN,NaN,NaN,NaN,0.08133,0.945,3,4,4,4,3,2,0,0,0,0,0,0,0,0,0,0,0,0,0,0,3,3,32
13231.049471,9.49e-28,0.0598,0.075,0,0.75,-0.026462,NaN,NaN,NaN,NaN,NaN,NaN,NaN,NaN,NaN,NaN,NaN,NaN,NaN,NaN,0.08133,0.945,3,4,4,4,3,2,0,0,0,0,0,0,0,0,0,0,0,0,0,0,3,3,32
13231.135017,7.312e-28,0.0598,0.075,0,0.75,-0.026462,NaN,NaN,NaN,NaN,NaN,NaN,NaN,NaN,NaN,NaN,NaN,NaN,NaN,NaN,0.08133,0.945,3,4,4,4,3,2,0,0,0,0,0,0,0,0,0,0,0,0,0,0,3,3,32
13231.199444,6.288e-28,0.0598,0.075,0,0.75,-0.026462,NaN,NaN,NaN,NaN,NaN,NaN,NaN,NaN,NaN,NaN,NaN,NaN,NaN,NaN,0.08133,0.945,3,4,4,4,3,2,0,0,0,0,0,0,0,0,0,0,0,0,0,0,3,3,32
13231.361799,4.735e-28,0.0598,0.075,0,0.75,-0.026463,NaN,NaN,NaN,NaN,NaN,NaN,NaN,NaN,NaN,NaN,NaN,NaN,NaN,NaN,0.08133,0.945,3,4,4,4,3,2,0,0,0,0,0,0,0,0,0,0,0,0,0,0,3,3,32
13231.48839,7.631e-28,0.0598,0.075,0,0.75,-0.026463,NaN,NaN,NaN,NaN,NaN,NaN,NaN,NaN,NaN,NaN,NaN,NaN,NaN,NaN,0.08133,0.945,3,4,4,4,3,2,0,0,0,0,0,0,0,0,0,0,0,0,0,0,3,3,32
13231.673214,2.558e-27,0.0598,0.075,0,0.75,-0.026463,NaN,NaN,NaN,NaN,NaN,NaN,NaN,NaN,NaN,NaN,NaN,NaN,NaN,NaN,0.08133,0.945,3,4,4,4,3,2,0,0,0,0,0,0,0,0,0,0,0,0,0,0,3,3,32
13232.138674,1.331e-27,0.0598,0.075,0,0.75,-0.026464,NaN,NaN,NaN,NaN,NaN,NaN,NaN,NaN,NaN,NaN,NaN,NaN,NaN,NaN,0.08133,0.945,3,4,4,4,3,2,0,0,0,0,0,0,0,0,0,0,0,0,0,0,3,3,32
13232.173105,1.212e-27,0.0598,0.075,0,0.75,-0.026464,NaN,NaN,NaN,NaN,NaN,NaN,NaN,NaN,NaN,NaN,NaN,NaN,NaN,NaN,0.08133,0.945,3,4,4,4,3,2,0,0,0,0,0,0,0,0,0,0,0,0,0,0,3,3,32
13232.259742,7.2e-28,0.0598,0.075,0,0.75,-0.026465,NaN,NaN,NaN,NaN,NaN,NaN,NaN,NaN,NaN,NaN,NaN,NaN,NaN,NaN,0.08133,0.945,3,4,4,4,3,2,0,0,0,0,0,0,0,0,0,0,0,0,0,0,3,3,32
13232.303247,5.785e-28,0.0598,0.075,0,0.75,-0.026465,NaN,NaN,NaN,NaN,NaN,NaN,NaN,NaN,NaN,NaN,NaN,NaN,NaN,NaN,0.08133,0.945,3,4,4,4,3,2,0,0,0,0,0,0,0,0,0,0,0,0,0,0,3,3,32
13232.492796,4.306e-28,0.0598,0.075,0,0.75,-0.026465,NaN,NaN,NaN,NaN,NaN,NaN,NaN,NaN,NaN,NaN,NaN,NaN,NaN,NaN,0.08133,0.945,3,4,4,4,3,2,0,0,0,0,0,0,0,0,0,0,0,0,0,0,3,3,32
13232.625775,4.179e-28,0.0598,0.075,0,0.75,-0.026465,NaN,NaN,NaN,NaN,NaN,NaN,NaN,NaN,NaN,NaN,NaN,NaN,NaN,NaN,0.08133,0.945,3,4,4,4,3,2,0,0,0,0,0,0,0,0,0,0,0,0,0,0,3,3,32
13232.78266,8.089e-28,0.0598,0.075,0,0.75,-0.026466,NaN,NaN,NaN,NaN,NaN,NaN,NaN,NaN,NaN,NaN,NaN,NaN,NaN,NaN,0.08133,0.945,3,4,4,4,3,2,0,0,0,0,0,0,0,0,0,0,0,0,0,0,3,3,32
13232.833296,9.817e-28,0.0598,0.075,0,0.75,-0.026466,NaN,NaN,NaN,NaN,NaN,NaN,NaN,NaN,NaN,NaN,NaN,NaN,NaN,NaN,0.08133,0.945,3,4,4,4,3,2,0,0,0,0,0,0,0,0,0,0,0,0,0,0,3,3,32
13233.054321,1.64e-27,0.0598,0.075,0,0.75,-0.026466,NaN,NaN,NaN,NaN,NaN,NaN,NaN,NaN,NaN,NaN,NaN,NaN,NaN,NaN,0.08133,0.945,3,4,4,4,3,2,0,0,0,0,0,0,0,0,0,0,0,0,0,0,3,3,32
13233.331848,4.321e-28,0.0598,0.075,0,0.75,-0.026467,NaN,NaN,NaN,NaN,NaN,NaN,NaN,NaN,NaN,NaN,NaN,NaN,NaN,NaN,0.08133,0.945,3,4,4,4,3,2,0,0,0,0,0,0,0,0,0,0,0,0,0,0,3,3,32
13233.430014,6.017e-28,0.0598,0.075,0,0.75,-0.026467,NaN,NaN,NaN,NaN,NaN,NaN,NaN,NaN,NaN,NaN,NaN,NaN,NaN,NaN,0.08133,0.945,3,4,4,4,3,2,0,0,0,0,0,0,0,0,0,0,0,0,0,0,3,3,32
13233.535784,1.329e-27,0.0598,0.075,0,0.75,-0.026467,NaN,NaN,NaN,NaN,NaN,NaN,NaN,NaN,NaN,NaN,NaN,NaN,NaN,NaN,0.08133,0.945,3,4,4,4,3,2,0,0,0,0,0,0,0,0,0,0,0,0,0,0,3,3,32
13233.83592,1.228e-27,0.0598,0.075,0,0.75,-0.026468,NaN,NaN,NaN,NaN,NaN,NaN,NaN,NaN,NaN,NaN,NaN,NaN,NaN,NaN,0.08133,0.945,3,4,4,4,3,2,0,0,0,0,0,0,0,0,0,0,0,0,0,0,3,3,32
13233.957985,4.657e-28,0.0598,0.075,0,0.75,-0.026468,NaN,NaN,NaN,NaN,NaN,NaN,NaN,NaN,NaN,NaN,NaN,NaN,NaN,NaN,0.08133,0.945,3,4,4,4,3,2,0,0,0,0,0,0,0,0,0,0,0,0,0,0,3,3,32
13234.042987,1.024e-27,0.0598,0.075,0,0.75,-0.026468,NaN,NaN,NaN,NaN,NaN,NaN,NaN,NaN,NaN,NaN,NaN,NaN,NaN,NaN,0.08133,0.945,3,4,4,4,3,2,0,0,0,0,0,0,0,0,0,0,0,0,0,0,3,3,32
13234.123913,5.754e-28,0.0598,0.075,0,0.75,-0.026468,NaN,NaN,NaN,NaN,NaN,NaN,NaN,NaN,NaN,NaN,NaN,NaN,NaN,NaN,0.08133,0.945,3,4,4,4,3,2,0,0,0,0,0,0,0,0,0,0,0,0,0,0,3,3,32
13234.223146,6.2e-28,0.0598,0.075,0,0.75,-0.026468,NaN,NaN,NaN,NaN,NaN,NaN,NaN,NaN,NaN,NaN,NaN,NaN,NaN,NaN,0.08133,0.945,3,4,4,4,3,2,0,0,0,0,0,0,0,0,0,0,0,0,0,0,3,3,32
13234.296743,5.741e-28,0.0598,0.075,0,0.75,-0.026469,NaN,NaN,NaN,NaN,NaN,NaN,NaN,NaN,NaN,NaN,NaN,NaN,NaN,NaN,0.08133,0.945,3,4,4,4,3,2,0,0,0,0,0,0,0,0,0,0,0,0,0,0,3,3,32
13234.362567,7.455e-28,0.0598,0.075,0,0.75,-0.026469,NaN,NaN,NaN,NaN,NaN,NaN,NaN,NaN,NaN,NaN,NaN,NaN,NaN,NaN,0.08133,0.945,3,4,4,4,3,2,0,0,0,0,0,0,0,0,0,0,0,0,0,0,3,3,32
13234.67457,5.511e-28,0.0598,0.075,0,0.75,-0.026469,NaN,NaN,NaN,NaN,NaN,NaN,NaN,NaN,NaN,NaN,NaN,NaN,NaN,NaN,0.08133,0.945,3,4,4,4,3,2,0,0,0,0,0,0,0,0,0,0,0,0,0,0,3,3,32
13234.744945,1.635e-27,0.0598,0.075,0,0.75,-0.026469,NaN,NaN,NaN,NaN,NaN,NaN,NaN,NaN,NaN,NaN,NaN,NaN,NaN,NaN,0.08133,0.945,3,4,4,4,3,2,0,0,0,0,0,0,0,0,0,0,0,0,0,0,3,3,32
13234.920281,1.537e-27,0.0598,0.075,0,0.75,-0.02647,NaN,NaN,NaN,NaN,NaN,NaN,NaN,NaN,NaN,NaN,NaN,NaN,NaN,NaN,0.08133,0.945,3,4,4,4,3,2,0,0,0,0,0,0,0,0,0,0,0,0,0,0,3,3,32
13235.134335,8.218e-28,0.0598,0.075,0,0.75,-0.02647,NaN,NaN,NaN,NaN,NaN,NaN,NaN,NaN,NaN,NaN,NaN,NaN,NaN,NaN,0.08133,0.945,3,4,4,4,3,2,0,0,0,0,0,0,0,0,0,0,0,0,0,0,3,3,32
13235.272461,7.689e-28,0.0598,0.075,0,0.75,-0.026471,NaN,NaN,NaN,NaN,NaN,NaN,NaN,NaN,NaN,NaN,NaN,NaN,NaN,NaN,0.08133,0.945,3,4,4,4,3,2,0,0,0,0,0,0,0,0,0,0,0,0,0,0,3,3,32
13235.325514,6.537e-28,0.0598,0.075,0,0.75,-0.026471,NaN,NaN,NaN,NaN,NaN,NaN,NaN,NaN,NaN,NaN,NaN,NaN,NaN,NaN,0.08133,0.945,3,4,4,4,3,2,0,0,0,0,0,0,0,0,0,0,0,0,0,0,3,3,32
13235.459666,7.218e-28,0.0598,0.075,0,0.75,-0.026471,NaN,NaN,NaN,NaN,NaN,NaN,NaN,NaN,NaN,NaN,NaN,NaN,NaN,NaN,0.08133,0.945,3,4,4,4,3,2,0,0,0,0,0,0,0,0,0,0,0,0,0,0,3,3,32
13235.585385,6.104e-28,0.0598,0.075,0,0.75,-0.026471,NaN,NaN,NaN,NaN,NaN,NaN,NaN,NaN,NaN,NaN,NaN,NaN,NaN,NaN,0.08133,0.945,3,4,4,4,3,2,0,0,0,0,0,0,0,0,0,0,0,0,0,0,3,3,32
13235.740109,1.022e-27,0.0598,0.075,0,0.75,-0.026471,NaN,NaN,NaN,NaN,NaN,NaN,NaN,NaN,NaN,NaN,NaN,NaN,NaN,NaN,0.08133,0.945,3,4,4,4,3,2,0,0,0,0,0,0,0,0,0,0,0,0,0,0,3,3,32
13235.930504,1.647e-27,0.0598,0.075,0,0.75,-0.026472,NaN,NaN,NaN,NaN,NaN,NaN,NaN,NaN,NaN,NaN,NaN,NaN,NaN,NaN,0.08133,0.945,3,4,4,4,3,2,0,0,0,0,0,0,0,0,0,0,0,0,0,0,3,3,32
13236.042108,2.936e-27,0.0598,0.075,0,0.75,-0.026472,NaN,NaN,NaN,NaN,NaN,NaN,NaN,NaN,NaN,NaN,NaN,NaN,NaN,NaN,0.08133,0.945,3,4,4,4,3,2,0,0,0,0,0,0,0,0,0,0,0,0,0,0,3,3,32
13236.226749,5.964e-28,0.0598,0.075,0,0.75,-0.026472,NaN,NaN,NaN,NaN,NaN,NaN,NaN,NaN,NaN,NaN,NaN,NaN,NaN,NaN,0.08133,0.945,3,4,4,4,3,2,0,0,0,0,0,0,0,0,0,0,0,0,0,0,3,3,32
13236.329652,1.561e-27,0.0598,0.075,0,0.75,-0.026473,NaN,NaN,NaN,NaN,NaN,NaN,NaN,NaN,NaN,NaN,NaN,NaN,NaN,NaN,0.08133,0.945,3,4,4,4,3,2,0,0,0,0,0,0,0,0,0,0,0,0,0,0,3,3,32
13236.584182,2.224e-27,0.0598,0.075,0,0.75,-0.026473,NaN,NaN,NaN,NaN,NaN,NaN,NaN,NaN,NaN,NaN,NaN,NaN,NaN,NaN,0.08133,0.945,3,4,4,4,3,2,0,0,0,0,0,0,0,0,0,0,0,0,0,0,3,3,32
13236.815983,4.801e-28,0.0598,0.075,0,0.75,-0.026474,NaN,NaN,NaN,NaN,NaN,NaN,NaN,NaN,NaN,NaN,NaN,NaN,NaN,NaN,0.08133,0.945,3,4,4,4,3,2,0,0,0,0,0,0,0,0,0,0,0,0,0,0,3,3,32
13236.906014,6.866e-28,0.0598,0.075,0,0.75,-0.026474,NaN,NaN,NaN,NaN,NaN,NaN,NaN,NaN,NaN,NaN,NaN,NaN,NaN,NaN,0.08133,0.945,3,4,4,4,3,2,0,0,0,0,0,0,0,0,0,0,0,0,0,0,3,3,32
13237.044141,4.946e-28,0.0598,0.075,0,0.75,-0.026474,NaN,NaN,NaN,NaN,NaN,NaN,NaN,NaN,NaN,NaN,NaN,NaN,NaN,NaN,0.08133,0.945,3,4,4,4,3,2,0,0,0,0,0,0,0,0,0,0,0,0,0,0,3,3,32
13237.151176,6.084e-28,0.0598,0.075,0,0.75,-0.026474,NaN,NaN,NaN,NaN,NaN,NaN,NaN,NaN,NaN,NaN,NaN,NaN,NaN,NaN,0.08133,0.945,3,4,4,4,3,2,0,0,0,0,0,0,0,0,0,0,0,0,0,0,3,3,32
13237.238871,6.433e-28,0.0598,0.075,0,0.75,-0.026474,NaN,NaN,NaN,NaN,NaN,NaN,NaN,NaN,NaN,NaN,NaN,NaN,NaN,NaN,0.08133,0.945,3,4,4,4,3,2,0,0,0,0,0,0,0,0,0,0,0,0,0,0,3,3,32
13237.274581,4.886e-28,0.0598,0.075,0,0.75,-0.026475,NaN,NaN,NaN,NaN,NaN,NaN,NaN,NaN,NaN,NaN,NaN,NaN,NaN,NaN,0.08133,0.945,3,4,4,4,3,2,0,0,0,0,0,0,0,0,0,0,0,0,0,0,3,3,32
13237.32915,4.536e-28,0.0598,0.075,0,0.75,-0.026475,NaN,NaN,NaN,NaN,NaN,NaN,NaN,NaN,NaN,NaN,NaN,NaN,NaN,NaN,0.08133,0.945,3,4,4,4,3,2,0,0,0,0,0,0,0,0,0,0,0,0,0,0,3,3,32
13237.400471,5.246e-28,0.0598,0.075,0,0.75,-0.026475,NaN,NaN,NaN,NaN,NaN,NaN,NaN,NaN,NaN,NaN,NaN,NaN,NaN,NaN,0.08133,0.945,3,4,4,4,3,2,0,0,0,0,0,0,0,0,0,0,0,0,0,0,3,3,32
13237.506864,6.468e-28,0.0598,0.075,0,0.75,-0.026475,NaN,NaN,NaN,NaN,NaN,NaN,NaN,NaN,NaN,NaN,NaN,NaN,NaN,NaN,0.08133,0.945,3,4,4,4,3,2,0,0,0,0,0,0,0,0,0,0,0,0,0,0,3,3,32
13237.679118,5.793e-28,0.0598,0.075,0,0.75,-0.026475,NaN,NaN,NaN,NaN,NaN,NaN,NaN,NaN,NaN,NaN,NaN,NaN,NaN,NaN,0.08133,0.945,3,4,4,4,3,2,0,0,0,0,0,0,0,0,0,0,0,0,0,0,3,3,32
13238.102054,1.289e-27,0.0598,0.075,0,0.75,-0.026476,NaN,NaN,NaN,NaN,NaN,NaN,NaN,NaN,NaN,NaN,NaN,NaN,NaN,NaN,0.08133,0.945,3,4,4,4,3,2,0,0,0,0,0,0,0,0,0,0,0,0,0,0,3,3,32
13238.217012,9.269e-28,0.0598,0.075,0,0.75,-0.026476,NaN,NaN,NaN,NaN,NaN,NaN,NaN,NaN,NaN,NaN,NaN,NaN,NaN,NaN,0.08133,0.945,3,4,4,4,3,2,0,0,0,0,0,0,0,0,0,0,0,0,0,0,3,3,32
13238.430084,8.305e-28,0.0598,0.075,0,0.75,-0.026477,NaN,NaN,NaN,NaN,NaN,NaN,NaN,NaN,NaN,NaN,NaN,NaN,NaN,NaN,0.08133,0.945,3,4,4,4,3,2,0,0,0,0,0,0,0,0,0,0,0,0,0,0,3,3,32
13238.619153,1.543e-27,0.0598,0.075,0,0.75,-0.026477,NaN,NaN,NaN,NaN,NaN,NaN,NaN,NaN,NaN,NaN,NaN,NaN,NaN,NaN,0.08133,0.945,3,4,4,4,3,2,0,0,0,0,0,0,0,0,0,0,0,0,0,0,3,3,32
13238.752337,1.134e-27,0.0598,0.075,0,0.75,-0.026478,NaN,NaN,NaN,NaN,NaN,NaN,NaN,NaN,NaN,NaN,NaN,NaN,NaN,NaN,0.08133,0.945,3,4,4,4,3,2,0,0,0,0,0,0,0,0,0,0,0,0,0,0,3,3,32
13239.286637,1.236e-27,0.0598,0.075,0,0.75,-0.026479,NaN,NaN,NaN,NaN,NaN,NaN,NaN,NaN,NaN,NaN,NaN,NaN,NaN,NaN,0.08133,0.945,3,4,4,4,3,2,0,0,0,0,0,0,0,0,0,0,0,0,0,0,3,3,32
13239.410713,6.957e-28,0.0598,0.075,0,0.75,-0.026479,NaN,NaN,NaN,NaN,NaN,NaN,NaN,NaN,NaN,NaN,NaN,NaN,NaN,NaN,0.08133,0.945,3,4,4,4,3,2,0,0,0,0,0,0,0,0,0,0,0,0,0,0,3,3,32
13239.575383,4.911e-28,0.0598,0.075,0,0.75,-0.026479,NaN,NaN,NaN,NaN,NaN,NaN,NaN,NaN,NaN,NaN,NaN,NaN,NaN,NaN,0.08133,0.945,3,4,4,4,3,2,0,0,0,0,0,0,0,0,0,0,0,0,0,0,3,3,32
13239.623037,4.522e-28,0.0598,0.075,0,0.75,-0.026479,NaN,NaN,NaN,NaN,NaN,NaN,NaN,NaN,NaN,NaN,NaN,NaN,NaN,NaN,0.08133,0.945,3,4,4,4,3,2,0,0,0,0,0,0,0,0,0,0,0,0,0,0,3,3,32
13239.701723,4.957e-28,0.0598,0.075,0,0.75,-0.026479,NaN,NaN,NaN,NaN,NaN,NaN,NaN,NaN,NaN,NaN,NaN,NaN,NaN,NaN,0.08133,0.945,3,4,4,4,3,2,0,0,0,0,0,0,0,0,0,0,0,0,0,0,3,3,32
13239.802393,7.561e-28,0.0598,0.075,0,0.75,-0.02648,NaN,NaN,NaN,NaN,NaN,NaN,NaN,NaN,NaN,NaN,NaN,NaN,NaN,NaN,0.08133,0.945,3,4,4,4,3,2,0,0,0,0,0,0,0,0,0,0,0,0,0,0,3,3,32
13240.207943,5.46e-28,0.0598,0.075,0,0.75,-0.02648,NaN,NaN,NaN,NaN,NaN,NaN,NaN,NaN,NaN,NaN,NaN,NaN,NaN,NaN,0.08133,0.945,3,4,4,4,3,2,0,0,0,0,0,0,0,0,0,0,0,0,0,0,3,3,32
13240.308171,6.813e-28,0.0598,0.075,0,0.75,-0.026481,NaN,NaN,NaN,NaN,NaN,NaN,NaN,NaN,NaN,NaN,NaN,NaN,NaN,NaN,0.08133,0.945,3,4,4,4,3,2,0,0,0,0,0,0,0,0,0,0,0,0,0,0,3,3,32
13240.435769,1.387e-27,0.0598,0.075,0,0.75,-0.026481,NaN,NaN,NaN,NaN,NaN,NaN,NaN,NaN,NaN,NaN,NaN,NaN,NaN,NaN,0.08133,0.945,3,4,4,4,3,2,0,0,0,0,0,0,0,0,0,0,0,0,0,0,3,3,32
13240.568936,7.826e-28,0.0598,0.075,0,0.75,-0.026481,NaN,NaN,NaN,NaN,NaN,NaN,NaN,NaN,NaN,NaN,NaN,NaN,NaN,NaN,0.08133,0.945,3,4,4,4,3,2,0,0,0,0,0,0,0,0,0,0,0,0,0,0,3,3,32
13240.690328,4.669e-28,0.0598,0.075,0,0.75,-0.026481,NaN,NaN,NaN,NaN,NaN,NaN,NaN,NaN,NaN,NaN,NaN,NaN,NaN,NaN,0.08133,0.945,3,4,4,4,3,2,0,0,0,0,0,0,0,0,0,0,0,0,0,0,3,3,32
13240.749348,6.117e-28,0.0598,0.075,0,0.75,-0.026481,NaN,NaN,NaN,NaN,NaN,NaN,NaN,NaN,NaN,NaN,NaN,NaN,NaN,NaN,0.08133,0.945,3,4,4,4,3,2,0,0,0,0,0,0,0,0,0,0,0,0,0,0,3,3,32
13240.863628,7.053e-28,0.0598,0.075,0,0.75,-0.026482,NaN,NaN,NaN,NaN,NaN,NaN,NaN,NaN,NaN,NaN,NaN,NaN,NaN,NaN,0.08133,0.945,3,4,4,4,3,2,0,0,0,0,0,0,0,0,0,0,0,0,0,0,3,3,32
13240.99945,4.565e-28,0.0598,0.075,0,0.75,-0.026482,NaN,NaN,NaN,NaN,NaN,NaN,NaN,NaN,NaN,NaN,NaN,NaN,NaN,NaN,0.08133,0.945,3,4,4,4,3,2,0,0,0,0,0,0,0,0,0,0,0,0,0,0,3,3,32
13241.071082,1.033e-27,0.0598,0.075,0,0.75,-0.026482,NaN,NaN,NaN,NaN,NaN,NaN,NaN,NaN,NaN,NaN,NaN,NaN,NaN,NaN,0.08133,0.945,3,4,4,4,3,2,0,0,0,0,0,0,0,0,0,0,0,0,0,0,3,3,32
13241.196802,4.189e-28,0.0598,0.075,0,0.75,-0.026482,NaN,NaN,NaN,NaN,NaN,NaN,NaN,NaN,NaN,NaN,NaN,NaN,NaN,NaN,0.08133,0.945,3,4,4,4,3,2,0,0,0,0,0,0,0,0,0,0,0,0,0,0,3,3,32
13241.51305,4.244e-28,0.0598,0.075,0,0.75,-0.026483,NaN,NaN,NaN,NaN,NaN,NaN,NaN,NaN,NaN,NaN,NaN,NaN,NaN,NaN,0.08133,0.945,3,4,4,4,3,2,0,0,0,0,0,0,0,0,0,0,0,0,0,0,3,3,32
13241.623473,1.072e-27,0.0598,0.075,0,0.75,-0.026483,NaN,NaN,NaN,NaN,NaN,NaN,NaN,NaN,NaN,NaN,NaN,NaN,NaN,NaN,0.08133,0.945,3,4,4,4,3,2,0,0,0,0,0,0,0,0,0,0,0,0,0,0,3,3,32
13241.696321,1.243e-27,0.0598,0.075,0,0.75,-0.026483,NaN,NaN,NaN,NaN,NaN,NaN,NaN,NaN,NaN,NaN,NaN,NaN,NaN,NaN,0.08133,0.945,3,4,4,4,3,2,0,0,0,0,0,0,0,0,0,0,0,0,0,0,3,3,32
13241.887054,6.85e-28,0.0598,0.075,0,0.75,-0.026484,NaN,NaN,NaN,NaN,NaN,NaN,NaN,NaN,NaN,NaN,NaN,NaN,NaN,NaN,0.08133,0.945,3,4,4,4,3,2,0,0,0,0,0,0,0,0,0,0,0,0,0,0,3,3,32
13242.173231,6.412e-28,0.0598,0.075,0,0.75,-0.026484,NaN,NaN,NaN,NaN,NaN,NaN,NaN,NaN,NaN,NaN,NaN,NaN,NaN,NaN,0.08133,0.945,3,4,4,4,3,2,0,0,0,0,0,0,0,0,0,0,0,0,0,0,3,3,32
13242.228108,6.421e-28,0.0598,0.075,0,0.75,-0.026484,NaN,NaN,NaN,NaN,NaN,NaN,NaN,NaN,NaN,NaN,NaN,NaN,NaN,NaN,0.08133,0.945,3,4,4,4,3,2,0,0,0,0,0,0,0,0,0,0,0,0,0,0,3,3,32
13242.701829,4.628e-28,0.0598,0.075,0,0.75,-0.026485,NaN,NaN,NaN,NaN,NaN,NaN,NaN,NaN,NaN,NaN,NaN,NaN,NaN,NaN,0.08133,0.945,3,4,4,4,3,2,0,0,0,0,0,0,0,0,0,0,0,0,0,0,3,3,32
13242.834363,7.145e-28,0.0598,0.075,0,0.75,-0.026486,NaN,NaN,NaN,NaN,NaN,NaN,NaN,NaN,NaN,NaN,NaN,NaN,NaN,NaN,0.08133,0.945,3,4,4,4,3,2,0,0,0,0,0,0,0,0,0,0,0,0,0,0,3,3,32
13242.896194,7.862e-28,0.0598,0.075,0,0.75,-0.026486,NaN,NaN,NaN,NaN,NaN,NaN,NaN,NaN,NaN,NaN,NaN,NaN,NaN,NaN,0.08133,0.945,3,4,4,4,3,2,0,0,0,0,0,0,0,0,0,0,0,0,0,0,3,3,32
13242.944857,6.986e-28,0.0598,0.075,0,0.75,-0.026486,NaN,NaN,NaN,NaN,NaN,NaN,NaN,NaN,NaN,NaN,NaN,NaN,NaN,NaN,0.08133,0.945,3,4,4,4,3,2,0,0,0,0,0,0,0,0,0,0,0,0,0,0,3,3,32
13243.082918,2.015e-27,0.0598,0.075,0,0.75,-0.026486,NaN,NaN,NaN,NaN,NaN,NaN,NaN,NaN,NaN,NaN,NaN,NaN,NaN,NaN,0.08133,0.945,3,4,4,4,3,2,0,0,0,0,0,0,0,0,0,0,0,0,0,0,3,3,32
13243.226459,2.337e-27,0.0598,0.075,0,0.75,-0.026486,NaN,NaN,NaN,NaN,NaN,NaN,NaN,NaN,NaN,NaN,NaN,NaN,NaN,NaN,0.08133,0.945,3,4,4,4,3,2,0,0,0,0,0,0,0,0,0,0,0,0,0,0,3,3,32
13243.412445,6.273e-28,0.0598,0.075,0,0.75,-0.026487,NaN,NaN,NaN,NaN,NaN,NaN,NaN,NaN,NaN,NaN,NaN,NaN,NaN,NaN,0.08133,0.945,3,4,4,4,3,2,0,0,0,0,0,0,0,0,0,0,0,0,0,0,3,3,32
13243.673488,1.391e-27,0.0598,0.075,0,0.75,-0.026487,NaN,NaN,NaN,NaN,NaN,NaN,NaN,NaN,NaN,NaN,NaN,NaN,NaN,NaN,0.08133,0.945,3,4,4,4,3,2,0,0,0,0,0,0,0,0,0,0,0,0,0,0,3,3,32
13243.809913,7.01e-28,0.0598,0.075,0,0.75,-0.026488,NaN,NaN,NaN,NaN,NaN,NaN,NaN,NaN,NaN,NaN,NaN,NaN,NaN,NaN,0.08133,0.945,3,4,4,4,3,2,0,0,0,0,0,0,0,0,0,0,0,0,0,0,3,3,32
13243.845371,4.86e-28,0.0598,0.075,0,0.75,-0.026488,NaN,NaN,NaN,NaN,NaN,NaN,NaN,NaN,NaN,NaN,NaN,NaN,NaN,NaN,0.08133,0.945,3,4,4,4,3,2,0,0,0,0,0,0,0,0,0,0,0,0,0,0,3,3,32
13243.885473,6.8e-28,0.0598,0.075,0,0.75,-0.026488,NaN,NaN,NaN,NaN,NaN,NaN,NaN,NaN,NaN,NaN,NaN,NaN,NaN,NaN,0.08133,0.945,3,4,4,4,3,2,0,0,0,0,0,0,0,0,0,0,0,0,0,0,3,3,32
13243.931743,6.241e-28,0.0598,0.075,0,0.75,-0.026488,NaN,NaN,NaN,NaN,NaN,NaN,NaN,NaN,NaN,NaN,NaN,NaN,NaN,NaN,0.08133,0.945,3,4,4,4,3,2,0,0,0,0,0,0,0,0,0,0,0,0,0,0,3,3,32
13244.008627,6.431e-28,0.0598,0.075,0,0.75,-0.026488,NaN,NaN,NaN,NaN,NaN,NaN,NaN,NaN,NaN,NaN,NaN,NaN,NaN,NaN,0.08133,0.945,3,4,4,4,3,2,0,0,0,0,0,0,0,0,0,0,0,0,0,0,3,3,32
13244.121703,1.921e-27,0.0598,0.075,0,0.75,-0.026488,NaN,NaN,NaN,NaN,NaN,NaN,NaN,NaN,NaN,NaN,NaN,NaN,NaN,NaN,0.08133,0.945,3,4,4,4,3,2,0,0,0,0,0,0,0,0,0,0,0,0,0,0,3,3,32
13244.332229,1.384e-27,0.0598,0.075,0,0.75,-0.026489,NaN,NaN,NaN,NaN,NaN,NaN,NaN,NaN,NaN,NaN,NaN,NaN,NaN,NaN,0.08133,0.945,3,4,4,4,3,2,0,0,0,0,0,0,0,0,0,0,0,0,0,0,3,3,32
13244.504804,9.796e-28,0.0598,0.075,0,0.75,-0.026489,NaN,NaN,NaN,NaN,NaN,NaN,NaN,NaN,NaN,NaN,NaN,NaN,NaN,NaN,0.08133,0.945,3,4,4,4,3,2,0,0,0,0,0,0,0,0,0,0,0,0,0,0,3,3,32
13244.601833,6.017e-28,0.0598,0.075,0,0.75,-0.026489,NaN,NaN,NaN,NaN,NaN,NaN,NaN,NaN,NaN,NaN,NaN,NaN,NaN,NaN,0.08133,0.945,3,4,4,4,3,2,0,0,0,0,0,0,0,0,0,0,0,0,0,0,3,3,32
13244.913851,1.403e-27,0.0598,0.075,0,0.75,-0.02649,NaN,NaN,NaN,NaN,NaN,NaN,NaN,NaN,NaN,NaN,NaN,NaN,NaN,NaN,0.08133,0.945,3,4,4,4,3,2,0,0,0,0,0,0,0,0,0,0,0,0,0,0,3,3,32
13245.112144,7.245e-28,0.0598,0.075,0,0.75,-0.02649,NaN,NaN,NaN,NaN,NaN,NaN,NaN,NaN,NaN,NaN,NaN,NaN,NaN,NaN,0.08133,0.945,3,4,4,4,3,2,0,0,0,0,0,0,0,0,0,0,0,0,0,0,3,3,32
13245.235857,2.103e-27,0.0598,0.075,0,0.75,-0.02649,NaN,NaN,NaN,NaN,NaN,NaN,NaN,NaN,NaN,NaN,NaN,NaN,NaN,NaN,0.08133,0.945,3,4,4,4,3,2,0,0,0,0,0,0,0,0,0,0,0,0,0,0,3,3,32
13245.367768,7.037e-28,0.0598,0.075,0,0.75,-0.026491,NaN,NaN,NaN,NaN,NaN,NaN,NaN,NaN,NaN,NaN,NaN,NaN,NaN,NaN,0.08133,0.945,3,4,4,4,3,2,0,0,0,0,0,0,0,0,0,0,0,0,0,0,3,3,32
13245.636403,1.077e-27,0.0598,0.075,0,0.75,-0.026491,NaN,NaN,NaN,NaN,NaN,NaN,NaN,NaN,NaN,NaN,NaN,NaN,NaN,NaN,0.08133,0.945,3,4,4,4,3,2,0,0,0,0,0,0,0,0,0,0,0,0,0,0,3,3,32
13245.841296,6.111e-28,0.0598,0.075,0,0.75,-0.026492,NaN,NaN,NaN,NaN,NaN,NaN,NaN,NaN,NaN,NaN,NaN,NaN,NaN,NaN,0.08133,0.945,3,4,4,4,3,2,0,0,0,0,0,0,0,0,0,0,0,0,0,0,3,3,32
13245.897344,1.147e-27,0.0598,0.075,0,0.75,-0.026492,NaN,NaN,NaN,NaN,NaN,NaN,NaN,NaN,NaN,NaN,NaN,NaN,NaN,NaN,0.08133,0.945,3,4,4,4,3,2,0,0,0,0,0,0,0,0,0,0,0,0,0,0,3,3,32
13245.947457,6.324e-28,0.0598,0.075,0,0.75,-0.026492,NaN,NaN,NaN,NaN,NaN,NaN,NaN,NaN,NaN,NaN,NaN,NaN,NaN,NaN,0.08133,0.945,3,4,4,4,3,2,0,0,0,0,0,0,0,0,0,0,0,0,0,0,3,3,32
13246.035825,4.08e-28,0.0598,0.075,0,0.75,-0.026492,NaN,NaN,NaN,NaN,NaN,NaN,NaN,NaN,NaN,NaN,NaN,NaN,NaN,NaN,0.08133,0.945,3,4,4,4,3,2,0,0,0,0,0,0,0,0,0,0,0,0,0,0,3,3,32
13246.23311,6.629e-28,0.0598,0.075,0,0.75,-0.026492,NaN,NaN,NaN,NaN,NaN,NaN,NaN,NaN,NaN,NaN,NaN,NaN,NaN,NaN,0.08133,0.945,3,4,4,4,3,2,0,0,0,0,0,0,0,0,0,0,0,0,0,0,3,3,32
13246.455754,6.948e-28,0.0598,0.075,0,0.75,-0.026493,NaN,NaN,NaN,NaN,NaN,NaN,NaN,NaN,NaN,NaN,NaN,NaN,NaN,NaN,0.08133,0.945,3,4,4,4,3,2,0,0,0,0,0,0,0,0,0,0,0,0,0,0,3,3,32
13246.587423,7.487e-28,0.0598,0.075,0,0.75,-0.026493,NaN,NaN,NaN,NaN,NaN,NaN,NaN,NaN,NaN,NaN,NaN,NaN,NaN,NaN,0.08133,0.945,3,4,4,4,3,2,0,0,0,0,0,0,0,0,0,0,0,0,0,0,3,3,32
13246.674741,8.564e-28,0.0598,0.075,0,0.75,-0.026493,NaN,NaN,NaN,NaN,NaN,NaN,NaN,NaN,NaN,NaN,NaN,NaN,NaN,NaN,0.08133,0.945,3,4,4,4,3,2,0,0,0,0,0,0,0,0,0,0,0,0,0,0,3,3,32
13246.855676,6.631e-28,0.0598,0.075,0,0.75,-0.026494,NaN,NaN,NaN,NaN,NaN,NaN,NaN,NaN,NaN,NaN,NaN,NaN,NaN,NaN,0.08133,0.945,3,4,4,4,3,2,0,0,0,0,0,0,0,0,0,0,0,0,0,0,3,3,32
13246.941143,4.87e-28,0.0598,0.075,0,0.75,-0.026494,NaN,NaN,NaN,NaN,NaN,NaN,NaN,NaN,NaN,NaN,NaN,NaN,NaN,NaN,0.08133,0.945,3,4,4,4,3,2,0,0,0,0,0,0,0,0,0,0,0,0,0,0,3,3,32
13247.007654,6.721e-28,0.0598,0.075,0,0.75,-0.026494,NaN,NaN,NaN,NaN,NaN,NaN,NaN,NaN,NaN,NaN,NaN,NaN,NaN,NaN,0.08133,0.945,3,4,4,4,3,2,0,0,0,0,0,0,0,0,0,0,0,0,0,0,3,3,32
13247.150895,1.459e-27,0.0598,0.075,0,0.75,-0.026494,NaN,NaN,NaN,NaN,NaN,NaN,NaN,NaN,NaN,NaN,NaN,NaN,NaN,NaN,0.08133,0.945,3,4,4,4,3,2,0,0,0,0,0,0,0,0,0,0,0,0,0,0,3,3,32
13247.262629,1.508e-27,0.0598,0.075,0,0.75,-0.026495,NaN,NaN,NaN,NaN,NaN,NaN,NaN,NaN,NaN,NaN,NaN,NaN,NaN,NaN,0.08133,0.945,3,4,4,4,3,2,0,0,0,0,0,0,0,0,0,0,0,0,0,0,3,3,32
13247.450162,1.723e-27,0.0598,0.075,0,0.75,-0.026495,NaN,NaN,NaN,NaN,NaN,NaN,NaN,NaN,NaN,NaN,NaN,NaN,NaN,NaN,0.08133,0.945,3,4,4,4,3,2,0,0,0,0,0,0,0,0,0,0,0,0,0,0,3,3,32
13247.531521,1.204e-27,0.0598,0.075,0,0.75,-0.026495,NaN,NaN,NaN,NaN,NaN,NaN,NaN,NaN,NaN,NaN,NaN,NaN,NaN,NaN,0.08133,0.945,3,4,4,4,3,2,0,0,0,0,0,0,0,0,0,0,0,0,0,0,3,3,32
13247.788984,6.587e-28,0.0598,0.075,0,0.75,-0.026496,NaN,NaN,NaN,NaN,NaN,NaN,NaN,NaN,NaN,NaN,NaN,NaN,NaN,NaN,0.08133,0.945,3,4,4,4,3,2,0,0,0,0,0,0,0,0,0,0,0,0,0,0,3,3,32
13247.871355,4.452e-28,0.0598,0.075,0,0.75,-0.026496,NaN,NaN,NaN,NaN,NaN,NaN,NaN,NaN,NaN,NaN,NaN,NaN,NaN,NaN,0.08133,0.945,3,4,4,4,3,2,0,0,0,0,0,0,0,0,0,0,0,0,0,0,3,3,32
13248.069027,4.825e-28,0.0598,0.075,0,0.75,-0.026496,NaN,NaN,NaN,NaN,NaN,NaN,NaN,NaN,NaN,NaN,NaN,NaN,NaN,NaN,0.08133,0.945,3,4,4,4,3,2,0,0,0,0,0,0,0,0,0,0,0,0,0,0,3,3,32
13248.21617,4.48e-28,0.0598,0.075,0,0.75,-0.026496,NaN,NaN,NaN,NaN,NaN,NaN,NaN,NaN,NaN,NaN,NaN,NaN,NaN,NaN,0.08133,0.945,3,4,4,4,3,2,0,0,0,0,0,0,0,0,0,0,0,0,0,0,3,3,32
13248.242488,8.889e-28,0.0598,0.075,0,0.75,-0.026496,NaN,NaN,NaN,NaN,NaN,NaN,NaN,NaN,NaN,NaN,NaN,NaN,NaN,NaN,0.08133,0.945,3,4,4,4,3,2,0,0,0,0,0,0,0,0,0,0,0,0,0,0,3,3,32
13248.375215,8.042e-28,0.0598,0.075,0,0.75,-0.026497,NaN,NaN,NaN,NaN,NaN,NaN,NaN,NaN,NaN,NaN,NaN,NaN,NaN,NaN,0.08133,0.945,3,4,4,4,3,2,0,0,0,0,0,0,0,0,0,0,0,0,0,0,3,3,32
13248.436371,6.672e-28,0.0598,0.075,0,0.75,-0.026497,NaN,NaN,NaN,NaN,NaN,NaN,NaN,NaN,NaN,NaN,NaN,NaN,NaN,NaN,0.08133,0.945,3,4,4,4,3,2,0,0,0,0,0,0,0,0,0,0,0,0,0,0,3,3,32
13248.746819,4.133e-28,0.0598,0.075,0,0.75,-0.026497,NaN,NaN,NaN,NaN,NaN,NaN,NaN,NaN,NaN,NaN,NaN,NaN,NaN,NaN,0.08133,0.945,3,4,4,4,3,2,0,0,0,0,0,0,0,0,0,0,0,0,0,0,3,3,32
13248.852079,1.116e-27,0.0598,0.075,0,0.75,-0.026498,NaN,NaN,NaN,NaN,NaN,NaN,NaN,NaN,NaN,NaN,NaN,NaN,NaN,NaN,0.08133,0.945,3,4,4,4,3,2,0,0,0,0,0,0,0,0,0,0,0,0,0,0,3,3,32
13248.917708,6.656e-28,0.0598,0.075,0,0.75,-0.026498,NaN,NaN,NaN,NaN,NaN,NaN,NaN,NaN,NaN,NaN,NaN,NaN,NaN,NaN,0.08133,0.945,3,4,4,4,3,2,0,0,0,0,0,0,0,0,0,0,0,0,0,0,3,3,32
13248.960102,8.761e-28,0.0598,0.075,0,0.75,-0.026498,NaN,NaN,NaN,NaN,NaN,NaN,NaN,NaN,NaN,NaN,NaN,NaN,NaN,NaN,0.08133,0.945,3,4,4,4,3,2,0,0,0,0,0,0,0,0,0,0,0,0,0,0,3,3,32
13249.015896,1.087e-27,0.0598,0.075,0,0.75,-0.026498,NaN,NaN,NaN,NaN,NaN,NaN,NaN,NaN,NaN,NaN,NaN,NaN,NaN,NaN,0.08133,0.945,3,4,4,4,3,2,0,0,0,0,0,0,0,0,0,0,0,0,0,0,3,3,32
13249.244515,1.058e-27,0.0598,0.075,0,0.75,-0.026498,NaN,NaN,NaN,NaN,NaN,NaN,NaN,NaN,NaN,NaN,NaN,NaN,NaN,NaN,0.08133,0.945,3,4,4,4,3,2,0,0,0,0,0,0,0,0,0,0,0,0,0,0,3,3,32
13249.63984,6.473e-28,0.0598,0.075,0,0.75,-0.026499,NaN,NaN,NaN,NaN,NaN,NaN,NaN,NaN,NaN,NaN,NaN,NaN,NaN,NaN,0.08133,0.945,3,4,4,4,3,2,0,0,0,0,0,0,0,0,0,0,0,0,0,0,3,3,32
13249.706107,4.635e-28,0.0598,0.075,0,0.75,-0.026499,NaN,NaN,NaN,NaN,NaN,NaN,NaN,NaN,NaN,NaN,NaN,NaN,NaN,NaN,0.08133,0.945,3,4,4,4,3,2,0,0,0,0,0,0,0,0,0,0,0,0,0,0,3,3,32
13249.753416,4.576e-28,0.0598,0.075,0,0.75,-0.0265,NaN,NaN,NaN,NaN,NaN,NaN,NaN,NaN,NaN,NaN,NaN,NaN,NaN,NaN,0.08133,0.945,3,4,4,4,3,2,0,0,0,0,0,0,0,0,0,0,0,0,0,0,3,3,32
13249.882088,4.889e-28,0.0598,0.075,0,0.75,-0.0265,NaN,NaN,NaN,NaN,NaN,NaN,NaN,NaN,NaN,NaN,NaN,NaN,NaN,NaN,0.08133,0.945,3,4,4,4,3,2,0,0,0,0,0,0,0,0,0,0,0,0,0,0,3,3,32
13249.926536,4.848e-28,0.0598,0.075,0,0.75,-0.0265,NaN,NaN,NaN,NaN,NaN,NaN,NaN,NaN,NaN,NaN,NaN,NaN,NaN,NaN,0.08133,0.945,3,4,4,4,3,2,0,0,0,0,0,0,0,0,0,0,0,0,0,0,3,3,32
13249.972576,1.106e-27,0.0598,0.075,0,0.75,-0.0265,NaN,NaN,NaN,NaN,NaN,NaN,NaN,NaN,NaN,NaN,NaN,NaN,NaN,NaN,0.08133,0.945,3,4,4,4,3,2,0,0,0,0,0,0,0,0,0,0,0,0,0,0,3,3,32
13250.037742,8.028e-28,0.0598,0.075,0,0.75,-0.0265,NaN,NaN,NaN,NaN,NaN,NaN,NaN,NaN,NaN,NaN,NaN,NaN,NaN,NaN,0.08133,0.945,3,4,4,4,3,2,0,0,0,0,0,0,0,0,0,0,0,0,0,0,3,3,32
13250.110085,4.092e-28,0.0598,0.075,0,0.75,-0.0265,NaN,NaN,NaN,NaN,NaN,NaN,NaN,NaN,NaN,NaN,NaN,NaN,NaN,NaN,0.08133,0.945,3,4,4,4,3,2,0,0,0,0,0,0,0,0,0,0,0,0,0,0,3,3,32
13250.170355,1.44e-27,0.0598,0.075,0,0.75,-0.0265,NaN,NaN,NaN,NaN,NaN,NaN,NaN,NaN,NaN,NaN,NaN,NaN,NaN,NaN,0.08133,0.945,3,4,4,4,3,2,0,0,0,0,0,0,0,0,0,0,0,0,0,0,3,3,32
13250.330162,5.138e-28,0.0598,0.075,0,0.75,-0.026501,NaN,NaN,NaN,NaN,NaN,NaN,NaN,NaN,NaN,NaN,NaN,NaN,NaN,NaN,0.08133,0.945,3,4,4,4,3,2,0,0,0,0,0,0,0,0,0,0,0,0,0,0,3,3,32
13250.446528,1.57e-27,0.0598,0.075,0,0.75,-0.026501,NaN,NaN,NaN,NaN,NaN,NaN,NaN,NaN,NaN,NaN,NaN,NaN,NaN,NaN,0.08133,0.945,3,4,4,4,3,2,0,0,0,0,0,0,0,0,0,0,0,0,0,0,3,3,32
13250.69921,9.36e-28,0.0598,0.075,0,0.75,-0.026501,NaN,NaN,NaN,NaN,NaN,NaN,NaN,NaN,NaN,NaN,NaN,NaN,NaN,NaN,0.08133,0.945,3,4,4,4,3,2,0,0,0,0,0,0,0,0,0,0,0,0,0,0,3,3,32
13250.954205,1.343e-27,0.0598,0.075,0,0.75,-0.026502,NaN,NaN,NaN,NaN,NaN,NaN,NaN,NaN,NaN,NaN,NaN,NaN,NaN,NaN,0.08133,0.945,3,4,4,4,3,2,0,0,0,0,0,0,0,0,0,0,0,0,0,0,3,3,32
13251.069196,4.239e-28,0.0598,0.075,0,0.75,-0.026502,NaN,NaN,NaN,NaN,NaN,NaN,NaN,NaN,NaN,NaN,NaN,NaN,NaN,NaN,0.08133,0.945,3,4,4,4,3,2,0,0,0,0,0,0,0,0,0,0,0,0,0,0,3,3,32
13251.252946,7.132e-28,0.0598,0.075,0,0.75,-0.026503,NaN,NaN,NaN,NaN,NaN,NaN,NaN,NaN,NaN,NaN,NaN,NaN,NaN,NaN,0.08133,0.945,3,4,4,4,3,2,0,0,0,0,0,0,0,0,0,0,0,0,0,0,3,3,32
13251.369476,5.529e-28,0.0598,0.075,0,0.75,-0.026503,NaN,NaN,NaN,NaN,NaN,NaN,NaN,NaN,NaN,NaN,NaN,NaN,NaN,NaN,0.08133,0.945,3,4,4,4,3,2,0,0,0,0,0,0,0,0,0,0,0,0,0,0,3,3,32
13251.45548,1.037e-27,0.0598,0.075,0,0.75,-0.026503,NaN,NaN,NaN,NaN,NaN,NaN,NaN,NaN,NaN,NaN,NaN,NaN,NaN,NaN,0.08133,0.945,3,4,4,4,3,2,0,0,0,0,0,0,0,0,0,0,0,0,0,0,3,3,32
13251.516848,5.298e-28,0.0598,0.075,0,0.75,-0.026503,NaN,NaN,NaN,NaN,NaN,NaN,NaN,NaN,NaN,NaN,NaN,NaN,NaN,NaN,0.08133,0.945,3,4,4,4,3,2,0,0,0,0,0,0,0,0,0,0,0,0,0,0,3,3,32
13251.564867,7.256e-28,0.0598,0.075,0,0.75,-0.026503,NaN,NaN,NaN,NaN,NaN,NaN,NaN,NaN,NaN,NaN,NaN,NaN,NaN,NaN,0.08133,0.945,3,4,4,4,3,2,0,0,0,0,0,0,0,0,0,0,0,0,0,0,3,3,32
13251.629483,4.76e-28,0.0598,0.075,0,0.75,-0.026503,NaN,NaN,NaN,NaN,NaN,NaN,NaN,NaN,NaN,NaN,NaN,NaN,NaN,NaN,0.08133,0.945,3,4,4,4,3,2,0,0,0,0,0,0,0,0,0,0,0,0,0,0,3,3,32
13251.753961,7.231e-28,0.0598,0.075,0,0.75,-0.026504,NaN,NaN,NaN,NaN,NaN,NaN,NaN,NaN,NaN,NaN,NaN,NaN,NaN,NaN,0.08133,0.945,3,4,4,4,3,2,0,0,0,0,0,0,0,0,0,0,0,0,0,0,3,3,32
13251.933841,4.62e-28,0.0598,0.075,0,0.75,-0.026504,NaN,NaN,NaN,NaN,NaN,NaN,NaN,NaN,NaN,NaN,NaN,NaN,NaN,NaN,0.08133,0.945,3,4,4,4,3,2,0,0,0,0,0,0,0,0,0,0,0,0,0,0,3,3,32
13252.060743,1.331e-27,0.0598,0.075,0,0.75,-0.026504,NaN,NaN,NaN,NaN,NaN,NaN,NaN,NaN,NaN,NaN,NaN,NaN,NaN,NaN,0.08133,0.945,3,4,4,4,3,2,0,0,0,0,0,0,0,0,0,0,0,0,0,0,3,3,32
13252.157196,4.358e-28,0.0598,0.075,0,0.75,-0.026504,NaN,NaN,NaN,NaN,NaN,NaN,NaN,NaN,NaN,NaN,NaN,NaN,NaN,NaN,0.08133,0.945,3,4,4,4,3,2,0,0,0,0,0,0,0,0,0,0,0,0,0,0,3,3,32
13252.210781,5.797e-28,0.0598,0.075,0,0.75,-0.026504,NaN,NaN,NaN,NaN,NaN,NaN,NaN,NaN,NaN,NaN,NaN,NaN,NaN,NaN,0.08133,0.945,3,4,4,4,3,2,0,0,0,0,0,0,0,0,0,0,0,0,0,0,3,3,32
13252.336969,5.988e-28,0.0598,0.075,0,0.75,-0.026505,NaN,NaN,NaN,NaN,NaN,NaN,NaN,NaN,NaN,NaN,NaN,NaN,NaN,NaN,0.08133,0.945,3,4,4,4,3,2,0,0,0,0,0,0,0,0,0,0,0,0,0,0,3,3,32
13252.395151,4.184e-28,0.0598,0.075,0,0.75,-0.026505,NaN,NaN,NaN,NaN,NaN,NaN,NaN,NaN,NaN,NaN,NaN,NaN,NaN,NaN,0.08133,0.945,3,4,4,4,3,2,0,0,0,0,0,0,0,0,0,0,0,0,0,0,3,3,32
13252.574633,7.779e-28,0.0598,0.075,0,0.75,-0.026505,NaN,NaN,NaN,NaN,NaN,NaN,NaN,NaN,NaN,NaN,NaN,NaN,NaN,NaN,0.08133,0.945,3,4,4,4,3,2,0,0,0,0,0,0,0,0,0,0,0,0,0,0,3,3,32
13252.704877,6.941e-28,0.0598,0.075,0,0.75,-0.026505,NaN,NaN,NaN,NaN,NaN,NaN,NaN,NaN,NaN,NaN,NaN,NaN,NaN,NaN,0.08133,0.945,3,4,4,4,3,2,0,0,0,0,0,0,0,0,0,0,0,0,0,0,3,3,32
13252.790068,4.029e-28,0.0598,0.075,0,0.75,-0.026506,NaN,NaN,NaN,NaN,NaN,NaN,NaN,NaN,NaN,NaN,NaN,NaN,NaN,NaN,0.08133,0.945,3,4,4,4,3,2,0,0,0,0,0,0,0,0,0,0,0,0,0,0,3,3,32
13252.847801,7.118e-28,0.0598,0.075,0,0.75,-0.026506,NaN,NaN,NaN,NaN,NaN,NaN,NaN,NaN,NaN,NaN,NaN,NaN,NaN,NaN,0.08133,0.945,3,4,4,4,3,2,0,0,0,0,0,0,0,0,0,0,0,0,0,0,3,3,32
13253.082938,6.297e-28,0.0598,0.075,0,0.75,-0.026506,NaN,NaN,NaN,NaN,NaN,NaN,NaN,NaN,NaN,NaN,NaN,NaN,NaN,NaN,0.08133,0.945,3,4,4,4,3,2,0,0,0,0,0,0,0,0,0,0,0,0,0,0,3,3,32
13253.231295,4.941e-28,0.0598,0.075,0,0.75,-0.026506,NaN,NaN,NaN,NaN,NaN,NaN,NaN,NaN,NaN,NaN,NaN,NaN,NaN,NaN,0.08133,0.945,3,4,4,4,3,2,0,0,0,0,0,0,0,0,0,0,0,0,0,0,3,3,32
13253.360692,1.061e-27,0.0598,0.075,0,0.75,-0.026507,NaN,NaN,NaN,NaN,NaN,NaN,NaN,NaN,NaN,NaN,NaN,NaN,NaN,NaN,0.08133,0.945,3,4,4,4,3,2,0,0,0,0,0,0,0,0,0,0,0,0,0,0,3,3,32
13253.798728,5.113e-28,0.0598,0.075,0,0.75,-0.026508,NaN,NaN,NaN,NaN,NaN,NaN,NaN,NaN,NaN,NaN,NaN,NaN,NaN,NaN,0.08133,0.945,3,4,4,4,3,2,0,0,0,0,0,0,0,0,0,0,0,0,0,0,3,3,32
13253.863098,6.189e-28,0.0598,0.075,0,0.75,-0.026508,NaN,NaN,NaN,NaN,NaN,NaN,NaN,NaN,NaN,NaN,NaN,NaN,NaN,NaN,0.08133,0.945,3,4,4,4,3,2,0,0,0,0,0,0,0,0,0,0,0,0,0,0,3,3,32
13253.961071,4.733e-28,0.0598,0.075,0,0.75,-0.026508,NaN,NaN,NaN,NaN,NaN,NaN,NaN,NaN,NaN,NaN,NaN,NaN,NaN,NaN,0.08133,0.945,3,4,4,4,3,2,0,0,0,0,0,0,0,0,0,0,0,0,0,0,3,3,32
13254.180477,4.55e-28,0.0598,0.075,0,0.75,-0.026508,NaN,NaN,NaN,NaN,NaN,NaN,NaN,NaN,NaN,NaN,NaN,NaN,NaN,NaN,0.08133,0.945,3,4,4,4,3,2,0,0,0,0,0,0,0,0,0,0,0,0,0,0,3,3,32
13254.297793,5.97e-28,0.0598,0.075,0,0.75,-0.026509,NaN,NaN,NaN,NaN,NaN,NaN,NaN,NaN,NaN,NaN,NaN,NaN,NaN,NaN,0.08133,0.945,3,4,4,4,3,2,0,0,0,0,0,0,0,0,0,0,0,0,0,0,3,3,32
13254.571431,9.788e-28,0.0598,0.075,0,0.75,-0.026509,NaN,NaN,NaN,NaN,NaN,NaN,NaN,NaN,NaN,NaN,NaN,NaN,NaN,NaN,0.08133,0.945,3,4,4,4,3,2,0,0,0,0,0,0,0,0,0,0,0,0,0,0,3,3,32
13254.970554,7.878e-28,0.0598,0.075,0,0.75,-0.02651,NaN,NaN,NaN,NaN,NaN,NaN,NaN,NaN,NaN,NaN,NaN,NaN,NaN,NaN,0.08133,0.945,3,4,4,4,3,2,0,0,0,0,0,0,0,0,0,0,0,0,0,0,3,3,32
13255.272643,4.53e-28,0.0598,0.075,0,0.75,-0.026511,NaN,NaN,NaN,NaN,NaN,NaN,NaN,NaN,NaN,NaN,NaN,NaN,NaN,NaN,0.08133,0.945,3,4,4,4,3,2,0,0,0,0,0,0,0,0,0,0,0,0,0,0,3,3,32
13256.056255,5.789e-28,0.0598,0.075,0,0.75,-0.026512,NaN,NaN,NaN,NaN,NaN,NaN,NaN,NaN,NaN,NaN,NaN,NaN,NaN,NaN,0.08133,0.945,3,4,4,4,3,2,0,0,0,0,0,0,0,0,0,0,0,0,0,0,3,3,32
13256.133561,6.598e-28,0.0598,0.075,0,0.75,-0.026512,NaN,NaN,NaN,NaN,NaN,NaN,NaN,NaN,NaN,NaN,NaN,NaN,NaN,NaN,0.08133,0.945,3,4,4,4,3,2,0,0,0,0,0,0,0,0,0,0,0,0,0,0,3,3,32
13256.463674,5.131e-28,0.0598,0.075,0,0.75,-0.026513,NaN,NaN,NaN,NaN,NaN,NaN,NaN,NaN,NaN,NaN,NaN,NaN,NaN,NaN,0.08133,0.945,3,4,4,4,3,2,0,0,0,0,0,0,0,0,0,0,0,0,0,0,3,3,32
13256.658886,6.806e-28,0.0598,0.075,0,0.75,-0.026513,NaN,NaN,NaN,NaN,NaN,NaN,NaN,NaN,NaN,NaN,NaN,NaN,NaN,NaN,0.08133,0.945,3,4,4,4,3,2,0,0,0,0,0,0,0,0,0,0,0,0,0,0,3,3,32
13256.751614,7.552e-28,0.0598,0.075,0,0.75,-0.026514,NaN,NaN,NaN,NaN,NaN,NaN,NaN,NaN,NaN,NaN,NaN,NaN,NaN,NaN,0.08133,0.945,3,4,4,4,3,2,0,0,0,0,0,0,0,0,0,0,0,0,0,0,3,3,32
13257.071398,1.221e-27,0.0598,0.075,0,0.75,-0.026514,NaN,NaN,NaN,NaN,NaN,NaN,NaN,NaN,NaN,NaN,NaN,NaN,NaN,NaN,0.08133,0.945,3,4,4,4,3,2,0,0,0,0,0,0,0,0,0,0,0,0,0,0,3,3,32
13257.175329,5.206e-28,0.0598,0.075,0,0.75,-0.026514,NaN,NaN,NaN,NaN,NaN,NaN,NaN,NaN,NaN,NaN,NaN,NaN,NaN,NaN,0.08133,0.945,3,4,4,4,3,2,0,0,0,0,0,0,0,0,0,0,0,0,0,0,3,3,32
13257.271148,1.115e-27,0.0598,0.075,0,0.75,-0.026515,NaN,NaN,NaN,NaN,NaN,NaN,NaN,NaN,NaN,NaN,NaN,NaN,NaN,NaN,0.08133,0.945,3,4,4,4,3,2,0,0,0,0,0,0,0,0,0,0,0,0,0,0,3,3,32
13257.358418,1.024e-27,0.0598,0.075,0,0.75,-0.026515,NaN,NaN,NaN,NaN,NaN,NaN,NaN,NaN,NaN,NaN,NaN,NaN,NaN,NaN,0.08133,0.945,3,4,4,4,3,2,0,0,0,0,0,0,0,0,0,0,0,0,0,0,3,3,32
13257.435502,8.053e-28,0.0598,0.075,0,0.75,-0.026515,NaN,NaN,NaN,NaN,NaN,NaN,NaN,NaN,NaN,NaN,NaN,NaN,NaN,NaN,0.08133,0.945,3,4,4,4,3,2,0,0,0,0,0,0,0,0,0,0,0,0,0,0,3,3,32
13257.624004,8.208e-28,0.0598,0.075,0,0.75,-0.026515,NaN,NaN,NaN,NaN,NaN,NaN,NaN,NaN,NaN,NaN,NaN,NaN,NaN,NaN,0.08133,0.945,3,4,4,4,3,2,0,0,0,0,0,0,0,0,0,0,0,0,0,0,3,3,32
13257.661333,5.75e-28,0.0598,0.075,0,0.75,-0.026515,NaN,NaN,NaN,NaN,NaN,NaN,NaN,NaN,NaN,NaN,NaN,NaN,NaN,NaN,0.08133,0.945,3,4,4,4,3,2,0,0,0,0,0,0,0,0,0,0,0,0,0,0,3,3,32
13257.801805,9.653e-28,0.0598,0.075,0,0.75,-0.026516,NaN,NaN,NaN,NaN,NaN,NaN,NaN,NaN,NaN,NaN,NaN,NaN,NaN,NaN,0.08133,0.945,3,4,4,4,3,2,0,0,0,0,0,0,0,0,0,0,0,0,0,0,3,3,32
13257.860011,4.863e-28,0.0598,0.075,0,0.75,-0.026516,NaN,NaN,NaN,NaN,NaN,NaN,NaN,NaN,NaN,NaN,NaN,NaN,NaN,NaN,0.08133,0.945,3,4,4,4,3,2,0,0,0,0,0,0,0,0,0,0,0,0,0,0,3,3,32
13258.013599,5.094e-28,0.0598,0.075,0,0.75,-0.026516,NaN,NaN,NaN,NaN,NaN,NaN,NaN,NaN,NaN,NaN,NaN,NaN,NaN,NaN,0.08133,0.945,3,4,4,4,3,2,0,0,0,0,0,0,0,0,0,0,0,0,0,0,3,3,32
13258.19584,5.123e-28,0.0598,0.075,0,0.75,-0.026516,NaN,NaN,NaN,NaN,NaN,NaN,NaN,NaN,NaN,NaN,NaN,NaN,NaN,NaN,0.08133,0.945,3,4,4,4,3,2,0,0,0,0,0,0,0,0,0,0,0,0,0,0,3,3,32
13258.289414,7.158e-28,0.0598,0.075,0,0.75,-0.026517,NaN,NaN,NaN,NaN,NaN,NaN,NaN,NaN,NaN,NaN,NaN,NaN,NaN,NaN,0.08133,0.945,3,4,4,4,3,2,0,0,0,0,0,0,0,0,0,0,0,0,0,0,3,3,32
13258.370452,9.836e-28,0.0598,0.075,0,0.75,-0.026517,NaN,NaN,NaN,NaN,NaN,NaN,NaN,NaN,NaN,NaN,NaN,NaN,NaN,NaN,0.08133,0.945,3,4,4,4,3,2,0,0,0,0,0,0,0,0,0,0,0,0,0,0,3,3,32
13258.61884,5.181e-28,0.0598,0.075,0,0.75,-0.026517,NaN,NaN,NaN,NaN,NaN,NaN,NaN,NaN,NaN,NaN,NaN,NaN,NaN,NaN,0.08133,0.945,3,4,4,4,3,2,0,0,0,0,0,0,0,0,0,0,0,0,0,0,3,3,32
13258.815871,4.534e-28,0.0598,0.075,0,0.75,-0.026518,NaN,NaN,NaN,NaN,NaN,NaN,NaN,NaN,NaN,NaN,NaN,NaN,NaN,NaN,0.08133,0.945,3,4,4,4,3,2,0,0,0,0,0,0,0,0,0,0,0,0,0,0,3,3,32
13258.913736,6.285e-28,0.0598,0.075,0,0.75,-0.026518,NaN,NaN,NaN,NaN,NaN,NaN,NaN,NaN,NaN,NaN,NaN,NaN,NaN,NaN,0.08133,0.945,3,4,4,4,3,2,0,0,0,0,0,0,0,0,0,0,0,0,0,0,3,3,32
13259.039713,4.082e-28,0.0598,0.075,0,0.75,-0.026518,NaN,NaN,NaN,NaN,NaN,NaN,NaN,NaN,NaN,NaN,NaN,NaN,NaN,NaN,0.08133,0.945,3,4,4,4,3,2,0,0,0,0,0,0,0,0,0,0,0,0,0,0,3,3,32
13259.428472,1.459e-27,0.0598,0.075,0,0.75,-0.026519,NaN,NaN,NaN,NaN,NaN,NaN,NaN,NaN,NaN,NaN,NaN,NaN,NaN,NaN,0.08133,0.945,3,4,4,4,3,2,0,0,0,0,0,0,0,0,0,0,0,0,0,0,3,3,32
13259.567759,1.51e-27,0.0598,0.075,0,0.75,-0.026519,NaN,NaN,NaN,NaN,NaN,NaN,NaN,NaN,NaN,NaN,NaN,NaN,NaN,NaN,0.08133,0.945,3,4,4,4,3,2,0,0,0,0,0,0,0,0,0,0,0,0,0,0,3,3,32
13259.837751,6.162e-28,0.0598,0.075,0,0.75,-0.02652,NaN,NaN,NaN,NaN,NaN,NaN,NaN,NaN,NaN,NaN,NaN,NaN,NaN,NaN,0.08133,0.945,3,4,4,4,3,2,0,0,0,0,0,0,0,0,0,0,0,0,0,0,3,3,32
13259.989756,1.411e-27,0.0598,0.075,0,0.75,-0.02652,NaN,NaN,NaN,NaN,NaN,NaN,NaN,NaN,NaN,NaN,NaN,NaN,NaN,NaN,0.08133,0.945,3,4,4,4,3,2,0,0,0,0,0,0,0,0,0,0,0,0,0,0,3,3,32
13260.028061,1.943e-27,0.0598,0.075,0,0.75,-0.02652,NaN,NaN,NaN,NaN,NaN,NaN,NaN,NaN,NaN,NaN,NaN,NaN,NaN,NaN,0.08133,0.945,3,4,4,4,3,2,0,0,0,0,0,0,0,0,0,0,0,0,0,0,3,3,32
13260.241037,1.653e-27,0.0598,0.075,0,0.75,-0.02652,NaN,NaN,NaN,NaN,NaN,NaN,NaN,NaN,NaN,NaN,NaN,NaN,NaN,NaN,0.08133,0.945,3,4,4,4,3,2,0,0,0,0,0,0,0,0,0,0,0,0,0,0,3,3,32
13260.476457,1.331e-27,0.0598,0.075,0,0.75,-0.026521,NaN,NaN,NaN,NaN,NaN,NaN,NaN,NaN,NaN,NaN,NaN,NaN,NaN,NaN,0.08133,0.945,3,4,4,4,3,2,0,0,0,0,0,0,0,0,0,0,0,0,0,0,3,3,32
13260.773593,9.419e-28,0.0598,0.075,0,0.75,-0.026522,NaN,NaN,NaN,NaN,NaN,NaN,NaN,NaN,NaN,NaN,NaN,NaN,NaN,NaN,0.08133,0.945,3,4,4,4,3,2,0,0,0,0,0,0,0,0,0,0,0,0,0,0,3,3,32
13260.88735,6.429e-28,0.0598,0.075,0,0.75,-0.026522,NaN,NaN,NaN,NaN,NaN,NaN,NaN,NaN,NaN,NaN,NaN,NaN,NaN,NaN,0.08133,0.945,3,4,4,4,3,2,0,0,0,0,0,0,0,0,0,0,0,0,0,0,3,3,32
13261.098813,9.949e-28,0.0598,0.075,0,0.75,-0.026522,NaN,NaN,NaN,NaN,NaN,NaN,NaN,NaN,NaN,NaN,NaN,NaN,NaN,NaN,0.08133,0.945,3,4,4,4,3,2,0,0,0,0,0,0,0,0,0,0,0,0,0,0,3,3,32
13261.590141,1.061e-27,0.0598,0.075,0,0.75,-0.026523,NaN,NaN,NaN,NaN,NaN,NaN,NaN,NaN,NaN,NaN,NaN,NaN,NaN,NaN,0.08133,0.945,3,4,4,4,3,2,0,0,0,0,0,0,0,0,0,0,0,0,0,0,3,3,32
13261.691732,4.245e-28,0.0598,0.075,0,0.75,-0.026523,NaN,NaN,NaN,NaN,NaN,NaN,NaN,NaN,NaN,NaN,NaN,NaN,NaN,NaN,0.08133,0.945,3,4,4,4,3,2,0,0,0,0,0,0,0,0,0,0,0,0,0,0,3,3,32
13261.806558,4.578e-28,0.0598,0.075,0,0.75,-0.026524,NaN,NaN,NaN,NaN,NaN,NaN,NaN,NaN,NaN,NaN,NaN,NaN,NaN,NaN,0.08133,0.945,3,4,4,4,3,2,0,0,0,0,0,0,0,0,0,0,0,0,0,0,3,3,32
13262.217033,1.168e-27,0.0598,0.075,0,0.75,-0.026524,NaN,NaN,NaN,NaN,NaN,NaN,NaN,NaN,NaN,NaN,NaN,NaN,NaN,NaN,0.08133,0.945,3,4,4,4,3,2,0,0,0,0,0,0,0,0,0,0,0,0,0,0,3,3,32
13262.367028,8.827e-28,0.0598,0.075,0,0.75,-0.026525,NaN,NaN,NaN,NaN,NaN,NaN,NaN,NaN,NaN,NaN,NaN,NaN,NaN,NaN,0.08133,0.945,3,4,4,4,3,2,0,0,0,0,0,0,0,0,0,0,0,0,0,0,3,3,32
13262.539242,7.27e-28,0.0598,0.075,0,0.75,-0.026525,NaN,NaN,NaN,NaN,NaN,NaN,NaN,NaN,NaN,NaN,NaN,NaN,NaN,NaN,0.08133,0.945,3,4,4,4,3,2,0,0,0,0,0,0,0,0,0,0,0,0,0,0,3,3,32
13262.776156,5.965e-28,0.0598,0.075,0,0.75,-0.026526,NaN,NaN,NaN,NaN,NaN,NaN,NaN,NaN,NaN,NaN,NaN,NaN,NaN,NaN,0.08133,0.945,3,4,4,4,3,2,0,0,0,0,0,0,0,0,0,0,0,0,0,0,3,3,32
13263.003416,5.834e-28,0.0598,0.075,0,0.75,-0.026526,NaN,NaN,NaN,NaN,NaN,NaN,NaN,NaN,NaN,NaN,NaN,NaN,NaN,NaN,0.08133,0.945,3,4,4,4,3,2,0,0,0,0,0,0,0,0,0,0,0,0,0,0,3,3,32
13263.059252,4.609e-28,0.0598,0.075,0,0.75,-0.026526,NaN,NaN,NaN,NaN,NaN,NaN,NaN,NaN,NaN,NaN,NaN,NaN,NaN,NaN,0.08133,0.945,3,4,4,4,3,2,0,0,0,0,0,0,0,0,0,0,0,0,0,0,3,3,32
13263.438015,5.537e-28,0.0598,0.075,0,0.75,-0.026527,NaN,NaN,NaN,NaN,NaN,NaN,NaN,NaN,NaN,NaN,NaN,NaN,NaN,NaN,0.08133,0.945,3,4,4,4,3,2,0,0,0,0,0,0,0,0,0,0,0,0,0,0,3,3,32
13263.503085,5.371e-28,0.0598,0.075,0,0.75,-0.026527,NaN,NaN,NaN,NaN,NaN,NaN,NaN,NaN,NaN,NaN,NaN,NaN,NaN,NaN,0.08133,0.945,3,4,4,4,3,2,0,0,0,0,0,0,0,0,0,0,0,0,0,0,3,3,32
13263.755721,1.417e-27,0.0598,0.075,0,0.75,-0.026528,NaN,NaN,NaN,NaN,NaN,NaN,NaN,NaN,NaN,NaN,NaN,NaN,NaN,NaN,0.08133,0.945,3,4,4,4,3,2,0,0,0,0,0,0,0,0,0,0,0,0,0,0,3,3,32
13263.887023,8.985e-28,0.0598,0.075,0,0.75,-0.026528,NaN,NaN,NaN,NaN,NaN,NaN,NaN,NaN,NaN,NaN,NaN,NaN,NaN,NaN,0.08133,0.945,3,4,4,4,3,2,0,0,0,0,0,0,0,0,0,0,0,0,0,0,3,3,32
13264.011577,4.903e-28,0.0598,0.075,0,0.75,-0.026528,NaN,NaN,NaN,NaN,NaN,NaN,NaN,NaN,NaN,NaN,NaN,NaN,NaN,NaN,0.08133,0.945,3,4,4,4,3,2,0,0,0,0,0,0,0,0,0,0,0,0,0,0,3,3,32
13264.214687,5.176e-28,0.0598,0.075,0,0.75,-0.026528,NaN,NaN,NaN,NaN,NaN,NaN,NaN,NaN,NaN,NaN,NaN,NaN,NaN,NaN,0.08133,0.945,3,4,4,4,3,2,0,0,0,0,0,0,0,0,0,0,0,0,0,0,3,3,32
13264.422902,7.615e-28,0.0598,0.075,0,0.75,-0.026529,NaN,NaN,NaN,NaN,NaN,NaN,NaN,NaN,NaN,NaN,NaN,NaN,NaN,NaN,0.08133,0.945,3,4,4,4,3,2,0,0,0,0,0,0,0,0,0,0,0,0,0,0,3,3,32
13264.474261,8.361e-28,0.0598,0.075,0,0.75,-0.026529,NaN,NaN,NaN,NaN,NaN,NaN,NaN,NaN,NaN,NaN,NaN,NaN,NaN,NaN,0.08133,0.945,3,4,4,4,3,2,0,0,0,0,0,0,0,0,0,0,0,0,0,0,3,3,32
13264.871906,4.998e-28,0.0598,0.075,0,0.75,-0.02653,NaN,NaN,NaN,NaN,NaN,NaN,NaN,NaN,NaN,NaN,NaN,NaN,NaN,NaN,0.08133,0.945,3,4,4,4,3,2,0,0,0,0,0,0,0,0,0,0,0,0,0,0,3,3,32
13265.114906,9.118e-28,0.0598,0.075,0,0.75,-0.02653,NaN,NaN,NaN,NaN,NaN,NaN,NaN,NaN,NaN,NaN,NaN,NaN,NaN,NaN,0.08133,0.945,3,4,4,4,3,2,0,0,0,0,0,0,0,0,0,0,0,0,0,0,3,3,32
13266.002349,8.843e-28,0.0598,0.075,0,0.75,-0.026532,NaN,NaN,NaN,NaN,NaN,NaN,NaN,NaN,NaN,NaN,NaN,NaN,NaN,NaN,0.08133,0.945,3,4,4,4,3,2,0,0,0,0,0,0,0,0,0,0,0,0,0,0,3,3,32
13266.057424,1.011e-27,0.0598,0.075,0,0.75,-0.026532,NaN,NaN,NaN,NaN,NaN,NaN,NaN,NaN,NaN,NaN,NaN,NaN,NaN,NaN,0.08133,0.945,3,4,4,4,3,2,0,0,0,0,0,0,0,0,0,0,0,0,0,0,3,3,32
13266.656537,5.415e-28,0.0598,0.075,0,0.75,-0.026533,NaN,NaN,NaN,NaN,NaN,NaN,NaN,NaN,NaN,NaN,NaN,NaN,NaN,NaN,0.08133,0.945,3,4,4,4,3,2,0,0,0,0,0,0,0,0,0,0,0,0,0,0,3,3,32
13266.723416,7.797e-28,0.0598,0.075,0,0.75,-0.026533,NaN,NaN,NaN,NaN,NaN,NaN,NaN,NaN,NaN,NaN,NaN,NaN,NaN,NaN,0.08133,0.945,3,4,4,4,3,2,0,0,0,0,0,0,0,0,0,0,0,0,0,0,3,3,32
13266.79264,6.164e-28,0.0598,0.075,0,0.75,-0.026534,NaN,NaN,NaN,NaN,NaN,NaN,NaN,NaN,NaN,NaN,NaN,NaN,NaN,NaN,0.08133,0.945,3,4,4,4,3,2,0,0,0,0,0,0,0,0,0,0,0,0,0,0,3,3,32
13266.926966,4.173e-28,0.0598,0.075,0,0.75,-0.026534,NaN,NaN,NaN,NaN,NaN,NaN,NaN,NaN,NaN,NaN,NaN,NaN,NaN,NaN,0.08133,0.945,3,4,4,4,3,2,0,0,0,0,0,0,0,0,0,0,0,0,0,0,3,3,32
13266.972311,6.182e-28,0.0598,0.075,0,0.75,-0.026534,NaN,NaN,NaN,NaN,NaN,NaN,NaN,NaN,NaN,NaN,NaN,NaN,NaN,NaN,0.08133,0.945,3,4,4,4,3,2,0,0,0,0,0,0,0,0,0,0,0,0,0,0,3,3,32
13267.20965,9.844e-28,0.0598,0.075,0,0.75,-0.026534,NaN,NaN,NaN,NaN,NaN,NaN,NaN,NaN,NaN,NaN,NaN,NaN,NaN,NaN,0.08133,0.945,3,4,4,4,3,2,0,0,0,0,0,0,0,0,0,0,0,0,0,0,3,3,32
13267.260247,4.28e-28,0.0598,0.075,0,0.75,-0.026535,NaN,NaN,NaN,NaN,NaN,NaN,NaN,NaN,NaN,NaN,NaN,NaN,NaN,NaN,0.08133,0.945,3,4,4,4,3,2,0,0,0,0,0,0,0,0,0,0,0,0,0,0,3,3,32
13267.331421,9.68e-28,0.0598,0.075,0,0.75,-0.026535,NaN,NaN,NaN,NaN,NaN,NaN,NaN,NaN,NaN,NaN,NaN,NaN,NaN,NaN,0.08133,0.945,3,4,4,4,3,2,0,0,0,0,0,0,0,0,0,0,0,0,0,0,3,3,32
13267.442931,4.114e-28,0.0598,0.075,0,0.75,-0.026535,NaN,NaN,NaN,NaN,NaN,NaN,NaN,NaN,NaN,NaN,NaN,NaN,NaN,NaN,0.08133,0.945,3,4,4,4,3,2,0,0,0,0,0,0,0,0,0,0,0,0,0,0,3,3,32
13267.629709,8.405e-28,0.0598,0.075,0,0.75,-0.026535,NaN,NaN,NaN,NaN,NaN,NaN,NaN,NaN,NaN,NaN,NaN,NaN,NaN,NaN,0.08133,0.945,3,4,4,4,3,2,0,0,0,0,0,0,0,0,0,0,0,0,0,0,3,3,32
13267.833491,1.014e-27,0.0598,0.075,0,0.75,-0.026536,NaN,NaN,NaN,NaN,NaN,NaN,NaN,NaN,NaN,NaN,NaN,NaN,NaN,NaN,0.08133,0.945,3,4,4,4,3,2,0,0,0,0,0,0,0,0,0,0,0,0,0,0,3,3,32
13267.94776,7.631e-28,0.0598,0.075,0,0.75,-0.026536,NaN,NaN,NaN,NaN,NaN,NaN,NaN,NaN,NaN,NaN,NaN,NaN,NaN,NaN,0.08133,0.945,3,4,4,4,3,2,0,0,0,0,0,0,0,0,0,0,0,0,0,0,3,3,32
13267.989036,1.018e-27,0.0598,0.075,0,0.75,-0.026536,NaN,NaN,NaN,NaN,NaN,NaN,NaN,NaN,NaN,NaN,NaN,NaN,NaN,NaN,0.08133,0.945,3,4,4,4,3,2,0,0,0,0,0,0,0,0,0,0,0,0,0,0,3,3,32
13268.194687,8.101e-28,0.0598,0.075,0,0.75,-0.026536,NaN,NaN,NaN,NaN,NaN,NaN,NaN,NaN,NaN,NaN,NaN,NaN,NaN,NaN,0.08133,0.945,3,4,4,4,3,2,0,0,0,0,0,0,0,0,0,0,0,0,0,0,3,3,32
13268.278837,5.386e-28,0.0598,0.075,0,0.75,-0.026537,NaN,NaN,NaN,NaN,NaN,NaN,NaN,NaN,NaN,NaN,NaN,NaN,NaN,NaN,0.08133,0.945,3,4,4,4,3,2,0,0,0,0,0,0,0,0,0,0,0,0,0,0,3,3,32
13268.678124,8.603e-28,0.0598,0.075,0,0.75,-0.026537,NaN,NaN,NaN,NaN,NaN,NaN,NaN,NaN,NaN,NaN,NaN,NaN,NaN,NaN,0.08133,0.945,3,4,4,4,3,2,0,0,0,0,0,0,0,0,0,0,0,0,0,0,3,3,32
13268.92081,7.058e-28,0.0598,0.075,0,0.75,-0.026538,NaN,NaN,NaN,NaN,NaN,NaN,NaN,NaN,NaN,NaN,NaN,NaN,NaN,NaN,0.08133,0.945,3,4,4,4,3,2,0,0,0,0,0,0,0,0,0,0,0,0,0,0,3,3,32
13269.046685,1.067e-27,0.0598,0.075,0,0.75,-0.026538,NaN,NaN,NaN,NaN,NaN,NaN,NaN,NaN,NaN,NaN,NaN,NaN,NaN,NaN,0.08133,0.945,3,4,4,4,3,2,0,0,0,0,0,0,0,0,0,0,0,0,0,0,3,3,32
13269.502021,5.391e-28,0.0598,0.075,0,0.75,-0.026539,NaN,NaN,NaN,NaN,NaN,NaN,NaN,NaN,NaN,NaN,NaN,NaN,NaN,NaN,0.08133,0.945,3,4,4,4,3,2,0,0,0,0,0,0,0,0,0,0,0,0,0,0,3,3,32
13269.684362,6.768e-28,0.0598,0.075,0,0.75,-0.026539,NaN,NaN,NaN,NaN,NaN,NaN,NaN,NaN,NaN,NaN,NaN,NaN,NaN,NaN,0.08133,0.945,3,4,4,4,3,2,0,0,0,0,0,0,0,0,0,0,0,0,0,0,3,3,32
13269.972003,1.113e-27,0.0598,0.075,0,0.75,-0.02654,NaN,NaN,NaN,NaN,NaN,NaN,NaN,NaN,NaN,NaN,NaN,NaN,NaN,NaN,0.08133,0.945,3,4,4,4,3,2,0,0,0,0,0,0,0,0,0,0,0,0,0,0,3,3,32
13270.026977,5.496e-28,0.0598,0.075,0,0.75,-0.02654,NaN,NaN,NaN,NaN,NaN,NaN,NaN,NaN,NaN,NaN,NaN,NaN,NaN,NaN,0.08133,0.945,3,4,4,4,3,2,0,0,0,0,0,0,0,0,0,0,0,0,0,0,3,3,32
13270.682173,1.158e-27,0.0598,0.075,0,0.75,-0.026541,NaN,NaN,NaN,NaN,NaN,NaN,NaN,NaN,NaN,NaN,NaN,NaN,NaN,NaN,0.08133,0.945,3,4,4,4,3,2,0,0,0,0,0,0,0,0,0,0,0,0,0,0,3,3,32
13270.727179,4.348e-28,0.0598,0.075,0,0.75,-0.026541,NaN,NaN,NaN,NaN,NaN,NaN,NaN,NaN,NaN,NaN,NaN,NaN,NaN,NaN,0.08133,0.945,3,4,4,4,3,2,0,0,0,0,0,0,0,0,0,0,0,0,0,0,3,3,32
13271.049691,6.45e-28,0.0598,0.075,0,0.75,-0.026542,NaN,NaN,NaN,NaN,NaN,NaN,NaN,NaN,NaN,NaN,NaN,NaN,NaN,NaN,0.08133,0.945,3,4,4,4,3,2,0,0,0,0,0,0,0,0,0,0,0,0,0,0,3,3,32
13271.486342,5.827e-28,0.0598,0.075,0,0.75,-0.026543,NaN,NaN,NaN,NaN,NaN,NaN,NaN,NaN,NaN,NaN,NaN,NaN,NaN,NaN,0.08133,0.945,3,4,4,4,3,2,0,0,0,0,0,0,0,0,0,0,0,0,0,0,3,3,32
13271.709697,1.531e-27,0.0598,0.075,0,0.75,-0.026543,NaN,NaN,NaN,NaN,NaN,NaN,NaN,NaN,NaN,NaN,NaN,NaN,NaN,NaN,0.08133,0.945,3,4,4,4,3,2,0,0,0,0,0,0,0,0,0,0,0,0,0,0,3,3,32
13271.760961,4.285e-28,0.0598,0.075,0,0.75,-0.026544,NaN,NaN,NaN,NaN,NaN,NaN,NaN,NaN,NaN,NaN,NaN,NaN,NaN,NaN,0.08133,0.945,3,4,4,4,3,2,0,0,0,0,0,0,0,0,0,0,0,0,0,0,3,3,32
13271.927095,6.13e-28,0.0598,0.075,0,0.75,-0.026544,NaN,NaN,NaN,NaN,NaN,NaN,NaN,NaN,NaN,NaN,NaN,NaN,NaN,NaN,0.08133,0.945,3,4,4,4,3,2,0,0,0,0,0,0,0,0,0,0,0,0,0,0,3,3,32
13271.958661,5.472e-28,0.0598,0.075,0,0.75,-0.026544,NaN,NaN,NaN,NaN,NaN,NaN,NaN,NaN,NaN,NaN,NaN,NaN,NaN,NaN,0.08133,0.945,3,4,4,4,3,2,0,0,0,0,0,0,0,0,0,0,0,0,0,0,3,3,32
13272.050727,1.299e-27,0.0598,0.075,0,0.75,-0.026544,NaN,NaN,NaN,NaN,NaN,NaN,NaN,NaN,NaN,NaN,NaN,NaN,NaN,NaN,0.08133,0.945,3,4,4,4,3,2,0,0,0,0,0,0,0,0,0,0,0,0,0,0,3,3,32
13272.46159,6.527e-28,0.0598,0.075,0,0.75,-0.026545,NaN,NaN,NaN,NaN,NaN,NaN,NaN,NaN,NaN,NaN,NaN,NaN,NaN,NaN,0.08133,0.945,3,4,4,4,3,2,0,0,0,0,0,0,0,0,0,0,0,0,0,0,3,3,32
13272.57832,9.366e-28,0.0598,0.075,0,0.75,-0.026545,NaN,NaN,NaN,NaN,NaN,NaN,NaN,NaN,NaN,NaN,NaN,NaN,NaN,NaN,0.08133,0.945,3,4,4,4,3,2,0,0,0,0,0,0,0,0,0,0,0,0,0,0,3,3,32
13272.867187,7.031e-28,0.0598,0.075,0,0.75,-0.026546,NaN,NaN,NaN,NaN,NaN,NaN,NaN,NaN,NaN,NaN,NaN,NaN,NaN,NaN,0.08133,0.945,3,4,4,4,3,2,0,0,0,0,0,0,0,0,0,0,0,0,0,0,3,3,32
13272.977851,8.591e-28,0.0598,0.075,0,0.75,-0.026546,NaN,NaN,NaN,NaN,NaN,NaN,NaN,NaN,NaN,NaN,NaN,NaN,NaN,NaN,0.08133,0.945,3,4,4,4,3,2,0,0,0,0,0,0,0,0,0,0,0,0,0,0,3,3,32
13273.072744,4.265e-28,0.0598,0.075,0,0.75,-0.026546,NaN,NaN,NaN,NaN,NaN,NaN,NaN,NaN,NaN,NaN,NaN,NaN,NaN,NaN,0.08133,0.945,3,4,4,4,3,2,0,0,0,0,0,0,0,0,0,0,0,0,0,0,3,3,32
13273.295703,1.259e-27,0.0598,0.075,0,0.75,-0.026547,NaN,NaN,NaN,NaN,NaN,NaN,NaN,NaN,NaN,NaN,NaN,NaN,NaN,NaN,0.08133,0.945,3,4,4,4,3,2,0,0,0,0,0,0,0,0,0,0,0,0,0,0,3,3,32
13273.491582,8.106e-28,0.0598,0.075,0,0.75,-0.026547,NaN,NaN,NaN,NaN,NaN,NaN,NaN,NaN,NaN,NaN,NaN,NaN,NaN,NaN,0.08133,0.945,3,4,4,4,3,2,0,0,0,0,0,0,0,0,0,0,0,0,0,0,3,3,32
13273.638885,9.059e-28,0.0598,0.075,0,0.75,-0.026547,NaN,NaN,NaN,NaN,NaN,NaN,NaN,NaN,NaN,NaN,NaN,NaN,NaN,NaN,0.08133,0.945,3,4,4,4,3,2,0,0,0,0,0,0,0,0,0,0,0,0,0,0,3,3,32
13273.860776,7.335e-28,0.0598,0.075,0,0.75,-0.026548,NaN,NaN,NaN,NaN,NaN,NaN,NaN,NaN,NaN,NaN,NaN,NaN,NaN,NaN,0.08133,0.945,3,4,4,4,3,2,0,0,0,0,0,0,0,0,0,0,0,0,0,0,3,3,32
13274.316337,7.046e-28,0.0598,0.075,0,0.75,-0.026549,NaN,NaN,NaN,NaN,NaN,NaN,NaN,NaN,NaN,NaN,NaN,NaN,NaN,NaN,0.08133,0.945,3,4,4,4,3,2,0,0,0,0,0,0,0,0,0,0,0,0,0,0,3,3,32
13274.461421,4.965e-28,0.0598,0.075,0,0.75,-0.026549,NaN,NaN,NaN,NaN,NaN,NaN,NaN,NaN,NaN,NaN,NaN,NaN,NaN,NaN,0.08133,0.945,3,4,4,4,3,2,0,0,0,0,0,0,0,0,0,0,0,0,0,0,3,3,32
13274.556508,4.766e-28,0.0598,0.075,0,0.75,-0.026549,NaN,NaN,NaN,NaN,NaN,NaN,NaN,NaN,NaN,NaN,NaN,NaN,NaN,NaN,0.08133,0.945,3,4,4,4,3,2,0,0,0,0,0,0,0,0,0,0,0,0,0,0,3,3,32
13274.601701,5.832e-28,0.0598,0.075,0,0.75,-0.026549,NaN,NaN,NaN,NaN,NaN,NaN,NaN,NaN,NaN,NaN,NaN,NaN,NaN,NaN,0.08133,0.945,3,4,4,4,3,2,0,0,0,0,0,0,0,0,0,0,0,0,0,0,3,3,32
13275.139132,6.379e-28,0.0598,0.075,0,0.75,-0.02655,NaN,NaN,NaN,NaN,NaN,NaN,NaN,NaN,NaN,NaN,NaN,NaN,NaN,NaN,0.08133,0.945,3,4,4,4,3,2,0,0,0,0,0,0,0,0,0,0,0,0,0,0,3,3,32
13275.311646,5.081e-28,0.0598,0.075,0,0.75,-0.026551,NaN,NaN,NaN,NaN,NaN,NaN,NaN,NaN,NaN,NaN,NaN,NaN,NaN,NaN,0.08133,0.945,3,4,4,4,3,2,0,0,0,0,0,0,0,0,0,0,0,0,0,0,3,3,32
13275.525663,5.527e-28,0.0598,0.075,0,0.75,-0.026551,NaN,NaN,NaN,NaN,NaN,NaN,NaN,NaN,NaN,NaN,NaN,NaN,NaN,NaN,0.08133,0.945,3,4,4,4,3,2,0,0,0,0,0,0,0,0,0,0,0,0,0,0,3,3,32
13276.109343,6.622e-28,0.0598,0.075,0,0.75,-0.026552,NaN,NaN,NaN,NaN,NaN,NaN,NaN,NaN,NaN,NaN,NaN,NaN,NaN,NaN,0.08133,0.945,3,4,4,4,3,2,0,0,0,0,0,0,0,0,0,0,0,0,0,0,3,3,32
13276.202637,6.883e-28,0.0598,0.075,0,0.75,-0.026552,NaN,NaN,NaN,NaN,NaN,NaN,NaN,NaN,NaN,NaN,NaN,NaN,NaN,NaN,0.08133,0.945,3,4,4,4,3,2,0,0,0,0,0,0,0,0,0,0,0,0,0,0,3,3,32
13276.450998,7.345e-28,0.0598,0.075,0,0.75,-0.026553,NaN,NaN,NaN,NaN,NaN,NaN,NaN,NaN,NaN,NaN,NaN,NaN,NaN,NaN,0.08133,0.945,3,4,4,4,3,2,0,0,0,0,0,0,0,0,0,0,0,0,0,0,3,3,32
13276.512291,5.327e-28,0.0598,0.075,0,0.75,-0.026553,NaN,NaN,NaN,NaN,NaN,NaN,NaN,NaN,NaN,NaN,NaN,NaN,NaN,NaN,0.08133,0.945,3,4,4,4,3,2,0,0,0,0,0,0,0,0,0,0,0,0,0,0,3,3,32
13276.898831,9.152e-28,0.0598,0.075,0,0.75,-0.026554,NaN,NaN,NaN,NaN,NaN,NaN,NaN,NaN,NaN,NaN,NaN,NaN,NaN,NaN,0.08133,0.945,3,4,4,4,3,2,0,0,0,0,0,0,0,0,0,0,0,0,0,0,3,3,32
13276.977188,8.096e-28,0.0598,0.075,0,0.75,-0.026554,NaN,NaN,NaN,NaN,NaN,NaN,NaN,NaN,NaN,NaN,NaN,NaN,NaN,NaN,0.08133,0.945,3,4,4,4,3,2,0,0,0,0,0,0,0,0,0,0,0,0,0,0,3,3,32
13277.290401,7.861e-28,0.0598,0.075,0,0.75,-0.026555,NaN,NaN,NaN,NaN,NaN,NaN,NaN,NaN,NaN,NaN,NaN,NaN,NaN,NaN,0.08133,0.945,3,4,4,4,3,2,0,0,0,0,0,0,0,0,0,0,0,0,0,0,3,3,32
13277.495867,2.663e-27,0.0598,0.075,0,0.75,-0.026555,NaN,NaN,NaN,NaN,NaN,NaN,NaN,NaN,NaN,NaN,NaN,NaN,NaN,NaN,0.08133,0.945,3,4,4,4,3,2,0,0,0,0,0,0,0,0,0,0,0,0,0,0,3,3,32
13277.664361,1.502e-27,0.0598,0.075,0,0.75,-0.026555,NaN,NaN,NaN,NaN,NaN,NaN,NaN,NaN,NaN,NaN,NaN,NaN,NaN,NaN,0.08133,0.945,3,4,4,4,3,2,0,0,0,0,0,0,0,0,0,0,0,0,0,0,3,3,32
13277.74326,4.285e-28,0.0598,0.075,0,0.75,-0.026555,NaN,NaN,NaN,NaN,NaN,NaN,NaN,NaN,NaN,NaN,NaN,NaN,NaN,NaN,0.08133,0.945,3,4,4,4,3,2,0,0,0,0,0,0,0,0,0,0,0,0,0,0,3,3,32
13278.193734,6.215e-28,0.0598,0.075,0,0.75,-0.026556,NaN,NaN,NaN,NaN,NaN,NaN,NaN,NaN,NaN,NaN,NaN,NaN,NaN,NaN,0.08133,0.945,3,4,4,4,3,2,0,0,0,0,0,0,0,0,0,0,0,0,0,0,3,3,32
13278.884024,4.392e-28,0.0598,0.075,0,0.75,-0.026558,NaN,NaN,NaN,NaN,NaN,NaN,NaN,NaN,NaN,NaN,NaN,NaN,NaN,NaN,0.08133,0.945,3,4,4,4,3,2,0,0,0,0,0,0,0,0,0,0,0,0,0,0,3,3,32
13279.020337,7.266e-28,0.0598,0.075,0,0.75,-0.026558,NaN,NaN,NaN,NaN,NaN,NaN,NaN,NaN,NaN,NaN,NaN,NaN,NaN,NaN,0.08133,0.945,3,4,4,4,3,2,0,0,0,0,0,0,0,0,0,0,0,0,0,0,3,3,32
13279.063191,4.755e-28,0.0598,0.075,0,0.75,-0.026558,NaN,NaN,NaN,NaN,NaN,NaN,NaN,NaN,NaN,NaN,NaN,NaN,NaN,NaN,0.08133,0.945,3,4,4,4,3,2,0,0,0,0,0,0,0,0,0,0,0,0,0,0,3,3,32
13279.449238,4.226e-28,0.0598,0.075,0,0.75,-0.026559,NaN,NaN,NaN,NaN,NaN,NaN,NaN,NaN,NaN,NaN,NaN,NaN,NaN,NaN,0.08133,0.945,3,4,4,4,3,2,0,0,0,0,0,0,0,0,0,0,0,0,0,0,3,3,32
13279.603189,6.074e-28,0.0598,0.075,0,0.75,-0.026559,NaN,NaN,NaN,NaN,NaN,NaN,NaN,NaN,NaN,NaN,NaN,NaN,NaN,NaN,0.08133,0.945,3,4,4,4,3,2,0,0,0,0,0,0,0,0,0,0,0,0,0,0,3,3,32
13279.62803,6.365e-28,0.0598,0.075,0,0.75,-0.026559,NaN,NaN,NaN,NaN,NaN,NaN,NaN,NaN,NaN,NaN,NaN,NaN,NaN,NaN,0.08133,0.945,3,4,4,4,3,2,0,0,0,0,0,0,0,0,0,0,0,0,0,0,3,3,32
13279.762168,9.243e-28,0.0598,0.075,0,0.75,-0.02656,NaN,NaN,NaN,NaN,NaN,NaN,NaN,NaN,NaN,NaN,NaN,NaN,NaN,NaN,0.08133,0.945,3,4,4,4,3,2,0,0,0,0,0,0,0,0,0,0,0,0,0,0,3,3,32
13280.597894,5.994e-28,0.0598,0.075,0,0.75,-0.026561,NaN,NaN,NaN,NaN,NaN,NaN,NaN,NaN,NaN,NaN,NaN,NaN,NaN,NaN,0.08133,0.945,3,4,4,4,3,2,0,0,0,0,0,0,0,0,0,0,0,0,0,0,3,3,32
13280.732567,4.231e-28,0.0598,0.075,0,0.75,-0.026561,NaN,NaN,NaN,NaN,NaN,NaN,NaN,NaN,NaN,NaN,NaN,NaN,NaN,NaN,0.08133,0.945,3,4,4,4,3,2,0,0,0,0,0,0,0,0,0,0,0,0,0,0,3,3,32
13280.792746,5.374e-28,0.0598,0.075,0,0.75,-0.026562,NaN,NaN,NaN,NaN,NaN,NaN,NaN,NaN,NaN,NaN,NaN,NaN,NaN,NaN,0.08133,0.945,3,4,4,4,3,2,0,0,0,0,0,0,0,0,0,0,0,0,0,0,3,3,32
13281.109604,5.365e-28,0.0598,0.075,0,0.75,-0.026562,NaN,NaN,NaN,NaN,NaN,NaN,NaN,NaN,NaN,NaN,NaN,NaN,NaN,NaN,0.08133,0.945,3,4,4,4,3,2,0,0,0,0,0,0,0,0,0,0,0,0,0,0,3,3,32
13281.200044,8.796e-28,0.0598,0.075,0,0.75,-0.026562,NaN,NaN,NaN,NaN,NaN,NaN,NaN,NaN,NaN,NaN,NaN,NaN,NaN,NaN,0.08133,0.945,3,4,4,4,3,2,0,0,0,0,0,0,0,0,0,0,0,0,0,0,3,3,32
13281.377868,9.75e-28,0.0598,0.075,0,0.75,-0.026563,NaN,NaN,NaN,NaN,NaN,NaN,NaN,NaN,NaN,NaN,NaN,NaN,NaN,NaN,0.08133,0.945,3,4,4,4,3,2,0,0,0,0,0,0,0,0,0,0,0,0,0,0,3,3,32
13281.442731,2.16e-27,0.0598,0.075,0,0.75,-0.026563,NaN,NaN,NaN,NaN,NaN,NaN,NaN,NaN,NaN,NaN,NaN,NaN,NaN,NaN,0.08133,0.945,3,4,4,4,3,2,0,0,0,0,0,0,0,0,0,0,0,0,0,0,3,3,32
13281.616591,9.351e-28,0.0598,0.075,0,0.75,-0.026563,NaN,NaN,NaN,NaN,NaN,NaN,NaN,NaN,NaN,NaN,NaN,NaN,NaN,NaN,0.08133,0.945,3,4,4,4,3,2,0,0,0,0,0,0,0,0,0,0,0,0,0,0,3,3,32
13281.762663,4.445e-28,0.0598,0.075,0,0.75,-0.026564,NaN,NaN,NaN,NaN,NaN,NaN,NaN,NaN,NaN,NaN,NaN,NaN,NaN,NaN,0.08133,0.945,3,4,4,4,3,2,0,0,0,0,0,0,0,0,0,0,0,0,0,0,3,3,32
13281.880538,1.052e-27,0.0598,0.075,0,0.75,-0.026564,NaN,NaN,NaN,NaN,NaN,NaN,NaN,NaN,NaN,NaN,NaN,NaN,NaN,NaN,0.08133,0.945,3,4,4,4,3,2,0,0,0,0,0,0,0,0,0,0,0,0,0,0,3,3,32
13281.970687,7.437e-28,0.0598,0.075,0,0.75,-0.026564,NaN,NaN,NaN,NaN,NaN,NaN,NaN,NaN,NaN,NaN,NaN,NaN,NaN,NaN,0.08133,0.945,3,4,4,4,3,2,0,0,0,0,0,0,0,0,0,0,0,0,0,0,3,3,32
13282.029977,4.787e-28,0.0598,0.075,0,0.75,-0.026564,NaN,NaN,NaN,NaN,NaN,NaN,NaN,NaN,NaN,NaN,NaN,NaN,NaN,NaN,0.08133,0.945,3,4,4,4,3,2,0,0,0,0,0,0,0,0,0,0,0,0,0,0,3,3,32
13282.343066,8.252e-28,0.0598,0.075,0,0.75,-0.026565,NaN,NaN,NaN,NaN,NaN,NaN,NaN,NaN,NaN,NaN,NaN,NaN,NaN,NaN,0.08133,0.945,3,4,4,4,3,2,0,0,0,0,0,0,0,0,0,0,0,0,0,0,3,3,32
13282.714886,8.62e-28,0.0598,0.075,0,0.75,-0.026565,NaN,NaN,NaN,NaN,NaN,NaN,NaN,NaN,NaN,NaN,NaN,NaN,NaN,NaN,0.08133,0.945,3,4,4,4,3,2,0,0,0,0,0,0,0,0,0,0,0,0,0,0,3,3,32
13282.806036,5.638e-28,0.0598,0.075,0,0.75,-0.026566,NaN,NaN,NaN,NaN,NaN,NaN,NaN,NaN,NaN,NaN,NaN,NaN,NaN,NaN,0.08133,0.945,3,4,4,4,3,2,0,0,0,0,0,0,0,0,0,0,0,0,0,0,3,3,32
13282.991502,1.33e-27,0.0598,0.075,0,0.75,-0.026566,NaN,NaN,NaN,NaN,NaN,NaN,NaN,NaN,NaN,NaN,NaN,NaN,NaN,NaN,0.08133,0.945,3,4,4,4,3,2,0,0,0,0,0,0,0,0,0,0,0,0,0,0,3,3,32
13283.22231,7.81e-28,0.0598,0.075,0,0.75,-0.026566,NaN,NaN,NaN,NaN,NaN,NaN,NaN,NaN,NaN,NaN,NaN,NaN,NaN,NaN,0.08133,0.945,3,4,4,4,3,2,0,0,0,0,0,0,0,0,0,0,0,0,0,0,3,3,32
13283.349503,5.298e-28,0.0598,0.075,0,0.75,-0.026567,NaN,NaN,NaN,NaN,NaN,NaN,NaN,NaN,NaN,NaN,NaN,NaN,NaN,NaN,0.08133,0.945,3,4,4,4,3,2,0,0,0,0,0,0,0,0,0,0,0,0,0,0,3,3,32
13283.385893,1.15e-27,0.0598,0.075,0,0.75,-0.026567,NaN,NaN,NaN,NaN,NaN,NaN,NaN,NaN,NaN,NaN,NaN,NaN,NaN,NaN,0.08133,0.945,3,4,4,4,3,2,0,0,0,0,0,0,0,0,0,0,0,0,0,0,3,3,32
13283.521886,4.193e-28,0.0598,0.075,0,0.75,-0.026567,NaN,NaN,NaN,NaN,NaN,NaN,NaN,NaN,NaN,NaN,NaN,NaN,NaN,NaN,0.08133,0.945,3,4,4,4,3,2,0,0,0,0,0,0,0,0,0,0,0,0,0,0,3,3,32
13283.598235,1.39e-27,0.0598,0.075,0,0.75,-0.026567,NaN,NaN,NaN,NaN,NaN,NaN,NaN,NaN,NaN,NaN,NaN,NaN,NaN,NaN,0.08133,0.945,3,4,4,4,3,2,0,0,0,0,0,0,0,0,0,0,0,0,0,0,3,3,32
13283.960023,2.445e-27,0.0598,0.075,0,0.75,-0.026568,NaN,NaN,NaN,NaN,NaN,NaN,NaN,NaN,NaN,NaN,NaN,NaN,NaN,NaN,0.08133,0.945,3,4,4,4,3,2,0,0,0,0,0,0,0,0,0,0,0,0,0,0,3,3,32
13284.064955,1.12e-27,0.0598,0.075,0,0.75,-0.026568,NaN,NaN,NaN,NaN,NaN,NaN,NaN,NaN,NaN,NaN,NaN,NaN,NaN,NaN,0.08133,0.945,3,4,4,4,3,2,0,0,0,0,0,0,0,0,0,0,0,0,0,0,3,3,32
13284.53894,4.334e-28,0.0598,0.075,0,0.75,-0.026569,NaN,NaN,NaN,NaN,NaN,NaN,NaN,NaN,NaN,NaN,NaN,NaN,NaN,NaN,0.08133,0.945,3,4,4,4,3,2,0,0,0,0,0,0,0,0,0,0,0,0,0,0,3,3,32
13284.609466,8.67e-28,0.0598,0.075,0,0.75,-0.026569,NaN,NaN,NaN,NaN,NaN,NaN,NaN,NaN,NaN,NaN,NaN,NaN,NaN,NaN,0.08133,0.945,3,4,4,4,3,2,0,0,0,0,0,0,0,0,0,0,0,0,0,0,3,3,32
13284.644648,9.317e-28,0.0598,0.075,0,0.75,-0.026569,NaN,NaN,NaN,NaN,NaN,NaN,NaN,NaN,NaN,NaN,NaN,NaN,NaN,NaN,0.08133,0.945,3,4,4,4,3,2,0,0,0,0,0,0,0,0,0,0,0,0,0,0,3,3,32
13284.864931,4.25e-28,0.0598,0.075,0,0.75,-0.02657,NaN,NaN,NaN,NaN,NaN,NaN,NaN,NaN,NaN,NaN,NaN,NaN,NaN,NaN,0.08133,0.945,3,4,4,4,3,2,0,0,0,0,0,0,0,0,0,0,0,0,0,0,3,3,32
13284.959826,4.729e-28,0.0598,0.075,0,0.75,-0.02657,NaN,NaN,NaN,NaN,NaN,NaN,NaN,NaN,NaN,NaN,NaN,NaN,NaN,NaN,0.08133,0.945,3,4,4,4,3,2,0,0,0,0,0,0,0,0,0,0,0,0,0,0,3,3,32
13285.059472,5.563e-28,0.0598,0.075,0,0.75,-0.02657,NaN,NaN,NaN,NaN,NaN,NaN,NaN,NaN,NaN,NaN,NaN,NaN,NaN,NaN,0.08133,0.945,3,4,4,4,3,2,0,0,0,0,0,0,0,0,0,0,0,0,0,0,3,3,32
13285.200958,5.183e-28,0.0598,0.075,0,0.75,-0.02657,NaN,NaN,NaN,NaN,NaN,NaN,NaN,NaN,NaN,NaN,NaN,NaN,NaN,NaN,0.08133,0.945,3,4,4,4,3,2,0,0,0,0,0,0,0,0,0,0,0,0,0,0,3,3,32
13285.347159,4.357e-28,0.0598,0.075,0,0.75,-0.026571,NaN,NaN,NaN,NaN,NaN,NaN,NaN,NaN,NaN,NaN,NaN,NaN,NaN,NaN,0.08133,0.945,3,4,4,4,3,2,0,0,0,0,0,0,0,0,0,0,0,0,0,0,3,3,32
13285.546692,5.078e-28,0.0598,0.075,0,0.75,-0.026571,NaN,NaN,NaN,NaN,NaN,NaN,NaN,NaN,NaN,NaN,NaN,NaN,NaN,NaN,0.08133,0.945,3,4,4,4,3,2,0,0,0,0,0,0,0,0,0,0,0,0,0,0,3,3,32
13285.626384,8.009e-28,0.0598,0.075,0,0.75,-0.026571,NaN,NaN,NaN,NaN,NaN,NaN,NaN,NaN,NaN,NaN,NaN,NaN,NaN,NaN,0.08133,0.945,3,4,4,4,3,2,0,0,0,0,0,0,0,0,0,0,0,0,0,0,3,3,32
13285.964538,1.294e-27,0.0598,0.075,0,0.75,-0.026572,NaN,NaN,NaN,NaN,NaN,NaN,NaN,NaN,NaN,NaN,NaN,NaN,NaN,NaN,0.08133,0.945,3,4,4,4,3,2,0,0,0,0,0,0,0,0,0,0,0,0,0,0,3,3,32
13286.192681,9.928e-28,0.0598,0.075,0,0.75,-0.026572,NaN,NaN,NaN,NaN,NaN,NaN,NaN,NaN,NaN,NaN,NaN,NaN,NaN,NaN,0.08133,0.945,3,4,4,4,3,2,0,0,0,0,0,0,0,0,0,0,0,0,0,0,3,3,32
13286.276969,1.592e-27,0.0598,0.075,0,0.75,-0.026573,NaN,NaN,NaN,NaN,NaN,NaN,NaN,NaN,NaN,NaN,NaN,NaN,NaN,NaN,0.08133,0.945,3,4,4,4,3,2,0,0,0,0,0,0,0,0,0,0,0,0,0,0,3,3,32
13286.545921,1.654e-27,0.0598,0.075,0,0.75,-0.026573,NaN,NaN,NaN,NaN,NaN,NaN,NaN,NaN,NaN,NaN,NaN,NaN,NaN,NaN,0.08133,0.945,3,4,4,4,3,2,0,0,0,0,0,0,0,0,0,0,0,0,0,0,3,3,32
13286.816208,1.878e-27,0.0598,0.075,0,0.75,-0.026574,NaN,NaN,NaN,NaN,NaN,NaN,NaN,NaN,NaN,NaN,NaN,NaN,NaN,NaN,0.08133,0.945,3,4,4,4,3,2,0,0,0,0,0,0,0,0,0,0,0,0,0,0,3,3,32
13286.885962,1.491e-27,0.0598,0.075,0,0.75,-0.026574,NaN,NaN,NaN,NaN,NaN,NaN,NaN,NaN,NaN,NaN,NaN,NaN,NaN,NaN,0.08133,0.945,3,4,4,4,3,2,0,0,0,0,0,0,0,0,0,0,0,0,0,0,3,3,32
13287.098927,5.79e-28,0.0598,0.075,0,0.75,-0.026574,NaN,NaN,NaN,NaN,NaN,NaN,NaN,NaN,NaN,NaN,NaN,NaN,NaN,NaN,0.08133,0.945,3,4,4,4,3,2,0,0,0,0,0,0,0,0,0,0,0,0,0,0,3,3,32
13287.20425,1.044e-27,0.0598,0.075,0,0.75,-0.026574,NaN,NaN,NaN,NaN,NaN,NaN,NaN,NaN,NaN,NaN,NaN,NaN,NaN,NaN,0.08133,0.945,3,4,4,4,3,2,0,0,0,0,0,0,0,0,0,0,0,0,0,0,3,3,32
13287.411754,2.054e-27,0.0598,0.075,0,0.75,-0.026575,NaN,NaN,NaN,NaN,NaN,NaN,NaN,NaN,NaN,NaN,NaN,NaN,NaN,NaN,0.08133,0.945,3,4,4,4,3,2,0,0,0,0,0,0,0,0,0,0,0,0,0,0,3,3,32
13287.531493,9.435e-28,0.0598,0.075,0,0.75,-0.026575,NaN,NaN,NaN,NaN,NaN,NaN,NaN,NaN,NaN,NaN,NaN,NaN,NaN,NaN,0.08133,0.945,3,4,4,4,3,2,0,0,0,0,0,0,0,0,0,0,0,0,0,0,3,3,32
13287.601271,1.039e-27,0.0598,0.075,0,0.75,-0.026575,NaN,NaN,NaN,NaN,NaN,NaN,NaN,NaN,NaN,NaN,NaN,NaN,NaN,NaN,0.08133,0.945,3,4,4,4,3,2,0,0,0,0,0,0,0,0,0,0,0,0,0,0,3,3,32
13287.786826,1.698e-27,0.0598,0.075,0,0.75,-0.026576,NaN,NaN,NaN,NaN,NaN,NaN,NaN,NaN,NaN,NaN,NaN,NaN,NaN,NaN,0.08133,0.945,3,4,4,4,3,2,0,0,0,0,0,0,0,0,0,0,0,0,0,0,3,3,32
13287.829859,8.353e-28,0.0598,0.075,0,0.75,-0.026576,NaN,NaN,NaN,NaN,NaN,NaN,NaN,NaN,NaN,NaN,NaN,NaN,NaN,NaN,0.08133,0.945,3,4,4,4,3,2,0,0,0,0,0,0,0,0,0,0,0,0,0,0,3,3,32
13287.943437,5.605e-28,0.0598,0.075,0,0.75,-0.026576,NaN,NaN,NaN,NaN,NaN,NaN,NaN,NaN,NaN,NaN,NaN,NaN,NaN,NaN,0.08133,0.945,3,4,4,4,3,2,0,0,0,0,0,0,0,0,0,0,0,0,0,0,3,3,32
13288.021317,1.16e-27,0.0598,0.075,0,0.75,-0.026576,NaN,NaN,NaN,NaN,NaN,NaN,NaN,NaN,NaN,NaN,NaN,NaN,NaN,NaN,0.08133,0.945,3,4,4,4,3,2,0,0,0,0,0,0,0,0,0,0,0,0,0,0,3,3,32
13288.143551,7.894e-28,0.0598,0.075,0,0.75,-0.026576,NaN,NaN,NaN,NaN,NaN,NaN,NaN,NaN,NaN,NaN,NaN,NaN,NaN,NaN,0.08133,0.945,3,4,4,4,3,2,0,0,0,0,0,0,0,0,0,0,0,0,0,0,3,3,32
13288.401079,1.12e-27,0.0598,0.075,0,0.75,-0.026577,NaN,NaN,NaN,NaN,NaN,NaN,NaN,NaN,NaN,NaN,NaN,NaN,NaN,NaN,0.08133,0.945,3,4,4,4,3,2,0,0,0,0,0,0,0,0,0,0,0,0,0,0,3,3,32
13288.471625,4.032e-28,0.0598,0.075,0,0.75,-0.026577,NaN,NaN,NaN,NaN,NaN,NaN,NaN,NaN,NaN,NaN,NaN,NaN,NaN,NaN,0.08133,0.945,3,4,4,4,3,2,0,0,0,0,0,0,0,0,0,0,0,0,0,0,3,3,32
13288.68922,9.11e-28,0.0598,0.075,0,0.75,-0.026577,NaN,NaN,NaN,NaN,NaN,NaN,NaN,NaN,NaN,NaN,NaN,NaN,NaN,NaN,0.08133,0.945,3,4,4,4,3,2,0,0,0,0,0,0,0,0,0,0,0,0,0,0,3,3,32
13288.766515,1.433e-27,0.0598,0.075,0,0.75,-0.026578,NaN,NaN,NaN,NaN,NaN,NaN,NaN,NaN,NaN,NaN,NaN,NaN,NaN,NaN,0.08133,0.945,3,4,4,4,3,2,0,0,0,0,0,0,0,0,0,0,0,0,0,0,3,3,32
13288.931913,8.401e-28,0.0598,0.075,0,0.75,-0.026578,NaN,NaN,NaN,NaN,NaN,NaN,NaN,NaN,NaN,NaN,NaN,NaN,NaN,NaN,0.08133,0.945,3,4,4,4,3,2,0,0,0,0,0,0,0,0,0,0,0,0,0,0,3,3,32
13289.191967,2.92e-27,0.0598,0.075,0,0.75,-0.026578,NaN,NaN,NaN,NaN,NaN,NaN,NaN,NaN,NaN,NaN,NaN,NaN,NaN,NaN,0.08133,0.945,3,4,4,4,3,2,0,0,0,0,0,0,0,0,0,0,0,0,0,0,3,3,32
13289.387679,1.432e-27,0.0598,0.075,0,0.75,-0.026579,NaN,NaN,NaN,NaN,NaN,NaN,NaN,NaN,NaN,NaN,NaN,NaN,NaN,NaN,0.08133,0.945,3,4,4,4,3,2,0,0,0,0,0,0,0,0,0,0,0,0,0,0,3,3,32
13289.541622,1.17e-27,0.0598,0.075,0,0.75,-0.026579,NaN,NaN,NaN,NaN,NaN,NaN,NaN,NaN,NaN,NaN,NaN,NaN,NaN,NaN,0.08133,0.945,3,4,4,4,3,2,0,0,0,0,0,0,0,0,0,0,0,0,0,0,3,3,32
13289.72311,9.08e-28,0.0598,0.075,0,0.75,-0.026579,NaN,NaN,NaN,NaN,NaN,NaN,NaN,NaN,NaN,NaN,NaN,NaN,NaN,NaN,0.08133,0.945,3,4,4,4,3,2,0,0,0,0,0,0,0,0,0,0,0,0,0,0,3,3,32
13289.777759,9.856e-28,0.0598,0.075,0,0.75,-0.02658,NaN,NaN,NaN,NaN,NaN,NaN,NaN,NaN,NaN,NaN,NaN,NaN,NaN,NaN,0.08133,0.945,3,4,4,4,3,2,0,0,0,0,0,0,0,0,0,0,0,0,0,0,3,3,32
13289.908667,5.69e-28,0.0598,0.075,0,0.75,-0.02658,NaN,NaN,NaN,NaN,NaN,NaN,NaN,NaN,NaN,NaN,NaN,NaN,NaN,NaN,0.08133,0.945,3,4,4,4,3,2,0,0,0,0,0,0,0,0,0,0,0,0,0,0,3,3,32
13290.025318,4.592e-28,0.0598,0.075,0,0.75,-0.02658,NaN,NaN,NaN,NaN,NaN,NaN,NaN,NaN,NaN,NaN,NaN,NaN,NaN,NaN,0.08133,0.945,3,4,4,4,3,2,0,0,0,0,0,0,0,0,0,0,0,0,0,0,3,3,32
13290.403437,1.288e-27,0.0598,0.075,0,0.75,-0.026581,NaN,NaN,NaN,NaN,NaN,NaN,NaN,NaN,NaN,NaN,NaN,NaN,NaN,NaN,0.08133,0.945,3,4,4,4,3,2,0,0,0,0,0,0,0,0,0,0,0,0,0,0,3,3,32
13290.596406,6.761e-28,0.0598,0.075,0,0.75,-0.026581,NaN,NaN,NaN,NaN,NaN,NaN,NaN,NaN,NaN,NaN,NaN,NaN,NaN,NaN,0.08133,0.945,3,4,4,4,3,2,0,0,0,0,0,0,0,0,0,0,0,0,0,0,3,3,32
13290.719944,7.033e-28,0.0598,0.075,0,0.75,-0.026581,NaN,NaN,NaN,NaN,NaN,NaN,NaN,NaN,NaN,NaN,NaN,NaN,NaN,NaN,0.08133,0.945,3,4,4,4,3,2,0,0,0,0,0,0,0,0,0,0,0,0,0,0,3,3,32
13290.811399,9.998e-28,0.0598,0.075,0,0.75,-0.026582,NaN,NaN,NaN,NaN,NaN,NaN,NaN,NaN,NaN,NaN,NaN,NaN,NaN,NaN,0.08133,0.945,3,4,4,4,3,2,0,0,0,0,0,0,0,0,0,0,0,0,0,0,3,3,32
13290.927302,5.126e-28,0.0598,0.075,0,0.75,-0.026582,NaN,NaN,NaN,NaN,NaN,NaN,NaN,NaN,NaN,NaN,NaN,NaN,NaN,NaN,0.08133,0.945,3,4,4,4,3,2,0,0,0,0,0,0,0,0,0,0,0,0,0,0,3,3,32
13291.006087,5.269e-28,0.0598,0.075,0,0.75,-0.026582,NaN,NaN,NaN,NaN,NaN,NaN,NaN,NaN,NaN,NaN,NaN,NaN,NaN,NaN,0.08133,0.945,3,4,4,4,3,2,0,0,0,0,0,0,0,0,0,0,0,0,0,0,3,3,32
13291.09827,6.42e-28,0.0598,0.075,0,0.75,-0.026582,NaN,NaN,NaN,NaN,NaN,NaN,NaN,NaN,NaN,NaN,NaN,NaN,NaN,NaN,0.08133,0.945,3,4,4,4,3,2,0,0,0,0,0,0,0,0,0,0,0,0,0,0,3,3,32
13291.29548,9.584e-28,0.0598,0.075,0,0.75,-0.026583,NaN,NaN,NaN,NaN,NaN,NaN,NaN,NaN,NaN,NaN,NaN,NaN,NaN,NaN,0.08133,0.945,3,4,4,4,3,2,0,0,0,0,0,0,0,0,0,0,0,0,0,0,3,3,32
13291.418799,1.028e-27,0.0598,0.075,0,0.75,-0.026583,NaN,NaN,NaN,NaN,NaN,NaN,NaN,NaN,NaN,NaN,NaN,NaN,NaN,NaN,0.08133,0.945,3,4,4,4,3,2,0,0,0,0,0,0,0,0,0,0,0,0,0,0,3,3,32
13292.078856,1.587e-27,0.0598,0.075,0,0.75,-0.026584,NaN,NaN,NaN,NaN,NaN,NaN,NaN,NaN,NaN,NaN,NaN,NaN,NaN,NaN,0.08133,0.945,3,4,4,4,3,2,0,0,0,0,0,0,0,0,0,0,0,0,0,0,3,3,32
13292.172298,1.6e-27,0.0598,0.075,0,0.75,-0.026584,NaN,NaN,NaN,NaN,NaN,NaN,NaN,NaN,NaN,NaN,NaN,NaN,NaN,NaN,0.08133,0.945,3,4,4,4,3,2,0,0,0,0,0,0,0,0,0,0,0,0,0,0,3,3,32
13292.393026,8.515e-28,0.0598,0.075,0,0.75,-0.026585,NaN,NaN,NaN,NaN,NaN,NaN,NaN,NaN,NaN,NaN,NaN,NaN,NaN,NaN,0.08133,0.945,3,4,4,4,3,2,0,0,0,0,0,0,0,0,0,0,0,0,0,0,3,3,32
13292.433431,4.698e-28,0.0598,0.075,0,0.75,-0.026585,NaN,NaN,NaN,NaN,NaN,NaN,NaN,NaN,NaN,NaN,NaN,NaN,NaN,NaN,0.08133,0.945,3,4,4,4,3,2,0,0,0,0,0,0,0,0,0,0,0,0,0,0,3,3,32
13292.513347,1.572e-27,0.0598,0.075,0,0.75,-0.026585,NaN,NaN,NaN,NaN,NaN,NaN,NaN,NaN,NaN,NaN,NaN,NaN,NaN,NaN,0.08133,0.945,3,4,4,4,3,2,0,0,0,0,0,0,0,0,0,0,0,0,0,0,3,3,32
13292.801793,6.856e-28,0.0598,0.075,0,0.75,-0.026586,NaN,NaN,NaN,NaN,NaN,NaN,NaN,NaN,NaN,NaN,NaN,NaN,NaN,NaN,0.08133,0.945,3,4,4,4,3,2,0,0,0,0,0,0,0,0,0,0,0,0,0,0,3,3,32
13292.896315,7.483e-28,0.0598,0.075,0,0.75,-0.026586,NaN,NaN,NaN,NaN,NaN,NaN,NaN,NaN,NaN,NaN,NaN,NaN,NaN,NaN,0.08133,0.945,3,4,4,4,3,2,0,0,0,0,0,0,0,0,0,0,0,0,0,0,3,3,32
13293.048736,7.894e-28,0.0598,0.075,0,0.75,-0.026586,NaN,NaN,NaN,NaN,NaN,NaN,NaN,NaN,NaN,NaN,NaN,NaN,NaN,NaN,0.08133,0.945,3,4,4,4,3,2,0,0,0,0,0,0,0,0,0,0,0,0,0,0,3,3,32
13293.265438,8.756e-28,0.0598,0.075,0,0.75,-0.026587,NaN,NaN,NaN,NaN,NaN,NaN,NaN,NaN,NaN,NaN,NaN,NaN,NaN,NaN,0.08133,0.945,3,4,4,4,3,2,0,0,0,0,0,0,0,0,0,0,0,0,0,0,3,3,32
13293.35533,9.046e-28,0.0598,0.075,0,0.75,-0.026587,NaN,NaN,NaN,NaN,NaN,NaN,NaN,NaN,NaN,NaN,NaN,NaN,NaN,NaN,0.08133,0.945,3,4,4,4,3,2,0,0,0,0,0,0,0,0,0,0,0,0,0,0,3,3,32
13293.434322,4.58e-28,0.0598,0.075,0,0.75,-0.026587,NaN,NaN,NaN,NaN,NaN,NaN,NaN,NaN,NaN,NaN,NaN,NaN,NaN,NaN,0.08133,0.945,3,4,4,4,3,2,0,0,0,0,0,0,0,0,0,0,0,0,0,0,3,3,32
13293.666162,1.027e-27,0.0598,0.075,0,0.75,-0.026587,NaN,NaN,NaN,NaN,NaN,NaN,NaN,NaN,NaN,NaN,NaN,NaN,NaN,NaN,0.08133,0.945,3,4,4,4,3,2,0,0,0,0,0,0,0,0,0,0,0,0,0,0,3,3,32
13293.911366,5.508e-28,0.0598,0.075,0,0.75,-0.026588,NaN,NaN,NaN,NaN,NaN,NaN,NaN,NaN,NaN,NaN,NaN,NaN,NaN,NaN,0.08133,0.945,3,4,4,4,3,2,0,0,0,0,0,0,0,0,0,0,0,0,0,0,3,3,32
13294.013118,4.295e-28,0.0598,0.075,0,0.75,-0.026588,NaN,NaN,NaN,NaN,NaN,NaN,NaN,NaN,NaN,NaN,NaN,NaN,NaN,NaN,0.08133,0.945,3,4,4,4,3,2,0,0,0,0,0,0,0,0,0,0,0,0,0,0,3,3,32
13294.179613,5.456e-28,0.0598,0.075,0,0.75,-0.026588,NaN,NaN,NaN,NaN,NaN,NaN,NaN,NaN,NaN,NaN,NaN,NaN,NaN,NaN,0.08133,0.945,3,4,4,4,3,2,0,0,0,0,0,0,0,0,0,0,0,0,0,0,3,3,32
13294.280857,4.446e-28,0.0598,0.075,0,0.75,-0.026589,NaN,NaN,NaN,NaN,NaN,NaN,NaN,NaN,NaN,NaN,NaN,NaN,NaN,NaN,0.08133,0.945,3,4,4,4,3,2,0,0,0,0,0,0,0,0,0,0,0,0,0,0,3,3,32
13294.469056,6.813e-28,0.0598,0.075,0,0.75,-0.026589,NaN,NaN,NaN,NaN,NaN,NaN,NaN,NaN,NaN,NaN,NaN,NaN,NaN,NaN,0.08133,0.945,3,4,4,4,3,2,0,0,0,0,0,0,0,0,0,0,0,0,0,0,3,3,32
13294.681741,5.489e-28,0.0598,0.075,0,0.75,-0.026589,NaN,NaN,NaN,NaN,NaN,NaN,NaN,NaN,NaN,NaN,NaN,NaN,NaN,NaN,0.08133,0.945,3,4,4,4,3,2,0,0,0,0,0,0,0,0,0,0,0,0,0,0,3,3,32
13294.788362,1.506e-27,0.0598,0.075,0,0.75,-0.02659,NaN,NaN,NaN,NaN,NaN,NaN,NaN,NaN,NaN,NaN,NaN,NaN,NaN,NaN,0.08133,0.945,3,4,4,4,3,2,0,0,0,0,0,0,0,0,0,0,0,0,0,0,3,3,32
13295.047058,5.381e-28,0.0598,0.075,0,0.75,-0.02659,NaN,NaN,NaN,NaN,NaN,NaN,NaN,NaN,NaN,NaN,NaN,NaN,NaN,NaN,0.08133,0.945,3,4,4,4,3,2,0,0,0,0,0,0,0,0,0,0,0,0,0,0,3,3,32
13295.152651,4.315e-28,0.0598,0.075,0,0.75,-0.02659,NaN,NaN,NaN,NaN,NaN,NaN,NaN,NaN,NaN,NaN,NaN,NaN,NaN,NaN,0.08133,0.945,3,4,4,4,3,2,0,0,0,0,0,0,0,0,0,0,0,0,0,0,3,3,32
13295.474587,5.537e-28,0.0598,0.075,0,0.75,-0.026591,NaN,NaN,NaN,NaN,NaN,NaN,NaN,NaN,NaN,NaN,NaN,NaN,NaN,NaN,0.08133,0.945,3,4,4,4,3,2,0,0,0,0,0,0,0,0,0,0,0,0,0,0,3,3,32
13295.538689,8.149e-28,0.0598,0.075,0,0.75,-0.026591,NaN,NaN,NaN,NaN,NaN,NaN,NaN,NaN,NaN,NaN,NaN,NaN,NaN,NaN,0.08133,0.945,3,4,4,4,3,2,0,0,0,0,0,0,0,0,0,0,0,0,0,0,3,3,32
13295.944448,5.399e-28,0.0598,0.075,0,0.75,-0.026592,NaN,NaN,NaN,NaN,NaN,NaN,NaN,NaN,NaN,NaN,NaN,NaN,NaN,NaN,0.08133,0.945,3,4,4,4,3,2,0,0,0,0,0,0,0,0,0,0,0,0,0,0,3,3,32
13296.758172,4.325e-28,0.0598,0.075,0,0.75,-0.026594,NaN,NaN,NaN,NaN,NaN,NaN,NaN,NaN,NaN,NaN,NaN,NaN,NaN,NaN,0.08133,0.945,3,4,4,4,3,2,0,0,0,0,0,0,0,0,0,0,0,0,0,0,3,3,32
13296.938801,1.03e-27,0.0598,0.075,0,0.75,-0.026594,NaN,NaN,NaN,NaN,NaN,NaN,NaN,NaN,NaN,NaN,NaN,NaN,NaN,NaN,0.08133,0.945,3,4,4,4,3,2,0,0,0,0,0,0,0,0,0,0,0,0,0,0,3,3,32
13297.07728,6.169e-28,0.0598,0.075,0,0.75,-0.026594,NaN,NaN,NaN,NaN,NaN,NaN,NaN,NaN,NaN,NaN,NaN,NaN,NaN,NaN,0.08133,0.945,3,4,4,4,3,2,0,0,0,0,0,0,0,0,0,0,0,0,0,0,3,3,32
13297.302983,6e-28,0.0598,0.075,0,0.75,-0.026595,NaN,NaN,NaN,NaN,NaN,NaN,NaN,NaN,NaN,NaN,NaN,NaN,NaN,NaN,0.08133,0.945,3,4,4,4,3,2,0,0,0,0,0,0,0,0,0,0,0,0,0,0,3,3,32
13297.598141,4.159e-28,0.0598,0.075,0,0.75,-0.026595,NaN,NaN,NaN,NaN,NaN,NaN,NaN,NaN,NaN,NaN,NaN,NaN,NaN,NaN,0.08133,0.945,3,4,4,4,3,2,0,0,0,0,0,0,0,0,0,0,0,0,0,0,3,3,32
13297.86863,6.84e-28,0.0598,0.075,0,0.75,-0.026596,NaN,NaN,NaN,NaN,NaN,NaN,NaN,NaN,NaN,NaN,NaN,NaN,NaN,NaN,0.08133,0.945,3,4,4,4,3,2,0,0,0,0,0,0,0,0,0,0,0,0,0,0,3,3,32
13298.243334,6.412e-28,0.0598,0.075,0,0.75,-0.026596,NaN,NaN,NaN,NaN,NaN,NaN,NaN,NaN,NaN,NaN,NaN,NaN,NaN,NaN,0.08133,0.945,3,4,4,4,3,2,0,0,0,0,0,0,0,0,0,0,0,0,0,0,3,3,32
13298.321972,1.061e-27,0.0598,0.075,0,0.75,-0.026597,NaN,NaN,NaN,NaN,NaN,NaN,NaN,NaN,NaN,NaN,NaN,NaN,NaN,NaN,0.08133,0.945,3,4,4,4,3,2,0,0,0,0,0,0,0,0,0,0,0,0,0,0,3,3,32
13502.277516,2.128e-26,0.0598,0.075,0,0.75,-0.027005,NaN,NaN,NaN,NaN,NaN,NaN,NaN,NaN,NaN,NaN,NaN,NaN,NaN,NaN,0.08133,0.945,3,3,4,4,3,2,0,0,0,0,0,0,0,0,0,0,0,0,0,0,3,3,32
13504.013472,2.738e-26,0.0598,0.075,0,0.75,-0.027008,NaN,NaN,NaN,NaN,NaN,NaN,NaN,NaN,NaN,NaN,NaN,NaN,NaN,NaN,0.08133,0.945,3,4,4,4,3,2,0,0,0,0,0,0,0,0,0,0,0,0,0,0,3,3,32
13504.293303,2.761e-26,0.0598,0.075,0,0.75,-0.027009,NaN,NaN,NaN,NaN,NaN,NaN,NaN,NaN,NaN,NaN,NaN,NaN,NaN,NaN,0.08133,0.945,3,4,4,4,3,2,0,0,0,0,0,0,0,0,0,0,0,0,0,0,3,3,32
13516.413759,7.359e-27,0.0598,0.075,0,0.75,-0.027033,NaN,NaN,NaN,NaN,NaN,NaN,NaN,NaN,NaN,NaN,NaN,NaN,NaN,NaN,0.08133,0.945,3,3,4,4,3,2,0,0,0,0,0,0,0,0,0,0,0,0,0,0,3,3,32
13516.448507,1.715e-26,0.0598,0.075,0,0.75,-0.027033,NaN,NaN,NaN,NaN,NaN,NaN,NaN,NaN,NaN,NaN,NaN,NaN,NaN,NaN,0.08133,0.945,3,3,4,4,3,2,0,0,0,0,0,0,0,0,0,0,0,0,0,0,3,3,32
13516.496293,2.401e-26,0.0598,0.075,0,0.75,-0.027033,NaN,NaN,NaN,NaN,NaN,NaN,NaN,NaN,NaN,NaN,NaN,NaN,NaN,NaN,0.08133,0.945,3,3,4,4,3,2,0,0,0,0,0,0,0,0,0,0,0,0,0,0,3,3,32
13516.544662,1.329e-26,0.0598,0.075,0,0.75,-0.027033,NaN,NaN,NaN,NaN,NaN,NaN,NaN,NaN,NaN,NaN,NaN,NaN,NaN,NaN,0.08133,0.945,3,3,4,4,3,2,0,0,0,0,0,0,0,0,0,0,0,0,0,0,3,3,32
13517.192107,1.51e-26,0.0598,0.075,0,0.75,-0.027034,NaN,NaN,NaN,NaN,NaN,NaN,NaN,NaN,NaN,NaN,NaN,NaN,NaN,NaN,0.08133,0.945,3,3,4,4,3,2,0,0,0,0,0,0,0,0,0,0,0,0,0,0,3,3,32
13520.26573,1.974e-26,0.0598,0.075,0,0.75,-0.027041,NaN,NaN,NaN,NaN,NaN,NaN,NaN,NaN,NaN,NaN,NaN,NaN,NaN,NaN,0.08133,0.945,3,3,4,4,3,2,0,0,0,0,0,0,0,0,0,0,0,0,0,0,3,3,32
13520.973651,2.726e-26,0.0598,0.075,0,0.75,-0.027042,NaN,NaN,NaN,NaN,NaN,NaN,NaN,NaN,NaN,NaN,NaN,NaN,NaN,NaN,0.08133,0.945,3,4,4,4,3,2,0,0,0,0,0,0,0,0,0,0,0,0,0,0,3,3,32
13521.017968,1.641e-26,0.0598,0.075,0,0.75,-0.027042,NaN,NaN,NaN,NaN,NaN,NaN,NaN,NaN,NaN,NaN,NaN,NaN,NaN,NaN,0.08133,0.945,3,3,4,4,3,2,0,0,0,0,0,0,0,0,0,0,0,0,0,0,3,3,32
13521.060279,1.369e-26,0.0598,0.075,0,0.75,-0.027042,NaN,NaN,NaN,NaN,NaN,NaN,NaN,NaN,NaN,NaN,NaN,NaN,NaN,NaN,0.08133,0.945,3,3,4,4,3,2,0,0,0,0,0,0,0,0,0,0,0,0,0,0,3,3,32
13521.485155,2.239e-26,0.0598,0.075,0,0.75,-0.027043,NaN,NaN,NaN,NaN,NaN,NaN,NaN,NaN,NaN,NaN,NaN,NaN,NaN,NaN,0.08133,0.945,3,3,4,4,3,2,0,0,0,0,0,0,0,0,0,0,0,0,0,0,3,3,32
13521.53764,1.983e-26,0.0598,0.075,0,0.75,-0.027043,NaN,NaN,NaN,NaN,NaN,NaN,NaN,NaN,NaN,NaN,NaN,NaN,NaN,NaN,0.08133,0.945,3,3,4,4,3,2,0,0,0,0,0,0,0,0,0,0,0,0,0,0,3,3,32
13525.407981,2.066e-26,0.0598,0.075,0,0.75,-0.027051,NaN,NaN,NaN,NaN,NaN,NaN,NaN,NaN,NaN,NaN,NaN,NaN,NaN,NaN,0.08133,0.945,3,3,4,4,3,2,0,0,0,0,0,0,0,0,0,0,0,0,0,0,3,3,32
13525.856904,2.281e-26,0.0598,0.075,0,0.75,-0.027052,NaN,NaN,NaN,NaN,NaN,NaN,NaN,NaN,NaN,NaN,NaN,NaN,NaN,NaN,0.08133,0.945,3,3,4,4,3,2,0,0,0,0,0,0,0,0,0,0,0,0,0,0,3,3,32
13525.890021,1.263e-26,0.0598,0.075,0,0.75,-0.027052,NaN,NaN,NaN,NaN,NaN,NaN,NaN,NaN,NaN,NaN,NaN,NaN,NaN,NaN,0.08133,0.945,3,3,4,4,3,2,0,0,0,0,0,0,0,0,0,0,0,0,0,0,3,3,32
13531.975249,1.672e-26,0.0598,0.075,0,0.75,-0.027064,NaN,NaN,NaN,NaN,NaN,NaN,NaN,NaN,NaN,NaN,NaN,NaN,NaN,NaN,0.08133,0.945,3,3,4,4,3,2,0,0,0,0,0,0,0,0,0,0,0,0,0,0,3,3,32
13532.020053,1.652e-26,0.0598,0.075,0,0.75,-0.027064,NaN,NaN,NaN,NaN,NaN,NaN,NaN,NaN,NaN,NaN,NaN,NaN,NaN,NaN,0.08133,0.945,3,3,4,4,3,2,0,0,0,0,0,0,0,0,0,0,0,0,0,0,3,3,32
13532.063328,8.353e-27,0.0598,0.075,0,0.75,-0.027064,NaN,NaN,NaN,NaN,NaN,NaN,NaN,NaN,NaN,NaN,NaN,NaN,NaN,NaN,0.08133,0.945,3,3,4,4,3,2,0,0,0,0,0,0,0,0,0,0,0,0,0,0,3,3,32
13538.166077,9.597e-27,0.0598,0.075,0,0.75,-0.027076,NaN,NaN,NaN,NaN,NaN,NaN,NaN,NaN,NaN,NaN,NaN,NaN,NaN,NaN,0.08133,0.945,3,3,4,4,3,2,0,0,0,0,0,0,0,0,0,0,0,0,0,0,3,3,32
13538.194677,2.274e-26,0.0598,0.075,0,0.75,-0.027076,NaN,NaN,NaN,NaN,NaN,NaN,NaN,NaN,NaN,NaN,NaN,NaN,NaN,NaN,0.08133,0.945,3,3,4,4,3,2,0,0,0,0,0,0,0,0,0,0,0,0,0,0,3,3,32
13542.18274,1.232e-26,0.0598,0.075,0,0.75,-0.027084,NaN,NaN,NaN,NaN,NaN,NaN,NaN,NaN,NaN,NaN,NaN,NaN,NaN,NaN,0.08133,0.945,3,3,4,4,3,2,0,0,0,0,0,0,0,0,0,0,0,0,0,0,3,3,32
13542.22914,3.184e-26,0.0598,0.075,0,0.75,-0.027084,NaN,NaN,NaN,NaN,NaN,NaN,NaN,NaN,NaN,NaN,NaN,NaN,NaN,NaN,0.08133,0.945,3,4,4,4,3,2,0,0,0,0,0,0,0,0,0,0,0,0,0,0,3,3,32
13542.266337,1.532e-26,0.0598,0.075,0,0.75,-0.027085,NaN,NaN,NaN,NaN,NaN,NaN,NaN,NaN,NaN,NaN,NaN,NaN,NaN,NaN,0.08133,0.945,3,3,4,4,3,2,0,0,0,0,0,0,0,0,0,0,0,0,0,0,3,3,32
13551.71066,2.307e-26,0.0598,0.075,0,0.75,-0.027103,NaN,NaN,NaN,NaN,NaN,NaN,NaN,NaN,NaN,NaN,NaN,NaN,NaN,NaN,0.08133,0.945,3,3,4,4,3,2,0,0,0,0,0,0,0,0,0,0,0,0,0,0,3,3,32
13559.106192,1.598e-26,0.0598,0.075,0,0.75,-0.027118,NaN,NaN,NaN,NaN,NaN,NaN,NaN,NaN,NaN,NaN,NaN,NaN,NaN,NaN,0.08133,0.945,3,3,4,4,3,2,0,0,0,0,0,0,0,0,0,0,0,0,0,0,3,3,32
13559.154111,2.131e-26,0.0598,0.075,0,0.75,-0.027118,NaN,NaN,NaN,NaN,NaN,NaN,NaN,NaN,NaN,NaN,NaN,NaN,NaN,NaN,0.08133,0.945,3,3,4,4,3,2,0,0,0,0,0,0,0,0,0,0,0,0,0,0,3,3,32
13559.193229,1.009e-26,0.0598,0.075,0,0.75,-0.027118,NaN,NaN,NaN,NaN,NaN,NaN,NaN,NaN,NaN,NaN,NaN,NaN,NaN,NaN,0.08133,0.945,3,3,4,4,3,2,0,0,0,0,0,0,0,0,0,0,0,0,0,0,3,3,32
13562.473143,2.949e-26,0.0598,0.075,0,0.75,-0.027125,NaN,NaN,NaN,NaN,NaN,NaN,NaN,NaN,NaN,NaN,NaN,NaN,NaN,NaN,0.08133,0.945,3,4,4,4,3,2,0,0,0,0,0,0,0,0,0,0,0,0,0,0,3,3,32
13562.553314,1.878e-26,0.0598,0.075,0,0.75,-0.027125,NaN,NaN,NaN,NaN,NaN,NaN,NaN,NaN,NaN,NaN,NaN,NaN,NaN,NaN,0.08133,0.945,3,3,4,4,3,2,0,0,0,0,0,0,0,0,0,0,0,0,0,0,3,3,32
13569.155647,1.619e-26,0.0598,0.075,0,0.75,-0.027138,NaN,NaN,NaN,NaN,NaN,NaN,NaN,NaN,NaN,NaN,NaN,NaN,NaN,NaN,0.08133,0.945,3,3,4,4,3,2,0,0,0,0,0,0,0,0,0,0,0,0,0,0,3,3,32
13569.194159,3.101e-26,0.0598,0.075,0,0.75,-0.027138,NaN,NaN,NaN,NaN,NaN,NaN,NaN,NaN,NaN,NaN,NaN,NaN,NaN,NaN,0.08133,0.945,3,4,4,4,3,2,0,0,0,0,0,0,0,0,0,0,0,0,0,0,3,3,32
13569.245188,8.91e-27,0.0598,0.075,0,0.75,-0.027138,NaN,NaN,NaN,NaN,NaN,NaN,NaN,NaN,NaN,NaN,NaN,NaN,NaN,NaN,0.08133,0.945,3,3,4,4,3,2,0,0,0,0,0,0,0,0,0,0,0,0,0,0,3,3,32
13569.467973,3.012e-26,0.0598,0.075,0,0.75,-0.027139,NaN,NaN,NaN,NaN,NaN,NaN,NaN,NaN,NaN,NaN,NaN,NaN,NaN,NaN,0.08133,0.945,3,4,4,4,3,2,0,0,0,0,0,0,0,0,0,0,0,0,0,0,3,3,32
13570.170897,2.884e-26,0.0598,0.075,0,0.75,-0.02714,NaN,NaN,NaN,NaN,NaN,NaN,NaN,NaN,NaN,NaN,NaN,NaN,NaN,NaN,0.08133,0.945,3,4,4,4,3,2,0,0,0,0,0,0,0,0,0,0,0,0,0,0,3,3,32
13570.226685,2.534e-26,0.0598,0.075,0,0.75,-0.02714,NaN,NaN,NaN,NaN,NaN,NaN,NaN,NaN,NaN,NaN,NaN,NaN,NaN,NaN,0.08133,0.945,3,4,4,4,3,2,0,0,0,0,0,0,0,0,0,0,0,0,0,0,3,3,32
13570.286624,1.621e-26,0.0598,0.075,0,0.75,-0.027141,NaN,NaN,NaN,NaN,NaN,NaN,NaN,NaN,NaN,NaN,NaN,NaN,NaN,NaN,0.08133,0.945,3,3,4,4,3,2,0,0,0,0,0,0,0,0,0,0,0,0,0,0,3,3,32
13570.596285,2.637e-26,0.0598,0.075,0,0.75,-0.027141,NaN,NaN,NaN,NaN,NaN,NaN,NaN,NaN,NaN,NaN,NaN,NaN,NaN,NaN,0.08133,0.945,3,4,4,4,3,2,0,0,0,0,0,0,0,0,0,0,0,0,0,0,3,3,32
13570.633406,9.467e-27,0.0598,0.075,0,0.75,-0.027141,NaN,NaN,NaN,NaN,NaN,NaN,NaN,NaN,NaN,NaN,NaN,NaN,NaN,NaN,0.08133,0.945,3,3,4,4,3,2,0,0,0,0,0,0,0,0,0,0,0,0,0,0,3,3,32
13570.666982,9.261e-27,0.0598,0.075,0,0.75,-0.027141,NaN,NaN,NaN,NaN,NaN,NaN,NaN,NaN,NaN,NaN,NaN,NaN,NaN,NaN,0.08133,0.945,3,3,4,4,3,2,0,0,0,0,0,0,0,0,0,0,0,0,0,0,3,3,32
13570.710886,1.007e-26,0.0598,0.075,0,0.75,-0.027141,NaN,NaN,NaN,NaN,NaN,NaN,NaN,NaN,NaN,NaN,NaN,NaN,NaN,NaN,0.08133,0.945,3,3,4,4,3,2,0,0,0,0,0,0,0,0,0,0,0,0,0,0,3,3,32
13579.972682,8.915e-27,0.0598,0.075,0,0.75,-0.02716,NaN,NaN,NaN,NaN,NaN,NaN,NaN,NaN,NaN,NaN,NaN,NaN,NaN,NaN,0.08133,0.945,3,3,4,4,3,2,0,0,0,0,0,0,0,0,0,0,0,0,0,0,3,3,32
13580.005611,2.479e-26,0.0598,0.075,0,0.75,-0.02716,NaN,NaN,NaN,NaN,NaN,NaN,NaN,NaN,NaN,NaN,NaN,NaN,NaN,NaN,0.08133,0.945,3,3,4,4,3,2,0,0,0,0,0,0,0,0,0,0,0,0,0,0,3,3,32
13583.630478,1.764e-26,0.0598,0.075,0,0.75,-0.027167,NaN,NaN,NaN,NaN,NaN,NaN,NaN,NaN,NaN,NaN,NaN,NaN,NaN,NaN,0.08133,0.945,3,3,4,4,3,2,0,0,0,0,0,0,0,0,0,0,0,0,0,0,3,3,32
13584.360762,3.207e-26,0.0598,0.075,0,0.75,-0.027169,NaN,NaN,NaN,NaN,NaN,NaN,NaN,NaN,NaN,NaN,NaN,NaN,NaN,NaN,0.08133,0.945,3,4,4,4,3,2,0,0,0,0,0,0,0,0,0,0,0,0,0,0,3,3,32
13584.801931,1.314e-26,0.0598,0.075,0,0.75,-0.02717,NaN,NaN,NaN,NaN,NaN,NaN,NaN,NaN,NaN,NaN,NaN,NaN,NaN,NaN,0.08133,0.945,3,3,4,4,3,2,0,0,0,0,0,0,0,0,0,0,0,0,0,0,3,3,32
13598.503053,2.06e-26,0.0598,0.075,0,0.75,-0.027197,NaN,NaN,NaN,NaN,NaN,NaN,NaN,NaN,NaN,NaN,NaN,NaN,NaN,NaN,0.08133,0.945,3,3,4,4,3,2,0,0,0,0,0,0,0,0,0,0,0,0,0,0,3,3,32
13598.561278,1.761e-26,0.0598,0.075,0,0.75,-0.027197,NaN,NaN,NaN,NaN,NaN,NaN,NaN,NaN,NaN,NaN,NaN,NaN,NaN,NaN,0.08133,0.945,3,3,4,4,3,2,0,0,0,0,0,0,0,0,0,0,0,0,0,0,3,3,32
13598.635416,2.797e-26,0.0598,0.075,0,0.75,-0.027197,NaN,NaN,NaN,NaN,NaN,NaN,NaN,NaN,NaN,NaN,NaN,NaN,NaN,NaN,0.08133,0.945,3,4,4,4,3,2,0,0,0,0,0,0,0,0,0,0,0,0,0,0,3,3,32
13598.752296,3.035e-26,0.0598,0.075,0,0.75,-0.027198,NaN,NaN,NaN,NaN,NaN,NaN,NaN,NaN,NaN,NaN,NaN,NaN,NaN,NaN,0.08133,0.945,3,4,4,4,3,2,0,0,0,0,0,0,0,0,0,0,0,0,0,0,3,3,32
13598.795526,3.441e-26,0.0598,0.075,0,0.75,-0.027198,NaN,NaN,NaN,NaN,NaN,NaN,NaN,NaN,NaN,NaN,NaN,NaN,NaN,NaN,0.08133,0.945,3,4,4,4,3,2,0,0,0,0,0,0,0,0,0,0,0,0,0,0,3,3,32
13598.844869,2.863e-26,0.0598,0.075,0,0.75,-0.027198,NaN,NaN,NaN,NaN,NaN,NaN,NaN,NaN,NaN,NaN,NaN,NaN,NaN,NaN,0.08133,0.945,3,4,4,4,3,2,0,0,0,0,0,0,0,0,0,0,0,0,0,0,3,3,32
13598.882165,2.474e-26,0.0598,0.075,0,0.75,-0.027198,NaN,NaN,NaN,NaN,NaN,NaN,NaN,NaN,NaN,NaN,NaN,NaN,NaN,NaN,0.08133,0.945,3,3,4,4,3,2,0,0,0,0,0,0,0,0,0,0,0,0,0,0,3,3,32
13599.361125,2.098e-26,0.0598,0.075,0,0.75,-0.027199,NaN,NaN,NaN,NaN,NaN,NaN,NaN,NaN,NaN,NaN,NaN,NaN,NaN,NaN,0.08133,0.945,3,3,4,4,3,2,0,0,0,0,0,0,0,0,0,0,0,0,0,0,3,3,32
13599.421658,1.866e-26,0.0598,0.075,0,0.75,-0.027199,NaN,NaN,NaN,NaN,NaN,NaN,NaN,NaN,NaN,NaN,NaN,NaN,NaN,NaN,0.08133,0.945,3,3,4,4,3,2,0,0,0,0,0,0,0,0,0,0,0,0,0,0,3,3,32
13599.557435,3.747e-26,0.0598,0.075,0,0.75,-0.027199,NaN,NaN,NaN,NaN,NaN,NaN,NaN,NaN,NaN,NaN,NaN,NaN,NaN,NaN,0.08133,0.945,3,4,4,4,3,2,0,0,0,0,0,0,0,0,0,0,0,0,0,0,3,3,32
13599.595712,1.923e-26,0.0598,0.075,0,0.75,-0.027199,NaN,NaN,NaN,NaN,NaN,NaN,NaN,NaN,NaN,NaN,NaN,NaN,NaN,NaN,0.08133,0.945,3,3,4,4,3,2,0,0,0,0,0,0,0,0,0,0,0,0,0,0,3,3,32
13599.773886,1.536e-26,0.0598,0.075,0,0.75,-0.0272,NaN,NaN,NaN,NaN,NaN,NaN,NaN,NaN,NaN,NaN,NaN,NaN,NaN,NaN,0.08133,0.945,3,3,4,4,3,2,0,0,0,0,0,0,0,0,0,0,0,0,0,0,3,3,32
13599.818915,1.708e-26,0.0598,0.075,0,0.75,-0.0272,NaN,NaN,NaN,NaN,NaN,NaN,NaN,NaN,NaN,NaN,NaN,NaN,NaN,NaN,0.08133,0.945,3,3,4,4,3,2,0,0,0,0,0,0,0,0,0,0,0,0,0,0,3,3,32
13600.077614,2.348e-26,0.0598,0.075,0,0.75,-0.0272,NaN,NaN,NaN,NaN,NaN,NaN,NaN,NaN,NaN,NaN,NaN,NaN,NaN,NaN,0.08133,0.945,3,3,4,4,3,2,0,0,0,0,0,0,0,0,0,0,0,0,0,0,3,3,32
13600.461384,9.172e-27,0.0598,0.075,0,0.75,-0.027201,NaN,NaN,NaN,NaN,NaN,NaN,NaN,NaN,NaN,NaN,NaN,NaN,NaN,NaN,0.08133,0.945,3,3,4,4,3,2,0,0,0,0,0,0,0,0,0,0,0,0,0,0,3,3,32
13600.500484,1.43e-26,0.0598,0.075,0,0.75,-0.027201,NaN,NaN,NaN,NaN,NaN,NaN,NaN,NaN,NaN,NaN,NaN,NaN,NaN,NaN,0.08133,0.945,3,3,4,4,3,2,0,0,0,0,0,0,0,0,0,0,0,0,0,0,3,3,32
13602.852447,3.743e-26,0.0598,0.075,0,0.75,-0.027206,NaN,NaN,NaN,NaN,NaN,NaN,NaN,NaN,NaN,NaN,NaN,NaN,NaN,NaN,0.08133,0.945,3,4,4,4,3,2,0,0,0,0,0,0,0,0,0,0,0,0,0,0,3,3,32
13602.903351,1.64e-26,0.0598,0.075,0,0.75,-0.027206,NaN,NaN,NaN,NaN,NaN,NaN,NaN,NaN,NaN,NaN,NaN,NaN,NaN,NaN,0.08133,0.945,3,3,4,4,3,2,0,0,0,0,0,0,0,0,0,0,0,0,0,0,3,3,32
13603.630157,2.423e-26,0.0598,0.075,0,0.75,-0.027207,NaN,NaN,NaN,NaN,NaN,NaN,NaN,NaN,NaN,NaN,NaN,NaN,NaN,NaN,0.08133,0.945,3,3,4,4,3,2,0,0,0,0,0,0,0,0,0,0,0,0,0,0,3,3,32
13603.681156,3.984e-26,0.0598,0.075,0,0.75,-0.027207,NaN,NaN,NaN,NaN,NaN,NaN,NaN,NaN,NaN,NaN,NaN,NaN,NaN,NaN,0.08133,0.945,3,4,4,4,3,2,0,0,0,0,0,0,0,0,0,0,0,0,0,0,3,3,32
13610.891278,1.364e-26,0.0598,0.075,0,0.75,-0.027222,NaN,NaN,NaN,NaN,NaN,NaN,NaN,NaN,NaN,NaN,NaN,NaN,NaN,NaN,0.08133,0.945,3,3,4,4,3,2,0,0,0,0,0,0,0,0,0,0,0,0,0,0,3,3,32
13610.975092,1.965e-26,0.0598,0.075,0,0.75,-0.027222,NaN,NaN,NaN,NaN,NaN,NaN,NaN,NaN,NaN,NaN,NaN,NaN,NaN,NaN,0.08133,0.945,3,3,4,4,3,2,0,0,0,0,0,0,0,0,0,0,0,0,0,0,3,3,32
13611.019006,9.82e-27,0.0598,0.075,0,0.75,-0.027222,NaN,NaN,NaN,NaN,NaN,NaN,NaN,NaN,NaN,NaN,NaN,NaN,NaN,NaN,0.08133,0.945,3,3,4,4,3,2,0,0,0,0,0,0,0,0,0,0,0,0,0,0,3,3,32
13611.397041,1.706e-26,0.0598,0.075,0,0.75,-0.027223,NaN,NaN,NaN,NaN,NaN,NaN,NaN,NaN,NaN,NaN,NaN,NaN,NaN,NaN,0.08133,0.945,3,3,4,4,3,2,0,0,0,0,0,0,0,0,0,0,0,0,0,0,3,3,32
13611.917565,1.766e-26,0.0598,0.075,0,0.75,-0.027224,NaN,NaN,NaN,NaN,NaN,NaN,NaN,NaN,NaN,NaN,NaN,NaN,NaN,NaN,0.08133,0.945,3,3,4,4,3,2,0,0,0,0,0,0,0,0,0,0,0,0,0,0,3,3,32
13612.000875,3.691e-26,0.0598,0.075,0,0.75,-0.027224,NaN,NaN,NaN,NaN,NaN,NaN,NaN,NaN,NaN,NaN,NaN,NaN,NaN,NaN,0.08133,0.945,3,4,4,4,3,2,0,0,0,0,0,0,0,0,0,0,0,0,0,0,3,3,32
13612.103025,2.346e-26,0.0598,0.075,0,0.75,-0.027224,NaN,NaN,NaN,NaN,NaN,NaN,NaN,NaN,NaN,NaN,NaN,NaN,NaN,NaN,0.08133,0.945,3,3,4,4,3,2,0,0,0,0,0,0,0,0,0,0,0,0,0,0,3,3,32
13612.157224,3.523e-26,0.0598,0.075,0,0.75,-0.027224,NaN,NaN,NaN,NaN,NaN,NaN,NaN,NaN,NaN,NaN,NaN,NaN,NaN,NaN,0.08133,0.945,3,4,4,4,3,2,0,0,0,0,0,0,0,0,0,0,0,0,0,0,3,3,32
13612.20937,2.977e-26,0.0598,0.075,0,0.75,-0.027224,NaN,NaN,NaN,NaN,NaN,NaN,NaN,NaN,NaN,NaN,NaN,NaN,NaN,NaN,0.08133,0.945,3,4,4,4,3,2,0,0,0,0,0,0,0,0,0,0,0,0,0,0,3,3,32
13612.261605,3.015e-26,0.0598,0.075,0,0.75,-0.027225,NaN,NaN,NaN,NaN,NaN,NaN,NaN,NaN,NaN,NaN,NaN,NaN,NaN,NaN,0.08133,0.945,3,4,4,4,3,2,0,0,0,0,0,0,0,0,0,0,0,0,0,0,3,3,32
13613.068609,2.144e-26,0.0598,0.075,0,0.75,-0.027226,NaN,NaN,NaN,NaN,NaN,NaN,NaN,NaN,NaN,NaN,NaN,NaN,NaN,NaN,0.08133,0.945,3,3,4,4,3,2,0,0,0,0,0,0,0,0,0,0,0,0,0,0,3,3,32
13613.119665,2.213e-26,0.0598,0.075,0,0.75,-0.027226,NaN,NaN,NaN,NaN,NaN,NaN,NaN,NaN,NaN,NaN,NaN,NaN,NaN,NaN,0.08133,0.945,3,3,4,4,3,2,0,0,0,0,0,0,0,0,0,0,0,0,0,0,3,3,32
13613.178446,2.804e-26,0.0598,0.075,0,0.75,-0.027226,NaN,NaN,NaN,NaN,NaN,NaN,NaN,NaN,NaN,NaN,NaN,NaN,NaN,NaN,0.08133,0.945,3,4,4,4,3,2,0,0,0,0,0,0,0,0,0,0,0,0,0,0,3,3,32
13613.227064,2.423e-26,0.0598,0.075,0,0.75,-0.027226,NaN,NaN,NaN,NaN,NaN,NaN,NaN,NaN,NaN,NaN,NaN,NaN,NaN,NaN,0.08133,0.945,3,3,4,4,3,2,0,0,0,0,0,0,0,0,0,0,0,0,0,0,3,3,32
13613.273356,2.171e-26,0.0598,0.075,0,0.75,-0.027227,NaN,NaN,NaN,NaN,NaN,NaN,NaN,NaN,NaN,NaN,NaN,NaN,NaN,NaN,0.08133,0.945,3,3,4,4,3,2,0,0,0,0,0,0,0,0,0,0,0,0,0,0,3,3,32
13613.338225,3.719e-26,0.0598,0.075,0,0.75,-0.027227,NaN,NaN,NaN,NaN,NaN,NaN,NaN,NaN,NaN,NaN,NaN,NaN,NaN,NaN,0.08133,0.945,3,4,4,4,3,2,0,0,0,0,0,0,0,0,0,0,0,0,0,0,3,3,32
13615.490669,4.039e-26,0.0598,0.075,0,0.75,-0.027231,NaN,NaN,NaN,NaN,NaN,NaN,NaN,NaN,NaN,NaN,NaN,NaN,NaN,NaN,0.08133,0.945,3,4,4,4,3,2,0,0,0,0,0,0,0,0,0,0,0,0,0,0,3,3,32
13615.534443,8.003e-27,0.0598,0.075,0,0.75,-0.027231,NaN,NaN,NaN,NaN,NaN,NaN,NaN,NaN,NaN,NaN,NaN,NaN,NaN,NaN,0.08133,0.945,3,3,4,4,3,2,0,0,0,0,0,0,0,0,0,0,0,0,0,0,3,3,32
13615.899698,1.467e-26,0.0598,0.075,0,0.75,-0.027232,NaN,NaN,NaN,NaN,NaN,NaN,NaN,NaN,NaN,NaN,NaN,NaN,NaN,NaN,0.08133,0.945,3,3,4,4,3,2,0,0,0,0,0,0,0,0,0,0,0,0,0,0,3,3,32
13615.933996,2.534e-26,0.0598,0.075,0,0.75,-0.027232,NaN,NaN,NaN,NaN,NaN,NaN,NaN,NaN,NaN,NaN,NaN,NaN,NaN,NaN,0.08133,0.945,3,4,4,4,3,2,0,0,0,0,0,0,0,0,0,0,0,0,0,0,3,3,32
13615.979616,4.294e-26,0.0598,0.075,0,0.75,-0.027232,NaN,NaN,NaN,NaN,NaN,NaN,NaN,NaN,NaN,NaN,NaN,NaN,NaN,NaN,0.08133,0.945,3,4,4,4,3,2,0,0,0,0,0,0,0,0,0,0,0,0,0,0,3,3,32
13616.01499,3.223e-26,0.0598,0.075,0,0.75,-0.027232,NaN,NaN,NaN,NaN,NaN,NaN,NaN,NaN,NaN,NaN,NaN,NaN,NaN,NaN,0.08133,0.945,3,4,4,4,3,2,0,0,0,0,0,0,0,0,0,0,0,0,0,0,3,3,32
13617.303816,2.743e-26,0.0598,0.075,0,0.75,-0.027235,NaN,NaN,NaN,NaN,NaN,NaN,NaN,NaN,NaN,NaN,NaN,NaN,NaN,NaN,0.08133,0.945,3,4,4,4,3,2,0,0,0,0,0,0,0,0,0,0,0,0,0,0,3,3,32
13617.353763,4.885e-26,0.0598,0.075,0,0.75,-0.027235,NaN,NaN,NaN,NaN,NaN,NaN,NaN,NaN,NaN,NaN,NaN,NaN,NaN,NaN,0.08133,0.945,3,4,4,4,3,2,0,0,0,0,0,0,0,0,0,0,0,0,0,0,3,3,32
13617.399051,3.381e-26,0.0598,0.075,0,0.75,-0.027235,NaN,NaN,NaN,NaN,NaN,NaN,NaN,NaN,NaN,NaN,NaN,NaN,NaN,NaN,0.08133,0.945,3,4,4,4,3,2,0,0,0,0,0,0,0,0,0,0,0,0,0,0,3,3,32
13617.435083,2.498e-26,0.0598,0.075,0,0.75,-0.027235,NaN,NaN,NaN,NaN,NaN,NaN,NaN,NaN,NaN,NaN,NaN,NaN,NaN,NaN,0.08133,0.945,3,3,4,4,3,2,0,0,0,0,0,0,0,0,0,0,0,0,0,0,3,3,32
13618.91638,3.644e-26,0.0598,0.075,0,0.75,-0.027238,NaN,NaN,NaN,NaN,NaN,NaN,NaN,NaN,NaN,NaN,NaN,NaN,NaN,NaN,0.08133,0.945,3,4,4,4,3,2,0,0,0,0,0,0,0,0,0,0,0,0,0,0,3,3,32
13618.963168,2.74e-26,0.0598,0.075,0,0.75,-0.027238,NaN,NaN,NaN,NaN,NaN,NaN,NaN,NaN,NaN,NaN,NaN,NaN,NaN,NaN,0.08133,0.945,3,4,4,4,3,2,0,0,0,0,0,0,0,0,0,0,0,0,0,0,3,3,32
13620.741339,8.588e-26,0.0598,0.075,0,0.75,-0.027241,NaN,NaN,NaN,NaN,NaN,NaN,NaN,NaN,NaN,NaN,NaN,NaN,NaN,NaN,0.08133,0.945,3,5,4,4,3,2,0,0,0,0,0,0,0,0,0,0,0,0,0,0,3,3,32
13620.790806,3.991e-26,0.0598,0.075,0,0.75,-0.027242,NaN,NaN,NaN,NaN,NaN,NaN,NaN,NaN,NaN,NaN,NaN,NaN,NaN,NaN,0.08133,0.945,3,4,4,4,3,2,0,0,0,0,0,0,0,0,0,0,0,0,0,0,3,3,32
13620.848138,2.85e-26,0.0598,0.075,0,0.75,-0.027242,NaN,NaN,NaN,NaN,NaN,NaN,NaN,NaN,NaN,NaN,NaN,NaN,NaN,NaN,0.08133,0.945,3,4,4,4,3,2,0,0,0,0,0,0,0,0,0,0,0,0,0,0,3,3,32
13620.906228,1.23e-26,0.0598,0.075,0,0.75,-0.027242,NaN,NaN,NaN,NaN,NaN,NaN,NaN,NaN,NaN,NaN,NaN,NaN,NaN,NaN,0.08133,0.945,3,3,4,4,3,2,0,0,0,0,0,0,0,0,0,0,0,0,0,0,3,3,32
13620.949665,4.161e-26,0.0598,0.075,0,0.75,-0.027242,NaN,NaN,NaN,NaN,NaN,NaN,NaN,NaN,NaN,NaN,NaN,NaN,NaN,NaN,0.08133,0.945,3,4,4,4,3,2,0,0,0,0,0,0,0,0,0,0,0,0,0,0,3,3,32
13626.681494,5.796e-27,0.0598,0.075,0,0.75,-0.027253,NaN,NaN,NaN,NaN,NaN,NaN,NaN,NaN,NaN,NaN,NaN,NaN,NaN,NaN,0.08133,0.945,3,3,4,4,3,2,0,0,0,0,0,0,0,0,0,0,0,0,0,0,3,3,32
13626.73707,5.589e-26,0.0598,0.075,0,0.75,-0.027253,NaN,NaN,NaN,NaN,NaN,NaN,NaN,NaN,NaN,NaN,NaN,NaN,NaN,NaN,0.08133,0.945,3,5,4,4,3,2,0,0,0,0,0,0,0,0,0,0,0,0,0,0,3,3,32
13627.862727,4.395e-26,0.0598,0.075,0,0.75,-0.027256,NaN,NaN,NaN,NaN,NaN,NaN,NaN,NaN,NaN,NaN,NaN,NaN,NaN,NaN,0.08133,0.945,3,4,4,4,3,2,0,0,0,0,0,0,0,0,0,0,0,0,0,0,3,3,32
13627.916922,3.152e-26,0.0598,0.075,0,0.75,-0.027256,NaN,NaN,NaN,NaN,NaN,NaN,NaN,NaN,NaN,NaN,NaN,NaN,NaN,NaN,0.08133,0.945,3,4,4,4,3,2,0,0,0,0,0,0,0,0,0,0,0,0,0,0,3,3,32
13627.956778,2.558e-26,0.0598,0.075,0,0.75,-0.027256,NaN,NaN,NaN,NaN,NaN,NaN,NaN,NaN,NaN,NaN,NaN,NaN,NaN,NaN,0.08133,0.945,3,4,4,4,3,2,0,0,0,0,0,0,0,0,0,0,0,0,0,0,3,3,32
13629.602319,2.841e-26,0.0598,0.075,0,0.75,-0.027259,NaN,NaN,NaN,NaN,NaN,NaN,NaN,NaN,NaN,NaN,NaN,NaN,NaN,NaN,0.08133,0.945,3,4,4,4,3,2,0,0,0,0,0,0,0,0,0,0,0,0,0,0,3,3,32
13629.660178,3.292e-26,0.0598,0.075,0,0.75,-0.027259,NaN,NaN,NaN,NaN,NaN,NaN,NaN,NaN,NaN,NaN,NaN,NaN,NaN,NaN,0.08133,0.945,3,4,4,4,3,2,0,0,0,0,0,0,0,0,0,0,0,0,0,0,3,3,32
13629.70624,8.566e-27,0.0598,0.075,0,0.75,-0.027259,NaN,NaN,NaN,NaN,NaN,NaN,NaN,NaN,NaN,NaN,NaN,NaN,NaN,NaN,0.08133,0.945,3,3,4,4,3,2,0,0,0,0,0,0,0,0,0,0,0,0,0,0,3,3,32
13629.792666,2.498e-26,0.0598,0.075,0,0.75,-0.02726,NaN,NaN,NaN,NaN,NaN,NaN,NaN,NaN,NaN,NaN,NaN,NaN,NaN,NaN,0.08133,0.945,3,3,4,4,3,2,0,0,0,0,0,0,0,0,0,0,0,0,0,0,3,3,32
13629.832409,2.503e-26,0.0598,0.075,0,0.75,-0.02726,NaN,NaN,NaN,NaN,NaN,NaN,NaN,NaN,NaN,NaN,NaN,NaN,NaN,NaN,0.08133,0.945,3,4,4,4,3,2,0,0,0,0,0,0,0,0,0,0,0,0,0,0,3,3,32
13630.358084,2.306e-26,0.0598,0.075,0,0.75,-0.027261,NaN,NaN,NaN,NaN,NaN,NaN,NaN,NaN,NaN,NaN,NaN,NaN,NaN,NaN,0.08133,0.945,3,3,4,4,3,2,0,0,0,0,0,0,0,0,0,0,0,0,0,0,3,3,32
13630.404423,5.427e-26,0.0598,0.075,0,0.75,-0.027261,NaN,NaN,NaN,NaN,NaN,NaN,NaN,NaN,NaN,NaN,NaN,NaN,NaN,NaN,0.08133,0.945,3,5,4,4,3,2,0,0,0,0,0,0,0,0,0,0,0,0,0,0,3,3,32
13630.448669,2.803e-26,0.0598,0.075,0,0.75,-0.027261,NaN,NaN,NaN,NaN,NaN,NaN,NaN,NaN,NaN,NaN,NaN,NaN,NaN,NaN,0.08133,0.945,3,4,4,4,3,2,0,0,0,0,0,0,0,0,0,0,0,0,0,0,3,3,32
13630.494759,2.168e-26,0.0598,0.075,0,0.75,-0.027261,NaN,NaN,NaN,NaN,NaN,NaN,NaN,NaN,NaN,NaN,NaN,NaN,NaN,NaN,0.08133,0.945,3,3,4,4,3,2,0,0,0,0,0,0,0,0,0,0,0,0,0,0,3,3,32
13633.278027,1.764e-26,0.0598,0.075,0,0.75,-0.027267,NaN,NaN,NaN,NaN,NaN,NaN,NaN,NaN,NaN,NaN,NaN,NaN,NaN,NaN,0.08133,0.945,3,3,4,4,3,2,0,0,0,0,0,0,0,0,0,0,0,0,0,0,3,3,32
13633.39423,1.597e-26,0.0598,0.075,0,0.75,-0.027267,NaN,NaN,NaN,NaN,NaN,NaN,NaN,NaN,NaN,NaN,NaN,NaN,NaN,NaN,0.08133,0.945,3,3,4,4,3,2,0,0,0,0,0,0,0,0,0,0,0,0,0,0,3,3,32
13633.455171,7.198e-26,0.0598,0.075,0,0.75,-0.027267,NaN,NaN,NaN,NaN,NaN,NaN,NaN,NaN,NaN,NaN,NaN,NaN,NaN,NaN,0.08133,0.945,3,5,4,4,3,2,0,0,0,0,0,0,0,0,0,0,0,0,0,0,3,3,32
13633.546465,6.193e-26,0.0598,0.075,0,0.75,-0.027267,NaN,NaN,NaN,NaN,NaN,NaN,NaN,NaN,NaN,NaN,NaN,NaN,NaN,NaN,0.08133,0.945,3,5,4,4,3,2,0,0,0,0,0,0,0,0,0,0,0,0,0,0,3,3,32
13633.578225,1.28e-26,0.0598,0.075,0,0.75,-0.027267,NaN,NaN,NaN,NaN,NaN,NaN,NaN,NaN,NaN,NaN,NaN,NaN,NaN,NaN,0.08133,0.945,3,3,4,4,3,2,0,0,0,0,0,0,0,0,0,0,0,0,0,0,3,3,32
13636.218822,2.528e-26,0.0598,0.075,0,0.75,-0.027272,NaN,NaN,NaN,NaN,NaN,NaN,NaN,NaN,NaN,NaN,NaN,NaN,NaN,NaN,0.08133,0.945,3,4,4,4,3,2,0,0,0,0,0,0,0,0,0,0,0,0,0,0,3,3,32
13636.249518,1.539e-26,0.0598,0.075,0,0.75,-0.027272,NaN,NaN,NaN,NaN,NaN,NaN,NaN,NaN,NaN,NaN,NaN,NaN,NaN,NaN,0.08133,0.945,3,3,4,4,3,2,0,0,0,0,0,0,0,0,0,0,0,0,0,0,3,3,32
13636.289466,1.752e-26,0.0598,0.075,0,0.75,-0.027273,NaN,NaN,NaN,NaN,NaN,NaN,NaN,NaN,NaN,NaN,NaN,NaN,NaN,NaN,0.08133,0.945,3,3,4,4,3,2,0,0,0,0,0,0,0,0,0,0,0,0,0,0,3,3,32
13637.139832,5.287e-26,0.0598,0.075,0,0.75,-0.027274,NaN,NaN,NaN,NaN,NaN,NaN,NaN,NaN,NaN,NaN,NaN,NaN,NaN,NaN,0.08133,0.945,3,5,4,4,3,2,0,0,0,0,0,0,0,0,0,0,0,0,0,0,3,3,32
13637.190471,6.883e-27,0.0598,0.075,0,0.75,-0.027274,NaN,NaN,NaN,NaN,NaN,NaN,NaN,NaN,NaN,NaN,NaN,NaN,NaN,NaN,0.08133,0.945,3,3,4,4,3,2,0,0,0,0,0,0,0,0,0,0,0,0,0,0,3,3,32
13637.910918,4.693e-26,0.0598,0.075,0,0.75,-0.027276,NaN,NaN,NaN,NaN,NaN,NaN,NaN,NaN,NaN,NaN,NaN,NaN,NaN,NaN,0.08133,0.945,3,4,4,4,3,2,0,0,0,0,0,0,0,0,0,0,0,0,0,0,3,3,32
13637.94034,1.398e-26,0.0598,0.075,0,0.75,-0.027276,NaN,NaN,NaN,NaN,NaN,NaN,NaN,NaN,NaN,NaN,NaN,NaN,NaN,NaN,0.08133,0.945,3,3,4,4,3,2,0,0,0,0,0,0,0,0,0,0,0,0,0,0,3,3,32
13637.974897,1.922e-26,0.0598,0.075,0,0.75,-0.027276,NaN,NaN,NaN,NaN,NaN,NaN,NaN,NaN,NaN,NaN,NaN,NaN,NaN,NaN,0.08133,0.945,3,3,4,4,3,2,0,0,0,0,0,0,0,0,0,0,0,0,0,0,3,3,32
13638.02883,3.343e-26,0.0598,0.075,0,0.75,-0.027276,NaN,NaN,NaN,NaN,NaN,NaN,NaN,NaN,NaN,NaN,NaN,NaN,NaN,NaN,0.08133,0.945,3,4,4,4,3,2,0,0,0,0,0,0,0,0,0,0,0,0,0,0,3,3,32
13638.065499,2.641e-26,0.0598,0.075,0,0.75,-0.027276,NaN,NaN,NaN,NaN,NaN,NaN,NaN,NaN,NaN,NaN,NaN,NaN,NaN,NaN,0.08133,0.945,3,4,4,4,3,2,0,0,0,0,0,0,0,0,0,0,0,0,0,0,3,3,32
13638.118421,2.468e-26,0.0598,0.075,0,0.75,-0.027276,NaN,NaN,NaN,NaN,NaN,NaN,NaN,NaN,NaN,NaN,NaN,NaN,NaN,NaN,0.08133,0.945,3,3,4,4,3,2,0,0,0,0,0,0,0,0,0,0,0,0,0,0,3,3,32
13638.159903,5.418e-26,0.0598,0.075,0,0.75,-0.027276,NaN,NaN,NaN,NaN,NaN,NaN,NaN,NaN,NaN,NaN,NaN,NaN,NaN,NaN,0.08133,0.945,3,5,4,4,3,2,0,0,0,0,0,0,0,0,0,0,0,0,0,0,3,3,32
13638.19555,2.916e-26,0.0598,0.075,0,0.75,-0.027276,NaN,NaN,NaN,NaN,NaN,NaN,NaN,NaN,NaN,NaN,NaN,NaN,NaN,NaN,0.08133,0.945,3,4,4,4,3,2,0,0,0,0,0,0,0,0,0,0,0,0,0,0,3,3,32
13638.306355,2.484e-26,0.0598,0.075,0,0.75,-0.027277,NaN,NaN,NaN,NaN,NaN,NaN,NaN,NaN,NaN,NaN,NaN,NaN,NaN,NaN,0.08133,0.945,3,3,4,4,3,2,0,0,0,0,0,0,0,0,0,0,0,0,0,0,3,3,32
13638.348181,2.962e-26,0.0598,0.075,0,0.75,-0.027277,NaN,NaN,NaN,NaN,NaN,NaN,NaN,NaN,NaN,NaN,NaN,NaN,NaN,NaN,0.08133,0.945,3,4,4,4,3,2,0,0,0,0,0,0,0,0,0,0,0,0,0,0,3,3,32
13638.389881,3.751e-26,0.0598,0.075,0,0.75,-0.027277,NaN,NaN,NaN,NaN,NaN,NaN,NaN,NaN,NaN,NaN,NaN,NaN,NaN,NaN,0.08133,0.945,3,4,4,4,3,2,0,0,0,0,0,0,0,0,0,0,0,0,0,0,3,3,32
13640.852445,5.982e-26,0.0598,0.075,0,0.75,-0.027282,NaN,NaN,NaN,NaN,NaN,NaN,NaN,NaN,NaN,NaN,NaN,NaN,NaN,NaN,0.08133,0.945,3,5,4,4,3,2,0,0,0,0,0,0,0,0,0,0,0,0,0,0,3,3,32
13640.893987,1.216e-26,0.0598,0.075,0,0.75,-0.027282,NaN,NaN,NaN,NaN,NaN,NaN,NaN,NaN,NaN,NaN,NaN,NaN,NaN,NaN,0.08133,0.945,3,3,4,4,3,2,0,0,0,0,0,0,0,0,0,0,0,0,0,0,3,3,32
13640.944983,4.282e-26,0.0598,0.075,0,0.75,-0.027282,NaN,NaN,NaN,NaN,NaN,NaN,NaN,NaN,NaN,NaN,NaN,NaN,NaN,NaN,0.08133,0.945,3,4,4,4,3,2,0,0,0,0,0,0,0,0,0,0,0,0,0,0,3,3,32
13641.018502,8.075e-26,0.0598,0.075,0,0.75,-0.027282,NaN,NaN,NaN,NaN,NaN,NaN,NaN,NaN,NaN,NaN,NaN,NaN,NaN,NaN,0.08133,0.945,3,5,4,4,3,2,0,0,0,0,0,0,0,0,0,0,0,0,0,0,3,3,32
13641.076274,6.513e-26,0.0598,0.075,0,0.75,-0.027282,NaN,NaN,NaN,NaN,NaN,NaN,NaN,NaN,NaN,NaN,NaN,NaN,NaN,NaN,0.08133,0.945,3,5,4,4,3,2,0,0,0,0,0,0,0,0,0,0,0,0,0,0,3,3,32
13641.112303,4.014e-26,0.0598,0.075,0,0.75,-0.027282,NaN,NaN,NaN,NaN,NaN,NaN,NaN,NaN,NaN,NaN,NaN,NaN,NaN,NaN,0.08133,0.945,3,4,4,4,3,2,0,0,0,0,0,0,0,0,0,0,0,0,0,0,3,3,32
13641.165307,4.402e-26,0.0598,0.075,0,0.75,-0.027282,NaN,NaN,NaN,NaN,NaN,NaN,NaN,NaN,NaN,NaN,NaN,NaN,NaN,NaN,0.08133,0.945,3,4,4,4,3,2,0,0,0,0,0,0,0,0,0,0,0,0,0,0,3,3,32
13641.216425,7.133e-26,0.0598,0.075,0,0.75,-0.027282,NaN,NaN,NaN,NaN,NaN,NaN,NaN,NaN,NaN,NaN,NaN,NaN,NaN,NaN,0.08133,0.945,3,5,4,4,3,2,0,0,0,0,0,0,0,0,0,0,0,0,0,0,3,3,32
13641.269586,2.271e-26,0.0598,0.075,0,0.75,-0.027283,NaN,NaN,NaN,NaN,NaN,NaN,NaN,NaN,NaN,NaN,NaN,NaN,NaN,NaN,0.08133,0.945,3,3,4,4,3,2,0,0,0,0,0,0,0,0,0,0,0,0,0,0,3,3,32
13641.944353,3.666e-26,0.0598,0.075,0,0.75,-0.027284,NaN,NaN,NaN,NaN,NaN,NaN,NaN,NaN,NaN,NaN,NaN,NaN,NaN,NaN,0.08133,0.945,3,4,4,4,3,2,0,0,0,0,0,0,0,0,0,0,0,0,0,0,3,3,32
13641.997346,4.675e-26,0.0598,0.075,0,0.75,-0.027284,NaN,NaN,NaN,NaN,NaN,NaN,NaN,NaN,NaN,NaN,NaN,NaN,NaN,NaN,0.08133,0.945,3,4,4,4,3,2,0,0,0,0,0,0,0,0,0,0,0,0,0,0,3,3,32
13642.051269,1.295e-26,0.0598,0.075,0,0.75,-0.027284,NaN,NaN,NaN,NaN,NaN,NaN,NaN,NaN,NaN,NaN,NaN,NaN,NaN,NaN,0.08133,0.945,3,3,4,4,3,2,0,0,0,0,0,0,0,0,0,0,0,0,0,0,3,3,32
13642.104197,3.512e-26,0.0598,0.075,0,0.75,-0.027284,NaN,NaN,NaN,NaN,NaN,NaN,NaN,NaN,NaN,NaN,NaN,NaN,NaN,NaN,0.08133,0.945,3,4,4,4,3,2,0,0,0,0,0,0,0,0,0,0,0,0,0,0,3,3,32
13642.153436,2.699e-26,0.0598,0.075,0,0.75,-0.027284,NaN,NaN,NaN,NaN,NaN,NaN,NaN,NaN,NaN,NaN,NaN,NaN,NaN,NaN,0.08133,0.945,3,4,4,4,3,2,0,0,0,0,0,0,0,0,0,0,0,0,0,0,3,3,32
13642.208824,3.384e-26,0.0598,0.075,0,0.75,-0.027284,NaN,NaN,NaN,NaN,NaN,NaN,NaN,NaN,NaN,NaN,NaN,NaN,NaN,NaN,0.08133,0.945,3,4,4,4,3,2,0,0,0,0,0,0,0,0,0,0,0,0,0,0,3,3,32
13642.260243,3.547e-26,0.0598,0.075,0,0.75,-0.027285,NaN,NaN,NaN,NaN,NaN,NaN,NaN,NaN,NaN,NaN,NaN,NaN,NaN,NaN,0.08133,0.945,3,4,4,4,3,2,0,0,0,0,0,0,0,0,0,0,0,0,0,0,3,3,32
13643.789463,3.8e-26,0.0598,0.075,0,0.75,-0.027288,NaN,NaN,NaN,NaN,NaN,NaN,NaN,NaN,NaN,NaN,NaN,NaN,NaN,NaN,0.08133,0.945,3,4,4,4,3,2,0,0,0,0,0,0,0,0,0,0,0,0,0,0,3,3,32
13643.830306,3.868e-26,0.0598,0.075,0,0.75,-0.027288,NaN,NaN,NaN,NaN,NaN,NaN,NaN,NaN,NaN,NaN,NaN,NaN,NaN,NaN,0.08133,0.945,3,4,4,4,3,2,0,0,0,0,0,0,0,0,0,0,0,0,0,0,3,3,32
13643.875199,2.736e-26,0.0598,0.075,0,0.75,-0.027288,NaN,NaN,NaN,NaN,NaN,NaN,NaN,NaN,NaN,NaN,NaN,NaN,NaN,NaN,0.08133,0.945,3,4,4,4,3,2,0,0,0,0,0,0,0,0,0,0,0,0,0,0,3,3,32
13643.910846,2.329e-26,0.0598,0.075,0,0.75,-0.027288,NaN,NaN,NaN,NaN,NaN,NaN,NaN,NaN,NaN,NaN,NaN,NaN,NaN,NaN,0.08133,0.945,3,3,4,4,3,2,0,0,0,0,0,0,0,0,0,0,0,0,0,0,3,3,32
13643.965246,4.029e-26,0.0598,0.075,0,0.75,-0.027288,NaN,NaN,NaN,NaN,NaN,NaN,NaN,NaN,NaN,NaN,NaN,NaN,NaN,NaN,0.08133,0.945,3,4,4,4,3,2,0,0,0,0,0,0,0,0,0,0,0,0,0,0,3,3,32
13644.001358,1.272e-26,0.0598,0.075,0,0.75,-0.027288,NaN,NaN,NaN,NaN,NaN,NaN,NaN,NaN,NaN,NaN,NaN,NaN,NaN,NaN,0.08133,0.945,3,3,4,4,3,2,0,0,0,0,0,0,0,0,0,0,0,0,0,0,3,3,32
13645.178392,1.443e-26,0.0598,0.075,0,0.75,-0.02729,NaN,NaN,NaN,NaN,NaN,NaN,NaN,NaN,NaN,NaN,NaN,NaN,NaN,NaN,0.08133,0.945,3,3,4,4,3,2,0,0,0,0,0,0,0,0,0,0,0,0,0,0,3,3,32
13645.227292,3.302e-26,0.0598,0.075,0,0.75,-0.02729,NaN,NaN,NaN,NaN,NaN,NaN,NaN,NaN,NaN,NaN,NaN,NaN,NaN,NaN,0.08133,0.945,3,4,4,4,3,2,0,0,0,0,0,0,0,0,0,0,0,0,0,0,3,3,32
13645.256966,1.626e-26,0.0598,0.075,0,0.75,-0.027291,NaN,NaN,NaN,NaN,NaN,NaN,NaN,NaN,NaN,NaN,NaN,NaN,NaN,NaN,0.08133,0.945,3,3,4,4,3,2,0,0,0,0,0,0,0,0,0,0,0,0,0,0,3,3,32
13646.00802,2.301e-26,0.0598,0.075,0,0.75,-0.027292,NaN,NaN,NaN,NaN,NaN,NaN,NaN,NaN,NaN,NaN,NaN,NaN,NaN,NaN,0.08133,0.945,3,3,4,4,3,2,0,0,0,0,0,0,0,0,0,0,0,0,0,0,3,3,32
13646.11196,2.131e-26,0.0598,0.075,0,0.75,-0.027292,NaN,NaN,NaN,NaN,NaN,NaN,NaN,NaN,NaN,NaN,NaN,NaN,NaN,NaN,0.08133,0.945,3,3,4,4,3,2,0,0,0,0,0,0,0,0,0,0,0,0,0,0,3,3,32
13646.167802,1.919e-26,0.0598,0.075,0,0.75,-0.027292,NaN,NaN,NaN,NaN,NaN,NaN,NaN,NaN,NaN,NaN,NaN,NaN,NaN,NaN,0.08133,0.945,3,3,4,4,3,2,0,0,0,0,0,0,0,0,0,0,0,0,0,0,3,3,32
13646.215905,1.457e-26,0.0598,0.075,0,0.75,-0.027292,NaN,NaN,NaN,NaN,NaN,NaN,NaN,NaN,NaN,NaN,NaN,NaN,NaN,NaN,0.08133,0.945,3,3,4,4,3,2,0,0,0,0,0,0,0,0,0,0,0,0,0,0,3,3,32
13646.400591,2.433e-26,0.0598,0.075,0,0.75,-0.027293,NaN,NaN,NaN,NaN,NaN,NaN,NaN,NaN,NaN,NaN,NaN,NaN,NaN,NaN,0.08133,0.945,3,3,4,4,3,2,0,0,0,0,0,0,0,0,0,0,0,0,0,0,3,3,32
13646.433357,1.281e-26,0.0598,0.075,0,0.75,-0.027293,NaN,NaN,NaN,NaN,NaN,NaN,NaN,NaN,NaN,NaN,NaN,NaN,NaN,NaN,0.08133,0.945,3,3,4,4,3,2,0,0,0,0,0,0,0,0,0,0,0,0,0,0,3,3,32
13646.483759,1.041e-26,0.0598,0.075,0,0.75,-0.027293,NaN,NaN,NaN,NaN,NaN,NaN,NaN,NaN,NaN,NaN,NaN,NaN,NaN,NaN,0.08133,0.945,3,3,4,4,3,2,0,0,0,0,0,0,0,0,0,0,0,0,0,0,3,3,32
13647.337581,3.75e-26,0.0598,0.075,0,0.75,-0.027295,NaN,NaN,NaN,NaN,NaN,NaN,NaN,NaN,NaN,NaN,NaN,NaN,NaN,NaN,0.08133,0.945,3,4,4,4,3,2,0,0,0,0,0,0,0,0,0,0,0,0,0,0,3,3,32
13647.370914,2.214e-26,0.0598,0.075,0,0.75,-0.027295,NaN,NaN,NaN,NaN,NaN,NaN,NaN,NaN,NaN,NaN,NaN,NaN,NaN,NaN,0.08133,0.945,3,3,4,4,3,2,0,0,0,0,0,0,0,0,0,0,0,0,0,0,3,3,32
13647.511099,4.143e-26,0.0598,0.075,0,0.75,-0.027295,NaN,NaN,NaN,NaN,NaN,NaN,NaN,NaN,NaN,NaN,NaN,NaN,NaN,NaN,0.08133,0.945,3,4,4,4,3,2,0,0,0,0,0,0,0,0,0,0,0,0,0,0,3,3,32
13647.559525,5.287e-26,0.0598,0.075,0,0.75,-0.027295,NaN,NaN,NaN,NaN,NaN,NaN,NaN,NaN,NaN,NaN,NaN,NaN,NaN,NaN,0.08133,0.945,3,5,4,4,3,2,0,0,0,0,0,0,0,0,0,0,0,0,0,0,3,3,32
13647.61096,2.151e-26,0.0598,0.075,0,0.75,-0.027295,NaN,NaN,NaN,NaN,NaN,NaN,NaN,NaN,NaN,NaN,NaN,NaN,NaN,NaN,0.08133,0.945,3,3,4,4,3,2,0,0,0,0,0,0,0,0,0,0,0,0,0,0,3,3,32
13647.667286,3.873e-26,0.0598,0.075,0,0.75,-0.027295,NaN,NaN,NaN,NaN,NaN,NaN,NaN,NaN,NaN,NaN,NaN,NaN,NaN,NaN,0.08133,0.945,3,4,4,4,3,2,0,0,0,0,0,0,0,0,0,0,0,0,0,0,3,3,32
13647.713005,8.539e-27,0.0598,0.075,0,0.75,-0.027295,NaN,NaN,NaN,NaN,NaN,NaN,NaN,NaN,NaN,NaN,NaN,NaN,NaN,NaN,0.08133,0.945,3,3,4,4,3,2,0,0,0,0,0,0,0,0,0,0,0,0,0,0,3,3,32
13648.865798,8.605e-26,0.0598,0.075,0,0.75,-0.027298,NaN,NaN,NaN,NaN,NaN,NaN,NaN,NaN,NaN,NaN,NaN,NaN,NaN,NaN,0.08133,0.945,3,5,4,4,3,2,0,0,0,0,0,0,0,0,0,0,0,0,0,0,3,3,32
13648.920199,1.972e-26,0.0598,0.075,0,0.75,-0.027298,NaN,NaN,NaN,NaN,NaN,NaN,NaN,NaN,NaN,NaN,NaN,NaN,NaN,NaN,0.08133,0.945,3,3,4,4,3,2,0,0,0,0,0,0,0,0,0,0,0,0,0,0,3,3,32
13648.97428,3.971e-26,0.0598,0.075,0,0.75,-0.027298,NaN,NaN,NaN,NaN,NaN,NaN,NaN,NaN,NaN,NaN,NaN,NaN,NaN,NaN,0.08133,0.945,3,4,4,4,3,2,0,0,0,0,0,0,0,0,0,0,0,0,0,0,3,3,32
13649.024847,2.635e-26,0.0598,0.075,0,0.75,-0.027298,NaN,NaN,NaN,NaN,NaN,NaN,NaN,NaN,NaN,NaN,NaN,NaN,NaN,NaN,0.08133,0.945,3,4,4,4,3,2,0,0,0,0,0,0,0,0,0,0,0,0,0,0,3,3,32
13649.083775,3.907e-26,0.0598,0.075,0,0.75,-0.027298,NaN,NaN,NaN,NaN,NaN,NaN,NaN,NaN,NaN,NaN,NaN,NaN,NaN,NaN,0.08133,0.945,3,4,4,4,3,2,0,0,0,0,0,0,0,0,0,0,0,0,0,0,3,3,32
13649.148429,2.302e-26,0.0598,0.075,0,0.75,-0.027298,NaN,NaN,NaN,NaN,NaN,NaN,NaN,NaN,NaN,NaN,NaN,NaN,NaN,NaN,0.08133,0.945,3,3,4,4,3,2,0,0,0,0,0,0,0,0,0,0,0,0,0,0,3,3,32
13649.308921,2.699e-26,0.0598,0.075,0,0.75,-0.027299,NaN,NaN,NaN,NaN,NaN,NaN,NaN,NaN,NaN,NaN,NaN,NaN,NaN,NaN,0.08133,0.945,3,4,4,4,3,2,0,0,0,0,0,0,0,0,0,0,0,0,0,0,3,3,32
13649.347061,4.911e-26,0.0598,0.075,0,0.75,-0.027299,NaN,NaN,NaN,NaN,NaN,NaN,NaN,NaN,NaN,NaN,NaN,NaN,NaN,NaN,0.08133,0.945,3,4,4,4,3,2,0,0,0,0,0,0,0,0,0,0,0,0,0,0,3,3,32
13649.437633,3.417e-26,0.0598,0.075,0,0.75,-0.027299,NaN,NaN,NaN,NaN,NaN,NaN,NaN,NaN,NaN,NaN,NaN,NaN,NaN,NaN,0.08133,0.945,3,4,4,4,3,2,0,0,0,0,0,0,0,0,0,0,0,0,0,0,3,3,32
13649.478412,1.048e-26,0.0598,0.075,0,0.75,-0.027299,NaN,NaN,NaN,NaN,NaN,NaN,NaN,NaN,NaN,NaN,NaN,NaN,NaN,NaN,0.08133,0.945,3,3,4,4,3,2,0,0,0,0,0,0,0,0,0,0,0,0,0,0,3,3,32
13653.478456,3.243e-26,0.0598,0.075,0,0.75,-0.027307,NaN,NaN,NaN,NaN,NaN,NaN,NaN,NaN,NaN,NaN,NaN,NaN,NaN,NaN,0.08133,0.945,3,4,4,4,3,2,0,0,0,0,0,0,0,0,0,0,0,0,0,0,3,3,32
13653.521833,4.78e-26,0.0598,0.075,0,0.75,-0.027307,NaN,NaN,NaN,NaN,NaN,NaN,NaN,NaN,NaN,NaN,NaN,NaN,NaN,NaN,0.08133,0.945,3,4,4,4,3,2,0,0,0,0,0,0,0,0,0,0,0,0,0,0,3,3,32
13653.559875,2.985e-26,0.0598,0.075,0,0.75,-0.027307,NaN,NaN,NaN,NaN,NaN,NaN,NaN,NaN,NaN,NaN,NaN,NaN,NaN,NaN,0.08133,0.945,3,4,4,4,3,2,0,0,0,0,0,0,0,0,0,0,0,0,0,0,3,3,32
13653.831206,1.866e-26,0.0598,0.075,0,0.75,-0.027308,NaN,NaN,NaN,NaN,NaN,NaN,NaN,NaN,NaN,NaN,NaN,NaN,NaN,NaN,0.08133,0.945,3,3,4,4,3,2,0,0,0,0,0,0,0,0,0,0,0,0,0,0,3,3,32
13653.880581,5.595e-26,0.0598,0.075,0,0.75,-0.027308,NaN,NaN,NaN,NaN,NaN,NaN,NaN,NaN,NaN,NaN,NaN,NaN,NaN,NaN,0.08133,0.945,3,5,4,4,3,2,0,0,0,0,0,0,0,0,0,0,0,0,0,0,3,3,32
13653.939887,1.627e-26,0.0598,0.075,0,0.75,-0.027308,NaN,NaN,NaN,NaN,NaN,NaN,NaN,NaN,NaN,NaN,NaN,NaN,NaN,NaN,0.08133,0.945,3,3,4,4,3,2,0,0,0,0,0,0,0,0,0,0,0,0,0,0,3,3,32
13653.989786,9.432e-27,0.0598,0.075,0,0.75,-0.027308,NaN,NaN,NaN,NaN,NaN,NaN,NaN,NaN,NaN,NaN,NaN,NaN,NaN,NaN,0.08133,0.945,3,3,4,4,3,2,0,0,0,0,0,0,0,0,0,0,0,0,0,0,3,3,32
13654.046045,2.638e-26,0.0598,0.075,0,0.75,-0.027308,NaN,NaN,NaN,NaN,NaN,NaN,NaN,NaN,NaN,NaN,NaN,NaN,NaN,NaN,0.08133,0.945,3,4,4,4,3,2,0,0,0,0,0,0,0,0,0,0,0,0,0,0,3,3,32
13654.088109,3.112e-26,0.0598,0.075,0,0.75,-0.027308,NaN,NaN,NaN,NaN,NaN,NaN,NaN,NaN,NaN,NaN,NaN,NaN,NaN,NaN,0.08133,0.945,3,4,4,4,3,2,0,0,0,0,0,0,0,0,0,0,0,0,0,0,3,3,32
13654.575983,2.794e-26,0.0598,0.075,0,0.75,-0.027309,NaN,NaN,NaN,NaN,NaN,NaN,NaN,NaN,NaN,NaN,NaN,NaN,NaN,NaN,0.08133,0.945,3,4,4,4,3,2,0,0,0,0,0,0,0,0,0,0,0,0,0,0,3,3,32
13654.645145,1.674e-26,0.0598,0.075,0,0.75,-0.027309,NaN,NaN,NaN,NaN,NaN,NaN,NaN,NaN,NaN,NaN,NaN,NaN,NaN,NaN,0.08133,0.945,3,3,4,4,3,2,0,0,0,0,0,0,0,0,0,0,0,0,0,0,3,3,32
13654.683695,1.598e-26,0.0598,0.075,0,0.75,-0.027309,NaN,NaN,NaN,NaN,NaN,NaN,NaN,NaN,NaN,NaN,NaN,NaN,NaN,NaN,0.08133,0.945,3,3,4,4,3,2,0,0,0,0,0,0,0,0,0,0,0,0,0,0,3,3,32
13654.736991,3.98e-26,0.0598,0.075,0,0.75,-0.027309,NaN,NaN,NaN,NaN,NaN,NaN,NaN,NaN,NaN,NaN,NaN,NaN,NaN,NaN,0.08133,0.945,3,4,4,4,3,2,0,0,0,0,0,0,0,0,0,0,0,0,0,0,3,3,32
13654.782023,3.338e-26,0.0598,0.075,0,0.75,-0.02731,NaN,NaN,NaN,NaN,NaN,NaN,NaN,NaN,NaN,NaN,NaN,NaN,NaN,NaN,0.08133,0.945,3,4,4,4,3,2,0,0,0,0,0,0,0,0,0,0,0,0,0,0,3,3,32
13654.836253,2.415e-26,0.0598,0.075,0,0.75,-0.02731,NaN,NaN,NaN,NaN,NaN,NaN,NaN,NaN,NaN,NaN,NaN,NaN,NaN,NaN,0.08133,0.945,3,3,4,4,3,2,0,0,0,0,0,0,0,0,0,0,0,0,0,0,3,3,32
13661.445045,2.286e-26,0.0598,0.075,0,0.75,-0.027323,NaN,NaN,NaN,NaN,NaN,NaN,NaN,NaN,NaN,NaN,NaN,NaN,NaN,NaN,0.08133,0.945,3,3,4,4,3,2,0,0,0,0,0,0,0,0,0,0,0,0,0,0,3,3,32
13661.498583,5.043e-26,0.0598,0.075,0,0.75,-0.027323,NaN,NaN,NaN,NaN,NaN,NaN,NaN,NaN,NaN,NaN,NaN,NaN,NaN,NaN,0.08133,0.945,3,5,4,4,3,2,0,0,0,0,0,0,0,0,0,0,0,0,0,0,3,3,32
13661.529302,8.077e-26,0.0598,0.075,0,0.75,-0.027323,NaN,NaN,NaN,NaN,NaN,NaN,NaN,NaN,NaN,NaN,NaN,NaN,NaN,NaN,0.08133,0.945,3,5,4,4,3,2,0,0,0,0,0,0,0,0,0,0,0,0,0,0,3,3,32
13661.578305,3.785e-26,0.0598,0.075,0,0.75,-0.027323,NaN,NaN,NaN,NaN,NaN,NaN,NaN,NaN,NaN,NaN,NaN,NaN,NaN,NaN,0.08133,0.945,3,4,4,4,3,2,0,0,0,0,0,0,0,0,0,0,0,0,0,0,3,3,32
13661.622159,4.533e-26,0.0598,0.075,0,0.75,-0.027323,NaN,NaN,NaN,NaN,NaN,NaN,NaN,NaN,NaN,NaN,NaN,NaN,NaN,NaN,0.08133,0.945,3,4,4,4,3,2,0,0,0,0,0,0,0,0,0,0,0,0,0,0,3,3,32
13661.652014,3.251e-26,0.0598,0.075,0,0.75,-0.027323,NaN,NaN,NaN,NaN,NaN,NaN,NaN,NaN,NaN,NaN,NaN,NaN,NaN,NaN,0.08133,0.945,3,4,4,4,3,2,0,0,0,0,0,0,0,0,0,0,0,0,0,0,3,3,32
13666.57681,5.99e-26,0.0598,0.075,0,0.75,-0.027333,NaN,NaN,NaN,NaN,NaN,NaN,NaN,NaN,NaN,NaN,NaN,NaN,NaN,NaN,0.08133,0.945,3,5,4,4,3,2,0,0,0,0,0,0,0,0,0,0,0,0,0,0,3,3,32
13668.78774,3.827e-26,0.0598,0.075,0,0.75,-0.027338,NaN,NaN,NaN,NaN,NaN,NaN,NaN,NaN,NaN,NaN,NaN,NaN,NaN,NaN,0.08133,0.945,3,4,4,4,3,2,0,0,0,0,0,0,0,0,0,0,0,0,0,0,3,3,32
13668.83013,5.349e-26,0.0598,0.075,0,0.75,-0.027338,NaN,NaN,NaN,NaN,NaN,NaN,NaN,NaN,NaN,NaN,NaN,NaN,NaN,NaN,0.08133,0.945,3,5,4,4,3,2,0,0,0,0,0,0,0,0,0,0,0,0,0,0,3,3,32
13668.877116,2.764e-26,0.0598,0.075,0,0.75,-0.027338,NaN,NaN,NaN,NaN,NaN,NaN,NaN,NaN,NaN,NaN,NaN,NaN,NaN,NaN,0.08133,0.945,3,4,4,4,3,2,0,0,0,0,0,0,0,0,0,0,0,0,0,0,3,3,32
13669.865206,4.61e-26,0.0598,0.075,0,0.75,-0.02734,NaN,NaN,NaN,NaN,NaN,NaN,NaN,NaN,NaN,NaN,NaN,NaN,NaN,NaN,0.08133,0.945,3,4,4,4,3,2,0,0,0,0,0,0,0,0,0,0,0,0,0,0,3,3,32
13669.926889,1.357e-25,0.0598,0.075,0,0.75,-0.02734,NaN,NaN,NaN,NaN,NaN,NaN,NaN,NaN,NaN,NaN,NaN,NaN,NaN,NaN,0.08133,0.945,3,6,4,4,3,2,0,0,0,0,0,0,0,0,0,0,0,0,0,0,3,3,32
13673.248642,7.545e-26,0.0598,0.075,0,0.75,-0.027346,NaN,NaN,NaN,NaN,NaN,NaN,NaN,NaN,NaN,NaN,NaN,NaN,NaN,NaN,0.08133,0.945,3,5,4,4,3,2,0,0,0,0,0,0,0,0,0,0,0,0,0,0,3,3,32
13674.206055,9.537e-26,0.0598,0.075,0,0.75,-0.027348,NaN,NaN,NaN,NaN,NaN,NaN,NaN,NaN,NaN,NaN,NaN,NaN,NaN,NaN,0.08133,0.945,3,5,4,4,3,2,0,0,0,0,0,0,0,0,0,0,0,0,0,0,3,3,32
13678.501001,5.884e-26,0.0598,0.075,0,0.75,-0.027357,NaN,NaN,NaN,NaN,NaN,NaN,NaN,NaN,NaN,NaN,NaN,NaN,NaN,NaN,0.08133,0.945,3,5,4,4,3,2,0,0,0,0,0,0,0,0,0,0,0,0,0,0,3,3,32
13678.537051,6.531e-26,0.0598,0.075,0,0.75,-0.027357,NaN,NaN,NaN,NaN,NaN,NaN,NaN,NaN,NaN,NaN,NaN,NaN,NaN,NaN,0.08133,0.945,3,5,4,4,3,2,0,0,0,0,0,0,0,0,0,0,0,0,0,0,3,3,32
13678.588332,2.341e-26,0.0598,0.075,0,0.75,-0.027357,NaN,NaN,NaN,NaN,NaN,NaN,NaN,NaN,NaN,NaN,NaN,NaN,NaN,NaN,0.08133,0.945,3,3,4,4,3,2,0,0,0,0,0,0,0,0,0,0,0,0,0,0,3,3,32
13678.647306,1.759e-26,0.0598,0.075,0,0.75,-0.027357,NaN,NaN,NaN,NaN,NaN,NaN,NaN,NaN,NaN,NaN,NaN,NaN,NaN,NaN,0.08133,0.945,3,3,4,4,3,2,0,0,0,0,0,0,0,0,0,0,0,0,0,0,3,3,32
13690.272631,7.803e-26,0.0598,0.075,0,0.75,-0.027381,NaN,NaN,NaN,NaN,NaN,NaN,NaN,NaN,NaN,NaN,NaN,NaN,NaN,NaN,0.08133,0.945,3,5,4,4,3,2,0,0,0,0,0,0,0,0,0,0,0,0,0,0,3,3,32
13692.428278,5.248e-26,0.0598,0.075,0,0.75,-0.027385,NaN,NaN,NaN,NaN,NaN,NaN,NaN,NaN,NaN,NaN,NaN,NaN,NaN,NaN,0.08133,0.945,3,5,4,4,3,2,0,0,0,0,0,0,0,0,0,0,0,0,0,0,3,3,32
13692.457085,3.925e-26,0.0598,0.075,0,0.75,-0.027385,NaN,NaN,NaN,NaN,NaN,NaN,NaN,NaN,NaN,NaN,NaN,NaN,NaN,NaN,0.08133,0.945,3,4,4,4,3,2,0,0,0,0,0,0,0,0,0,0,0,0,0,0,3,3,32
13692.524131,2.897e-26,0.0598,0.075,0,0.75,-0.027385,NaN,NaN,NaN,NaN,NaN,NaN,NaN,NaN,NaN,NaN,NaN,NaN,NaN,NaN,0.08133,0.945,3,4,4,4,3,2,0,0,0,0,0,0,0,0,0,0,0,0,0,0,3,3,32
13692.807607,6.697e-26,0.0598,0.075,0,0.75,-0.027386,NaN,NaN,NaN,NaN,NaN,NaN,NaN,NaN,NaN,NaN,NaN,NaN,NaN,NaN,0.08133,0.945,3,5,4,4,3,2,0,0,0,0,0,0,0,0,0,0,0,0,0,0,3,3,32
13693.842813,5.09e-26,0.0598,0.075,0,0.75,-0.027388,NaN,NaN,NaN,NaN,NaN,NaN,NaN,NaN,NaN,NaN,NaN,NaN,NaN,NaN,0.08133,0.945,3,5,4,4,3,2,0,0,0,0,0,0,0,0,0,0,0,0,0,0,3,3,32
13693.877148,3.507e-26,0.0598,0.075,0,0.75,-0.027388,NaN,NaN,NaN,NaN,NaN,NaN,NaN,NaN,NaN,NaN,NaN,NaN,NaN,NaN,0.08133,0.945,3,4,4,4,3,2,0,0,0,0,0,0,0,0,0,0,0,0,0,0,3,3,32
13695.53954,2.139e-26,0.0598,0.075,0,0.75,-0.027391,NaN,NaN,NaN,NaN,NaN,NaN,NaN,NaN,NaN,NaN,NaN,NaN,NaN,NaN,0.08133,0.945,3,3,4,4,3,2,0,0,0,0,0,0,0,0,0,0,0,0,0,0,3,3,32
13695.591438,7.892e-26,0.0598,0.075,0,0.75,-0.027391,NaN,NaN,NaN,NaN,NaN,NaN,NaN,NaN,NaN,NaN,NaN,NaN,NaN,NaN,0.08133,0.945,3,5,4,4,3,2,0,0,0,0,0,0,0,0,0,0,0,0,0,0,3,3,32
13695.636277,3.669e-26,0.0598,0.075,0,0.75,-0.027391,NaN,NaN,NaN,NaN,NaN,NaN,NaN,NaN,NaN,NaN,NaN,NaN,NaN,NaN,0.08133,0.945,3,4,4,4,3,2,0,0,0,0,0,0,0,0,0,0,0,0,0,0,3,3,32
13696.502383,4.347e-26,0.0598,0.075,0,0.75,-0.027393,NaN,NaN,NaN,NaN,NaN,NaN,NaN,NaN,NaN,NaN,NaN,NaN,NaN,NaN,0.08133,0.945,3,4,4,4,3,2,0,0,0,0,0,0,0,0,0,0,0,0,0,0,3,3,32
13696.533788,4.742e-26,0.0598,0.075,0,0.75,-0.027393,NaN,NaN,NaN,NaN,NaN,NaN,NaN,NaN,NaN,NaN,NaN,NaN,NaN,NaN,0.08133,0.945,3,4,4,4,3,2,0,0,0,0,0,0,0,0,0,0,0,0,0,0,3,3,32
13696.578883,6.861e-26,0.0598,0.075,0,0.75,-0.027393,NaN,NaN,NaN,NaN,NaN,NaN,NaN,NaN,NaN,NaN,NaN,NaN,NaN,NaN,0.08133,0.945,3,5,4,4,3,2,0,0,0,0,0,0,0,0,0,0,0,0,0,0,3,3,32
13696.618562,6.303e-26,0.0598,0.075,0,0.75,-0.027393,NaN,NaN,NaN,NaN,NaN,NaN,NaN,NaN,NaN,NaN,NaN,NaN,NaN,NaN,0.08133,0.945,3,5,4,4,3,2,0,0,0,0,0,0,0,0,0,0,0,0,0,0,3,3,32
13696.671196,2.157e-26,0.0598,0.075,0,0.75,-0.027393,NaN,NaN,NaN,NaN,NaN,NaN,NaN,NaN,NaN,NaN,NaN,NaN,NaN,NaN,0.08133,0.945,3,3,4,4,3,2,0,0,0,0,0,0,0,0,0,0,0,0,0,0,3,3,32
13696.724341,7.076e-26,0.0598,0.075,0,0.75,-0.027393,NaN,NaN,NaN,NaN,NaN,NaN,NaN,NaN,NaN,NaN,NaN,NaN,NaN,NaN,0.08133,0.945,3,5,4,4,3,2,0,0,0,0,0,0,0,0,0,0,0,0,0,0,3,3,32
13696.772046,4.179e-26,0.0598,0.075,0,0.75,-0.027394,NaN,NaN,NaN,NaN,NaN,NaN,NaN,NaN,NaN,NaN,NaN,NaN,NaN,NaN,0.08133,0.945,3,4,4,4,3,2,0,0,0,0,0,0,0,0,0,0,0,0,0,0,3,3,32
13698.516917,4.978e-26,0.0598,0.075,0,0.75,-0.027397,NaN,NaN,NaN,NaN,NaN,NaN,NaN,NaN,NaN,NaN,NaN,NaN,NaN,NaN,0.08133,0.945,3,4,4,4,3,2,0,0,0,0,0,0,0,0,0,0,0,0,0,0,3,3,32
13698.547839,2.783e-26,0.0598,0.075,0,0.75,-0.027397,NaN,NaN,NaN,NaN,NaN,NaN,NaN,NaN,NaN,NaN,NaN,NaN,NaN,NaN,0.08133,0.945,3,4,4,4,3,2,0,0,0,0,0,0,0,0,0,0,0,0,0,0,3,3,32
13702.377226,2.104e-26,0.0598,0.075,0,0.75,-0.027405,NaN,NaN,NaN,NaN,NaN,NaN,NaN,NaN,NaN,NaN,NaN,NaN,NaN,NaN,0.08133,0.945,3,3,4,4,3,2,0,0,0,0,0,0,0,0,0,0,0,0,0,0,3,3,32
13702.416024,4.069e-26,0.0598,0.075,0,0.75,-0.027405,NaN,NaN,NaN,NaN,NaN,NaN,NaN,NaN,NaN,NaN,NaN,NaN,NaN,NaN,0.08133,0.945,3,4,4,4,3,2,0,0,0,0,0,0,0,0,0,0,0,0,0,0,3,3,32
13702.468083,5.113e-26,0.0598,0.075,0,0.75,-0.027405,NaN,NaN,NaN,NaN,NaN,NaN,NaN,NaN,NaN,NaN,NaN,NaN,NaN,NaN,0.08133,0.945,3,5,4,4,3,2,0,0,0,0,0,0,0,0,0,0,0,0,0,0,3,3,32
13702.509241,8.956e-26,0.0598,0.075,0,0.75,-0.027405,NaN,NaN,NaN,NaN,NaN,NaN,NaN,NaN,NaN,NaN,NaN,NaN,NaN,NaN,0.08133,0.945,3,5,4,4,3,2,0,0,0,0,0,0,0,0,0,0,0,0,0,0,3,3,32
13702.556439,4.849e-26,0.0598,0.075,0,0.75,-0.027405,NaN,NaN,NaN,NaN,NaN,NaN,NaN,NaN,NaN,NaN,NaN,NaN,NaN,NaN,0.08133,0.945,3,4,4,4,3,2,0,0,0,0,0,0,0,0,0,0,0,0,0,0,3,3,32
13704.028842,3.076e-25,0.0598,0.075,0,0.75,-0.027408,NaN,NaN,NaN,NaN,NaN,NaN,NaN,NaN,NaN,NaN,NaN,NaN,NaN,NaN,0.08133,0.945,3,7,4,4,3,2,0,0,0,0,0,0,0,0,0,0,0,0,0,0,3,3,32
13705.830517,1.666e-26,0.0598,0.075,0,0.75,-0.027412,NaN,NaN,NaN,NaN,NaN,NaN,NaN,NaN,NaN,NaN,NaN,NaN,NaN,NaN,0.08133,0.945,3,3,4,4,3,2,0,0,0,0,0,0,0,0,0,0,0,0,0,0,3,3,32
13705.87409,5.986e-26,0.0598,0.075,0,0.75,-0.027412,NaN,NaN,NaN,NaN,NaN,NaN,NaN,NaN,NaN,NaN,NaN,NaN,NaN,NaN,0.08133,0.945,3,5,4,4,3,2,0,0,0,0,0,0,0,0,0,0,0,0,0,0,3,3,32
13705.911198,4.49e-26,0.0598,0.075,0,0.75,-0.027412,NaN,NaN,NaN,NaN,NaN,NaN,NaN,NaN,NaN,NaN,NaN,NaN,NaN,NaN,0.08133,0.945,3,4,4,4,3,2,0,0,0,0,0,0,0,0,0,0,0,0,0,0,3,3,32
13705.967082,9.991e-27,0.0598,0.075,0,0.75,-0.027412,NaN,NaN,NaN,NaN,NaN,NaN,NaN,NaN,NaN,NaN,NaN,NaN,NaN,NaN,0.08133,0.945,3,3,4,4,3,2,0,0,0,0,0,0,0,0,0,0,0,0,0,0,3,3,32
13707.857504,3.47e-26,0.0598,0.075,0,0.75,-0.027416,NaN,NaN,NaN,NaN,NaN,NaN,NaN,NaN,NaN,NaN,NaN,NaN,NaN,NaN,0.08133,0.945,3,4,4,4,3,2,0,0,0,0,0,0,0,0,0,0,0,0,0,0,3,3,32
13707.904163,6.166e-26,0.0598,0.075,0,0.75,-0.027416,NaN,NaN,NaN,NaN,NaN,NaN,NaN,NaN,NaN,NaN,NaN,NaN,NaN,NaN,0.08133,0.945,3,5,4,4,3,2,0,0,0,0,0,0,0,0,0,0,0,0,0,0,3,3,32
13707.957581,5.75e-26,0.0598,0.075,0,0.75,-0.027416,NaN,NaN,NaN,NaN,NaN,NaN,NaN,NaN,NaN,NaN,NaN,NaN,NaN,NaN,0.08133,0.945,3,5,4,4,3,2,0,0,0,0,0,0,0,0,0,0,0,0,0,0,3,3,32
13708.024813,6.607e-26,0.0598,0.075,0,0.75,-0.027416,NaN,NaN,NaN,NaN,NaN,NaN,NaN,NaN,NaN,NaN,NaN,NaN,NaN,NaN,0.08133,0.945,3,5,4,4,3,2,0,0,0,0,0,0,0,0,0,0,0,0,0,0,3,3,32
13708.057274,1.48e-26,0.0598,0.075,0,0.75,-0.027416,NaN,NaN,NaN,NaN,NaN,NaN,NaN,NaN,NaN,NaN,NaN,NaN,NaN,NaN,0.08133,0.945,3,3,4,4,3,2,0,0,0,0,0,0,0,0,0,0,0,0,0,0,3,3,32
13708.107468,5.906e-26,0.0598,0.075,0,0.75,-0.027416,NaN,NaN,NaN,NaN,NaN,NaN,NaN,NaN,NaN,NaN,NaN,NaN,NaN,NaN,0.08133,0.945,3,5,4,4,3,2,0,0,0,0,0,0,0,0,0,0,0,0,0,0,3,3,32
13708.15622,4.289e-26,0.0598,0.075,0,0.75,-0.027416,NaN,NaN,NaN,NaN,NaN,NaN,NaN,NaN,NaN,NaN,NaN,NaN,NaN,NaN,0.08133,0.945,3,4,4,4,3,2,0,0,0,0,0,0,0,0,0,0,0,0,0,0,3,3,32
13708.191973,3.483e-26,0.0598,0.075,0,0.75,-0.027416,NaN,NaN,NaN,NaN,NaN,NaN,NaN,NaN,NaN,NaN,NaN,NaN,NaN,NaN,0.08133,0.945,3,4,4,4,3,2,0,0,0,0,0,0,0,0,0,0,0,0,0,0,3,3,32
13708.224968,4.122e-26,0.0598,0.075,0,0.75,-0.027416,NaN,NaN,NaN,NaN,NaN,NaN,NaN,NaN,NaN,NaN,NaN,NaN,NaN,NaN,0.08133,0.945,3,4,4,4,3,2,0,0,0,0,0,0,0,0,0,0,0,0,0,0,3,3,32
13708.623088,5.123e-26,0.0598,0.075,0,0.75,-0.027417,NaN,NaN,NaN,NaN,NaN,NaN,NaN,NaN,NaN,NaN,NaN,NaN,NaN,NaN,0.08133,0.945,3,5,4,4,3,2,0,0,0,0,0,0,0,0,0,0,0,0,0,0,3,3,32
13708.695685,4.345e-26,0.0598,0.075,0,0.75,-0.027417,NaN,NaN,NaN,NaN,NaN,NaN,NaN,NaN,NaN,NaN,NaN,NaN,NaN,NaN,0.08133,0.945,3,4,4,4,3,2,0,0,0,0,0,0,0,0,0,0,0,0,0,0,3,3,32
13708.746375,8.123e-26,0.0598,0.075,0,0.75,-0.027417,NaN,NaN,NaN,NaN,NaN,NaN,NaN,NaN,NaN,NaN,NaN,NaN,NaN,NaN,0.08133,0.945,3,5,4,4,3,2,0,0,0,0,0,0,0,0,0,0,0,0,0,0,3,3,32
13708.802657,4.673e-26,0.0598,0.075,0,0.75,-0.027418,NaN,NaN,NaN,NaN,NaN,NaN,NaN,NaN,NaN,NaN,NaN,NaN,NaN,NaN,0.08133,0.945,3,4,4,4,3,2,0,0,0,0,0,0,0,0,0,0,0,0,0,0,3,3,32
13708.855211,3.464e-26,0.0598,0.075,0,0.75,-0.027418,NaN,NaN,NaN,NaN,NaN,NaN,NaN,NaN,NaN,NaN,NaN,NaN,NaN,NaN,0.08133,0.945,3,4,4,4,3,2,0,0,0,0,0,0,0,0,0,0,0,0,0,0,3,3,32
13708.907003,5.692e-26,0.0598,0.075,0,0.75,-0.027418,NaN,NaN,NaN,NaN,NaN,NaN,NaN,NaN,NaN,NaN,NaN,NaN,NaN,NaN,0.08133,0.945,3,5,4,4,3,2,0,0,0,0,0,0,0,0,0,0,0,0,0,0,3,3,32
13708.96127,5.29e-26,0.0598,0.075,0,0.75,-0.027418,NaN,NaN,NaN,NaN,NaN,NaN,NaN,NaN,NaN,NaN,NaN,NaN,NaN,NaN,0.08133,0.945,3,5,4,4,3,2,0,0,0,0,0,0,0,0,0,0,0,0,0,0,3,3,32
13709.301814,7.861e-26,0.0598,0.075,0,0.75,-0.027419,NaN,NaN,NaN,NaN,NaN,NaN,NaN,NaN,NaN,NaN,NaN,NaN,NaN,NaN,0.08133,0.945,3,5,4,4,3,2,0,0,0,0,0,0,0,0,0,0,0,0,0,0,3,3,32
13709.571946,3.808e-26,0.0598,0.075,0,0.75,-0.027419,NaN,NaN,NaN,NaN,NaN,NaN,NaN,NaN,NaN,NaN,NaN,NaN,NaN,NaN,0.08133,0.945,3,4,4,4,3,2,0,0,0,0,0,0,0,0,0,0,0,0,0,0,3,3,32
13709.616951,4.84e-26,0.0598,0.075,0,0.75,-0.027419,NaN,NaN,NaN,NaN,NaN,NaN,NaN,NaN,NaN,NaN,NaN,NaN,NaN,NaN,0.08133,0.945,3,4,4,4,3,2,0,0,0,0,0,0,0,0,0,0,0,0,0,0,3,3,32
13709.656583,4.494e-26,0.0598,0.075,0,0.75,-0.027419,NaN,NaN,NaN,NaN,NaN,NaN,NaN,NaN,NaN,NaN,NaN,NaN,NaN,NaN,0.08133,0.945,3,4,4,4,3,2,0,0,0,0,0,0,0,0,0,0,0,0,0,0,3,3,32
13709.708903,8.967e-27,0.0598,0.075,0,0.75,-0.027419,NaN,NaN,NaN,NaN,NaN,NaN,NaN,NaN,NaN,NaN,NaN,NaN,NaN,NaN,0.08133,0.945,3,3,4,4,3,2,0,0,0,0,0,0,0,0,0,0,0,0,0,0,3,3,32
13710.363678,4.639e-26,0.0598,0.075,0,0.75,-0.027421,NaN,NaN,NaN,NaN,NaN,NaN,NaN,NaN,NaN,NaN,NaN,NaN,NaN,NaN,0.08133,0.945,3,4,4,4,3,2,0,0,0,0,0,0,0,0,0,0,0,0,0,0,3,3,32
13710.393533,2.273e-26,0.0598,0.075,0,0.75,-0.027421,NaN,NaN,NaN,NaN,NaN,NaN,NaN,NaN,NaN,NaN,NaN,NaN,NaN,NaN,0.08133,0.945,3,3,4,4,3,2,0,0,0,0,0,0,0,0,0,0,0,0,0,0,3,3,32
13710.441172,1.776e-26,0.0598,0.075,0,0.75,-0.027421,NaN,NaN,NaN,NaN,NaN,NaN,NaN,NaN,NaN,NaN,NaN,NaN,NaN,NaN,0.08133,0.945,3,3,4,4,3,2,0,0,0,0,0,0,0,0,0,0,0,0,0,0,3,3,32
13710.474535,7.659e-27,0.0598,0.075,0,0.75,-0.027421,NaN,NaN,NaN,NaN,NaN,NaN,NaN,NaN,NaN,NaN,NaN,NaN,NaN,NaN,0.08133,0.945,3,3,4,4,3,2,0,0,0,0,0,0,0,0,0,0,0,0,0,0,3,3,32
13712.399338,2.651e-26,0.0598,0.075,0,0.75,-0.027425,NaN,NaN,NaN,NaN,NaN,NaN,NaN,NaN,NaN,NaN,NaN,NaN,NaN,NaN,0.08133,0.945,3,4,4,4,3,2,0,0,0,0,0,0,0,0,0,0,0,0,0,0,3,3,32
13712.470593,4.658e-26,0.0598,0.075,0,0.75,-0.027425,NaN,NaN,NaN,NaN,NaN,NaN,NaN,NaN,NaN,NaN,NaN,NaN,NaN,NaN,0.08133,0.945,3,4,4,4,3,2,0,0,0,0,0,0,0,0,0,0,0,0,0,0,3,3,32
13712.521241,3.092e-26,0.0598,0.075,0,0.75,-0.027425,NaN,NaN,NaN,NaN,NaN,NaN,NaN,NaN,NaN,NaN,NaN,NaN,NaN,NaN,0.08133,0.945,3,4,4,4,3,2,0,0,0,0,0,0,0,0,0,0,0,0,0,0,3,3,32
13712.613796,4.21e-26,0.0598,0.075,0,0.75,-0.027425,NaN,NaN,NaN,NaN,NaN,NaN,NaN,NaN,NaN,NaN,NaN,NaN,NaN,NaN,0.08133,0.945,3,4,4,4,3,2,0,0,0,0,0,0,0,0,0,0,0,0,0,0,3,3,32
13712.647903,3.335e-26,0.0598,0.075,0,0.75,-0.027425,NaN,NaN,NaN,NaN,NaN,NaN,NaN,NaN,NaN,NaN,NaN,NaN,NaN,NaN,0.08133,0.945,3,4,4,4,3,2,0,0,0,0,0,0,0,0,0,0,0,0,0,0,3,3,32
13712.726485,3.497e-26,0.0598,0.075,0,0.75,-0.027425,NaN,NaN,NaN,NaN,NaN,NaN,NaN,NaN,NaN,NaN,NaN,NaN,NaN,NaN,0.08133,0.945,3,4,4,4,3,2,0,0,0,0,0,0,0,0,0,0,0,0,0,0,3,3,32
13712.788625,5.792e-26,0.0598,0.075,0,0.75,-0.027426,NaN,NaN,NaN,NaN,NaN,NaN,NaN,NaN,NaN,NaN,NaN,NaN,NaN,NaN,0.08133,0.945,3,5,4,4,3,2,0,0,0,0,0,0,0,0,0,0,0,0,0,0,3,3,32
13712.829362,3.176e-26,0.0598,0.075,0,0.75,-0.027426,NaN,NaN,NaN,NaN,NaN,NaN,NaN,NaN,NaN,NaN,NaN,NaN,NaN,NaN,0.08133,0.945,3,4,4,4,3,2,0,0,0,0,0,0,0,0,0,0,0,0,0,0,3,3,32
13714.926418,2.865e-26,0.0598,0.075,0,0.75,-0.02743,NaN,NaN,NaN,NaN,NaN,NaN,NaN,NaN,NaN,NaN,NaN,NaN,NaN,NaN,0.08133,0.945,3,4,4,4,3,2,0,0,0,0,0,0,0,0,0,0,0,0,0,0,3,3,32
13714.960028,1.817e-26,0.0598,0.075,0,0.75,-0.02743,NaN,NaN,NaN,NaN,NaN,NaN,NaN,NaN,NaN,NaN,NaN,NaN,NaN,NaN,0.08133,0.945,3,3,4,4,3,2,0,0,0,0,0,0,0,0,0,0,0,0,0,0,3,3,32
13715.023377,5.611e-26,0.0598,0.075,0,0.75,-0.02743,NaN,NaN,NaN,NaN,NaN,NaN,NaN,NaN,NaN,NaN,NaN,NaN,NaN,NaN,0.08133,0.945,3,5,4,4,3,2,0,0,0,0,0,0,0,0,0,0,0,0,0,0,3,3,32
13715.055076,3.337e-26,0.0598,0.075,0,0.75,-0.02743,NaN,NaN,NaN,NaN,NaN,NaN,NaN,NaN,NaN,NaN,NaN,NaN,NaN,NaN,0.08133,0.945,3,4,4,4,3,2,0,0,0,0,0,0,0,0,0,0,0,0,0,0,3,3,32
13715.902981,6.958e-26,0.0598,0.075,0,0.75,-0.027432,NaN,NaN,NaN,NaN,NaN,NaN,NaN,NaN,NaN,NaN,NaN,NaN,NaN,NaN,0.08133,0.945,3,5,4,4,3,2,0,0,0,0,0,0,0,0,0,0,0,0,0,0,3,3,32
13715.94459,2.221e-25,0.0598,0.075,0,0.75,-0.027432,NaN,NaN,NaN,NaN,NaN,NaN,NaN,NaN,NaN,NaN,NaN,NaN,NaN,NaN,0.08133,0.945,3,6,4,4,3,2,0,0,0,0,0,0,0,0,0,0,0,0,0,0,3,3,32
13717.970827,9.098e-26,0.0598,0.075,0,0.75,-0.027436,NaN,NaN,NaN,NaN,NaN,NaN,NaN,NaN,NaN,NaN,NaN,NaN,NaN,NaN,0.08133,0.945,3,5,4,4,3,2,0,0,0,0,0,0,0,0,0,0,0,0,0,0,3,3,32
13718.250133,9.989e-26,0.0598,0.075,0,0.75,-0.027437,NaN,NaN,NaN,NaN,NaN,NaN,NaN,NaN,NaN,NaN,NaN,NaN,NaN,NaN,0.08133,0.945,3,5,4,4,3,2,0,0,0,0,0,0,0,0,0,0,0,0,0,0,3,3,32
13719.19558,1.149e-26,0.0598,0.075,0,0.75,-0.027438,NaN,NaN,NaN,NaN,NaN,NaN,NaN,NaN,NaN,NaN,NaN,NaN,NaN,NaN,0.08133,0.945,3,3,4,4,3,2,0,0,0,0,0,0,0,0,0,0,0,0,0,0,3,3,32
13719.233293,5.494e-26,0.0598,0.075,0,0.75,-0.027438,NaN,NaN,NaN,NaN,NaN,NaN,NaN,NaN,NaN,NaN,NaN,NaN,NaN,NaN,0.08133,0.945,3,5,4,4,3,2,0,0,0,0,0,0,0,0,0,0,0,0,0,0,3,3,32
13719.274744,1.705e-26,0.0598,0.075,0,0.75,-0.027439,NaN,NaN,NaN,NaN,NaN,NaN,NaN,NaN,NaN,NaN,NaN,NaN,NaN,NaN,0.08133,0.945,3,3,4,4,3,2,0,0,0,0,0,0,0,0,0,0,0,0,0,0,3,3,32
13719.34042,5.443e-26,0.0598,0.075,0,0.75,-0.027439,NaN,NaN,NaN,NaN,NaN,NaN,NaN,NaN,NaN,NaN,NaN,NaN,NaN,NaN,0.08133,0.945,3,5,4,4,3,2,0,0,0,0,0,0,0,0,0,0,0,0,0,0,3,3,32
13719.351871,4.71e-26,0.0598,0.075,0,0.75,-0.027439,NaN,NaN,NaN,NaN,NaN,NaN,NaN,NaN,NaN,NaN,NaN,NaN,NaN,NaN,0.08133,0.945,3,4,4,4,3,2,0,0,0,0,0,0,0,0,0,0,0,0,0,0,3,3,32
13719.546916,3.217e-26,0.0598,0.075,0,0.75,-0.027439,NaN,NaN,NaN,NaN,NaN,NaN,NaN,NaN,NaN,NaN,NaN,NaN,NaN,NaN,0.08133,0.945,3,4,4,4,3,2,0,0,0,0,0,0,0,0,0,0,0,0,0,0,3,3,32
13719.591329,8.848e-26,0.0598,0.075,0,0.75,-0.027439,NaN,NaN,NaN,NaN,NaN,NaN,NaN,NaN,NaN,NaN,NaN,NaN,NaN,NaN,0.08133,0.945,3,5,4,4,3,2,0,0,0,0,0,0,0,0,0,0,0,0,0,0,3,3,32
13719.623138,5.068e-26,0.0598,0.075,0,0.75,-0.027439,NaN,NaN,NaN,NaN,NaN,NaN,NaN,NaN,NaN,NaN,NaN,NaN,NaN,NaN,0.08133,0.945,3,5,4,4,3,2,0,0,0,0,0,0,0,0,0,0,0,0,0,0,3,3,32
13722.172176,3.418e-26,0.0598,0.075,0,0.75,-0.027444,NaN,NaN,NaN,NaN,NaN,NaN,NaN,NaN,NaN,NaN,NaN,NaN,NaN,NaN,0.08133,0.945,3,4,4,4,3,2,0,0,0,0,0,0,0,0,0,0,0,0,0,0,3,3,32
13722.227818,7.589e-26,0.0598,0.075,0,0.75,-0.027444,NaN,NaN,NaN,NaN,NaN,NaN,NaN,NaN,NaN,NaN,NaN,NaN,NaN,NaN,0.08133,0.945,3,5,4,4,3,2,0,0,0,0,0,0,0,0,0,0,0,0,0,0,3,3,32
13722.269105,4.455e-26,0.0598,0.075,0,0.75,-0.027445,NaN,NaN,NaN,NaN,NaN,NaN,NaN,NaN,NaN,NaN,NaN,NaN,NaN,NaN,0.08133,0.945,3,4,4,4,3,2,0,0,0,0,0,0,0,0,0,0,0,0,0,0,3,3,32
13724.539782,6.501e-26,0.0598,0.075,0,0.75,-0.027449,NaN,NaN,NaN,NaN,NaN,NaN,NaN,NaN,NaN,NaN,NaN,NaN,NaN,NaN,0.08133,0.945,3,5,4,4,3,2,0,0,0,0,0,0,0,0,0,0,0,0,0,0,3,3,32
13724.603049,3.893e-26,0.0598,0.075,0,0.75,-0.027449,NaN,NaN,NaN,NaN,NaN,NaN,NaN,NaN,NaN,NaN,NaN,NaN,NaN,NaN,0.08133,0.945,3,4,4,4,3,2,0,0,0,0,0,0,0,0,0,0,0,0,0,0,3,3,32
13724.659651,5.979e-26,0.0598,0.075,0,0.75,-0.027449,NaN,NaN,NaN,NaN,NaN,NaN,NaN,NaN,NaN,NaN,NaN,NaN,NaN,NaN,0.08133,0.945,3,5,4,4,3,2,0,0,0,0,0,0,0,0,0,0,0,0,0,0,3,3,32
13724.698616,4.579e-26,0.0598,0.075,0,0.75,-0.027449,NaN,NaN,NaN,NaN,NaN,NaN,NaN,NaN,NaN,NaN,NaN,NaN,NaN,NaN,0.08133,0.945,3,4,4,4,3,2,0,0,0,0,0,0,0,0,0,0,0,0,0,0,3,3,32
13724.853036,2.711e-26,0.0598,0.075,0,0.75,-0.02745,NaN,NaN,NaN,NaN,NaN,NaN,NaN,NaN,NaN,NaN,NaN,NaN,NaN,NaN,0.08133,0.945,3,4,4,4,3,2,0,0,0,0,0,0,0,0,0,0,0,0,0,0,3,3,32
13724.96752,3.332e-26,0.0598,0.075,0,0.75,-0.02745,NaN,NaN,NaN,NaN,NaN,NaN,NaN,NaN,NaN,NaN,NaN,NaN,NaN,NaN,0.08133,0.945,3,4,4,4,3,2,0,0,0,0,0,0,0,0,0,0,0,0,0,0,3,3,32
13724.999159,4.477e-26,0.0598,0.075,0,0.75,-0.02745,NaN,NaN,NaN,NaN,NaN,NaN,NaN,NaN,NaN,NaN,NaN,NaN,NaN,NaN,0.08133,0.945,3,4,4,4,3,2,0,0,0,0,0,0,0,0,0,0,0,0,0,0,3,3,32
13727.230156,4.279e-26,0.0598,0.075,0,0.75,-0.027454,NaN,NaN,NaN,NaN,NaN,NaN,NaN,NaN,NaN,NaN,NaN,NaN,NaN,NaN,0.08133,0.945,3,4,4,4,3,2,0,0,0,0,0,0,0,0,0,0,0,0,0,0,3,3,32
13727.292695,8.951e-26,0.0598,0.075,0,0.75,-0.027455,NaN,NaN,NaN,NaN,NaN,NaN,NaN,NaN,NaN,NaN,NaN,NaN,NaN,NaN,0.08133,0.945,3,5,4,4,3,2,0,0,0,0,0,0,0,0,0,0,0,0,0,0,3,3,32
13727.365817,8.606e-26,0.0598,0.075,0,0.75,-0.027455,NaN,NaN,NaN,NaN,NaN,NaN,NaN,NaN,NaN,NaN,NaN,NaN,NaN,NaN,0.08133,0.945,3,5,4,4,3,2,0,0,0,0,0,0,0,0,0,0,0,0,0,0,3,3,32
13729.780622,9.008e-26,0.0598,0.075,0,0.75,-0.02746,NaN,NaN,NaN,NaN,NaN,NaN,NaN,NaN,NaN,NaN,NaN,NaN,NaN,NaN,0.08133,0.945,3,5,4,4,3,2,0,0,0,0,0,0,0,0,0,0,0,0,0,0,3,3,32
13729.819406,1.065e-25,0.0598,0.075,0,0.75,-0.02746,NaN,NaN,NaN,NaN,NaN,NaN,NaN,NaN,NaN,NaN,NaN,NaN,NaN,NaN,0.08133,0.945,3,6,4,4,3,2,0,0,0,0,0,0,0,0,0,0,0,0,0,0,3,3,32
13729.860516,3.972e-26,0.0598,0.075,0,0.75,-0.02746,NaN,NaN,NaN,NaN,NaN,NaN,NaN,NaN,NaN,NaN,NaN,NaN,NaN,NaN,0.08133,0.945,3,4,4,4,3,2,0,0,0,0,0,0,0,0,0,0,0,0,0,0,3,3,32
13729.89062,4.55e-26,0.0598,0.075,0,0.75,-0.02746,NaN,NaN,NaN,NaN,NaN,NaN,NaN,NaN,NaN,NaN,NaN,NaN,NaN,NaN,0.08133,0.945,3,4,4,4,3,2,0,0,0,0,0,0,0,0,0,0,0,0,0,0,3,3,32
13730.047204,7.494e-26,0.0598,0.075,0,0.75,-0.02746,NaN,NaN,NaN,NaN,NaN,NaN,NaN,NaN,NaN,NaN,NaN,NaN,NaN,NaN,0.08133,0.945,3,5,4,4,3,2,0,0,0,0,0,0,0,0,0,0,0,0,0,0,3,3,32
13730.577422,1.091e-25,0.0598,0.075,0,0.75,-0.027461,NaN,NaN,NaN,NaN,NaN,NaN,NaN,NaN,NaN,NaN,NaN,NaN,NaN,NaN,0.08133,0.945,3,6,4,4,3,2,0,0,0,0,0,0,0,0,0,0,0,0,0,0,3,3,32
13732.926697,5.05e-26,0.0598,0.075,0,0.75,-0.027466,NaN,NaN,NaN,NaN,NaN,NaN,NaN,NaN,NaN,NaN,NaN,NaN,NaN,NaN,0.08133,0.945,3,5,4,4,3,2,0,0,0,0,0,0,0,0,0,0,0,0,0,0,3,3,32
13733.031495,6.583e-26,0.0598,0.075,0,0.75,-0.027466,NaN,NaN,NaN,NaN,NaN,NaN,NaN,NaN,NaN,NaN,NaN,NaN,NaN,NaN,0.08133,0.945,3,5,4,4,3,2,0,0,0,0,0,0,0,0,0,0,0,0,0,0,3,3,32
13733.069625,2.483e-26,0.0598,0.075,0,0.75,-0.027466,NaN,NaN,NaN,NaN,NaN,NaN,NaN,NaN,NaN,NaN,NaN,NaN,NaN,NaN,0.08133,0.945,3,3,4,4,3,2,0,0,0,0,0,0,0,0,0,0,0,0,0,0,3,3,32
13733.126799,8.474e-26,0.0598,0.075,0,0.75,-0.027466,NaN,NaN,NaN,NaN,NaN,NaN,NaN,NaN,NaN,NaN,NaN,NaN,NaN,NaN,0.08133,0.945,3,5,4,4,3,2,0,0,0,0,0,0,0,0,0,0,0,0,0,0,3,3,32
13733.179518,2.946e-26,0.0598,0.075,0,0.75,-0.027466,NaN,NaN,NaN,NaN,NaN,NaN,NaN,NaN,NaN,NaN,NaN,NaN,NaN,NaN,0.08133,0.945,3,4,4,4,3,2,0,0,0,0,0,0,0,0,0,0,0,0,0,0,3,3,32
13733.241762,2.943e-26,0.0598,0.075,0,0.75,-0.027466,NaN,NaN,NaN,NaN,NaN,NaN,NaN,NaN,NaN,NaN,NaN,NaN,NaN,NaN,0.08133,0.945,3,4,4,4,3,2,0,0,0,0,0,0,0,0,0,0,0,0,0,0,3,3,32
13733.661372,1.431e-25,0.0598,0.075,0,0.75,-0.027467,NaN,NaN,NaN,NaN,NaN,NaN,NaN,NaN,NaN,NaN,NaN,NaN,NaN,NaN,0.08133,0.945,3,6,4,4,3,2,0,0,0,0,0,0,0,0,0,0,0,0,0,0,3,3,32
13734.165304,2.038e-26,0.0598,0.075,0,0.75,-0.027468,NaN,NaN,NaN,NaN,NaN,NaN,NaN,NaN,NaN,NaN,NaN,NaN,NaN,NaN,0.08133,0.945,3,3,4,4,3,2,0,0,0,0,0,0,0,0,0,0,0,0,0,0,3,3,32
13734.197033,4.386e-26,0.0598,0.075,0,0.75,-0.027468,NaN,NaN,NaN,NaN,NaN,NaN,NaN,NaN,NaN,NaN,NaN,NaN,NaN,NaN,0.08133,0.945,3,4,4,4,3,2,0,0,0,0,0,0,0,0,0,0,0,0,0,0,3,3,32
13734.234751,1.159e-26,0.0598,0.075,0,0.75,-0.027468,NaN,NaN,NaN,NaN,NaN,NaN,NaN,NaN,NaN,NaN,NaN,NaN,NaN,NaN,0.08133,0.945,3,3,4,4,3,2,0,0,0,0,0,0,0,0,0,0,0,0,0,0,3,3,32
13734.450666,6.277e-26,0.0598,0.075,0,0.75,-0.027469,NaN,NaN,NaN,NaN,NaN,NaN,NaN,NaN,NaN,NaN,NaN,NaN,NaN,NaN,0.08133,0.945,3,5,4,4,3,2,0,0,0,0,0,0,0,0,0,0,0,0,0,0,3,3,32
13734.485593,2.389e-25,0.0598,0.075,0,0.75,-0.027469,NaN,NaN,NaN,NaN,NaN,NaN,NaN,NaN,NaN,NaN,NaN,NaN,NaN,NaN,0.08133,0.945,3,6,4,4,3,2,0,0,0,0,0,0,0,0,0,0,0,0,0,0,3,3,32
13735.312641,3.518e-26,0.0598,0.075,0,0.75,-0.027471,NaN,NaN,NaN,NaN,NaN,NaN,NaN,NaN,NaN,NaN,NaN,NaN,NaN,NaN,0.08133,0.945,3,4,4,4,3,2,0,0,0,0,0,0,0,0,0,0,0,0,0,0,3,3,32
13735.365963,8.538e-26,0.0598,0.075,0,0.75,-0.027471,NaN,NaN,NaN,NaN,NaN,NaN,NaN,NaN,NaN,NaN,NaN,NaN,NaN,NaN,0.08133,0.945,3,5,4,4,3,2,0,0,0,0,0,0,0,0,0,0,0,0,0,0,3,3,32
13735.404107,5.052e-26,0.0598,0.075,0,0.75,-0.027471,NaN,NaN,NaN,NaN,NaN,NaN,NaN,NaN,NaN,NaN,NaN,NaN,NaN,NaN,0.08133,0.945,3,5,4,4,3,2,0,0,0,0,0,0,0,0,0,0,0,0,0,0,3,3,32
13735.452645,1.393e-26,0.0598,0.075,0,0.75,-0.027471,NaN,NaN,NaN,NaN,NaN,NaN,NaN,NaN,NaN,NaN,NaN,NaN,NaN,NaN,0.08133,0.945,3,3,4,4,3,2,0,0,0,0,0,0,0,0,0,0,0,0,0,0,3,3,32
13735.975438,9.949e-26,0.0598,0.075,0,0.75,-0.027472,NaN,NaN,NaN,NaN,NaN,NaN,NaN,NaN,NaN,NaN,NaN,NaN,NaN,NaN,0.08133,0.945,3,5,4,4,3,2,0,0,0,0,0,0,0,0,0,0,0,0,0,0,3,3,32
13736.010398,3.604e-26,0.0598,0.075,0,0.75,-0.027472,NaN,NaN,NaN,NaN,NaN,NaN,NaN,NaN,NaN,NaN,NaN,NaN,NaN,NaN,0.08133,0.945,3,4,4,4,3,2,0,0,0,0,0,0,0,0,0,0,0,0,0,0,3,3,32
13736.096051,6.309e-26,0.0598,0.075,0,0.75,-0.027472,NaN,NaN,NaN,NaN,NaN,NaN,NaN,NaN,NaN,NaN,NaN,NaN,NaN,NaN,0.08133,0.945,3,5,4,4,3,2,0,0,0,0,0,0,0,0,0,0,0,0,0,0,3,3,32
13736.130906,1.065e-25,0.0598,0.075,0,0.75,-0.027472,NaN,NaN,NaN,NaN,NaN,NaN,NaN,NaN,NaN,NaN,NaN,NaN,NaN,NaN,0.08133,0.945,3,6,4,4,3,2,0,0,0,0,0,0,0,0,0,0,0,0,0,0,3,3,32
13736.168026,1.405e-25,0.0598,0.075,0,0.75,-0.027472,NaN,NaN,NaN,NaN,NaN,NaN,NaN,NaN,NaN,NaN,NaN,NaN,NaN,NaN,0.08133,0.945,3,6,4,4,3,2,0,0,0,0,0,0,0,0,0,0,0,0,0,0,3,3,32
13736.233228,3.615e-26,0.0598,0.075,0,0.75,-0.027472,NaN,NaN,NaN,NaN,NaN,NaN,NaN,NaN,NaN,NaN,NaN,NaN,NaN,NaN,0.08133,0.945,3,4,4,4,3,2,0,0,0,0,0,0,0,0,0,0,0,0,0,0,3,3,32
13736.296434,4.599e-26,0.0598,0.075,0,0.75,-0.027473,NaN,NaN,NaN,NaN,NaN,NaN,NaN,NaN,NaN,NaN,NaN,NaN,NaN,NaN,0.08133,0.945,3,4,4,4,3,2,0,0,0,0,0,0,0,0,0,0,0,0,0,0,3,3,32
13736.329749,4.262e-26,0.0598,0.075,0,0.75,-0.027473,NaN,NaN,NaN,NaN,NaN,NaN,NaN,NaN,NaN,NaN,NaN,NaN,NaN,NaN,0.08133,0.945,3,4,4,4,3,2,0,0,0,0,0,0,0,0,0,0,0,0,0,0,3,3,32
13736.377216,3.883e-26,0.0598,0.075,0,0.75,-0.027473,NaN,NaN,NaN,NaN,NaN,NaN,NaN,NaN,NaN,NaN,NaN,NaN,NaN,NaN,0.08133,0.945,3,4,4,4,3,2,0,0,0,0,0,0,0,0,0,0,0,0,0,0,3,3,32
13736.838228,1.044e-26,0.0598,0.075,0,0.75,-0.027474,NaN,NaN,NaN,NaN,NaN,NaN,NaN,NaN,NaN,NaN,NaN,NaN,NaN,NaN,0.08133,0.945,3,3,4,4,3,2,0,0,0,0,0,0,0,0,0,0,0,0,0,0,3,3,32
13736.872818,1.627e-26,0.0598,0.075,0,0.75,-0.027474,NaN,NaN,NaN,NaN,NaN,NaN,NaN,NaN,NaN,NaN,NaN,NaN,NaN,NaN,0.08133,0.945,3,3,4,4,3,2,0,0,0,0,0,0,0,0,0,0,0,0,0,0,3,3,32
13736.922685,4.834e-26,0.0598,0.075,0,0.75,-0.027474,NaN,NaN,NaN,NaN,NaN,NaN,NaN,NaN,NaN,NaN,NaN,NaN,NaN,NaN,0.08133,0.945,3,4,4,4,3,2,0,0,0,0,0,0,0,0,0,0,0,0,0,0,3,3,32
13736.961461,5.27e-26,0.0598,0.075,0,0.75,-0.027474,NaN,NaN,NaN,NaN,NaN,NaN,NaN,NaN,NaN,NaN,NaN,NaN,NaN,NaN,0.08133,0.945,3,5,4,4,3,2,0,0,0,0,0,0,0,0,0,0,0,0,0,0,3,3,32
13737.067382,1.36e-25,0.0598,0.075,0,0.75,-0.027474,NaN,NaN,NaN,NaN,NaN,NaN,NaN,NaN,NaN,NaN,NaN,NaN,NaN,NaN,0.08133,0.945,3,6,4,4,3,2,0,0,0,0,0,0,0,0,0,0,0,0,0,0,3,3,32
13737.18317,8.304e-27,0.0598,0.075,0,0.75,-0.027474,NaN,NaN,NaN,NaN,NaN,NaN,NaN,NaN,NaN,NaN,NaN,NaN,NaN,NaN,0.08133,0.945,3,3,4,4,3,2,0,0,0,0,0,0,0,0,0,0,0,0,0,0,3,3,32
13738.373794,2.435e-26,0.0598,0.075,0,0.75,-0.027477,NaN,NaN,NaN,NaN,NaN,NaN,NaN,NaN,NaN,NaN,NaN,NaN,NaN,NaN,0.08133,0.945,3,3,4,4,3,2,0,0,0,0,0,0,0,0,0,0,0,0,0,0,3,3,32
13738.409822,5.744e-26,0.0598,0.075,0,0.75,-0.027477,NaN,NaN,NaN,NaN,NaN,NaN,NaN,NaN,NaN,NaN,NaN,NaN,NaN,NaN,0.08133,0.945,3,5,4,4,3,2,0,0,0,0,0,0,0,0,0,0,0,0,0,0,3,3,32
13738.454452,1.122e-26,0.0598,0.075,0,0.75,-0.027477,NaN,NaN,NaN,NaN,NaN,NaN,NaN,NaN,NaN,NaN,NaN,NaN,NaN,NaN,0.08133,0.945,3,3,4,4,3,2,0,0,0,0,0,0,0,0,0,0,0,0,0,0,3,3,32
13738.586013,2.185e-26,0.0598,0.075,0,0.75,-0.027477,NaN,NaN,NaN,NaN,NaN,NaN,NaN,NaN,NaN,NaN,NaN,NaN,NaN,NaN,0.08133,0.945,3,3,4,4,3,2,0,0,0,0,0,0,0,0,0,0,0,0,0,0,3,3,32
13738.626131,4.15e-26,0.0598,0.075,0,0.75,-0.027477,NaN,NaN,NaN,NaN,NaN,NaN,NaN,NaN,NaN,NaN,NaN,NaN,NaN,NaN,0.08133,0.945,3,4,4,4,3,2,0,0,0,0,0,0,0,0,0,0,0,0,0,0,3,3,32
13738.684269,8.966e-26,0.0598,0.075,0,0.75,-0.027477,NaN,NaN,NaN,NaN,NaN,NaN,NaN,NaN,NaN,NaN,NaN,NaN,NaN,NaN,0.08133,0.945,3,5,4,4,3,2,0,0,0,0,0,0,0,0,0,0,0,0,0,0,3,3,32
13739.457415,2.302e-25,0.0598,0.075,0,0.75,-0.027479,NaN,NaN,NaN,NaN,NaN,NaN,NaN,NaN,NaN,NaN,NaN,NaN,NaN,NaN,0.08133,0.945,3,6,4,4,3,2,0,0,0,0,0,0,0,0,0,0,0,0,0,0,3,3,32
13739.493243,6.534e-26,0.0598,0.075,0,0.75,-0.027479,NaN,NaN,NaN,NaN,NaN,NaN,NaN,NaN,NaN,NaN,NaN,NaN,NaN,NaN,0.08133,0.945,3,5,4,4,3,2,0,0,0,0,0,0,0,0,0,0,0,0,0,0,3,3,32
13739.555969,2.711e-26,0.0598,0.075,0,0.75,-0.027479,NaN,NaN,NaN,NaN,NaN,NaN,NaN,NaN,NaN,NaN,NaN,NaN,NaN,NaN,0.08133,0.945,3,4,4,4,3,2,0,0,0,0,0,0,0,0,0,0,0,0,0,0,3,3,32
13740.907313,1.823e-25,0.0598,0.075,0,0.75,-0.027482,NaN,NaN,NaN,NaN,NaN,NaN,NaN,NaN,NaN,NaN,NaN,NaN,NaN,NaN,0.08133,0.945,3,6,4,4,3,2,0,0,0,0,0,0,0,0,0,0,0,0,0,0,3,3,32
13740.930633,5.732e-26,0.0598,0.075,0,0.75,-0.027482,NaN,NaN,NaN,NaN,NaN,NaN,NaN,NaN,NaN,NaN,NaN,NaN,NaN,NaN,0.08133,0.945,3,5,4,4,3,2,0,0,0,0,0,0,0,0,0,0,0,0,0,0,3,3,32
13741.061339,6.98e-26,0.0598,0.075,0,0.75,-0.027482,NaN,NaN,NaN,NaN,NaN,NaN,NaN,NaN,NaN,NaN,NaN,NaN,NaN,NaN,0.08133,0.945,3,5,4,4,3,2,0,0,0,0,0,0,0,0,0,0,0,0,0,0,3,3,32
13741.355342,7.476e-26,0.0598,0.075,0,0.75,-0.027483,NaN,NaN,NaN,NaN,NaN,NaN,NaN,NaN,NaN,NaN,NaN,NaN,NaN,NaN,0.08133,0.945,3,5,4,4,3,2,0,0,0,0,0,0,0,0,0,0,0,0,0,0,3,3,32
13741.850486,1.166e-25,0.0598,0.075,0,0.75,-0.027484,NaN,NaN,NaN,NaN,NaN,NaN,NaN,NaN,NaN,NaN,NaN,NaN,NaN,NaN,0.08133,0.945,3,6,4,4,3,2,0,0,0,0,0,0,0,0,0,0,0,0,0,0,3,3,32
13742.5643,3.461e-26,0.0598,0.075,0,0.75,-0.027485,NaN,NaN,NaN,NaN,NaN,NaN,NaN,NaN,NaN,NaN,NaN,NaN,NaN,NaN,0.08133,0.945,3,4,4,4,3,2,0,0,0,0,0,0,0,0,0,0,0,0,0,0,3,3,32
13742.600491,6.569e-26,0.0598,0.075,0,0.75,-0.027485,NaN,NaN,NaN,NaN,NaN,NaN,NaN,NaN,NaN,NaN,NaN,NaN,NaN,NaN,0.08133,0.945,3,5,4,4,3,2,0,0,0,0,0,0,0,0,0,0,0,0,0,0,3,3,32
13743.397627,4.266e-26,0.0598,0.075,0,0.75,-0.027487,NaN,NaN,NaN,NaN,NaN,NaN,NaN,NaN,NaN,NaN,NaN,NaN,NaN,NaN,0.08133,0.945,3,4,4,4,3,2,0,0,0,0,0,0,0,0,0,0,0,0,0,0,3,3,32
13743.44323,6.446e-26,0.0598,0.075,0,0.75,-0.027487,NaN,NaN,NaN,NaN,NaN,NaN,NaN,NaN,NaN,NaN,NaN,NaN,NaN,NaN,0.08133,0.945,3,5,4,4,3,2,0,0,0,0,0,0,0,0,0,0,0,0,0,0,3,3,32
13744.29057,4.393e-26,0.0598,0.075,0,0.75,-0.027489,NaN,NaN,NaN,NaN,NaN,NaN,NaN,NaN,NaN,NaN,NaN,NaN,NaN,NaN,0.08133,0.945,3,4,4,4,3,2,0,0,0,0,0,0,0,0,0,0,0,0,0,0,3,3,32
13744.333254,4.479e-26,0.0598,0.075,0,0.75,-0.027489,NaN,NaN,NaN,NaN,NaN,NaN,NaN,NaN,NaN,NaN,NaN,NaN,NaN,NaN,0.08133,0.945,3,4,4,4,3,2,0,0,0,0,0,0,0,0,0,0,0,0,0,0,3,3,32
13744.744709,3.277e-26,0.0598,0.075,0,0.75,-0.027489,NaN,NaN,NaN,NaN,NaN,NaN,NaN,NaN,NaN,NaN,NaN,NaN,NaN,NaN,0.08133,0.945,3,4,4,4,3,2,0,0,0,0,0,0,0,0,0,0,0,0,0,0,3,3,32
13744.77659,2.585e-26,0.0598,0.075,0,0.75,-0.02749,NaN,NaN,NaN,NaN,NaN,NaN,NaN,NaN,NaN,NaN,NaN,NaN,NaN,NaN,0.08133,0.945,3,4,4,4,3,2,0,0,0,0,0,0,0,0,0,0,0,0,0,0,3,3,32
13744.933867,8.137e-26,0.0598,0.075,0,0.75,-0.02749,NaN,NaN,NaN,NaN,NaN,NaN,NaN,NaN,NaN,NaN,NaN,NaN,NaN,NaN,0.08133,0.945,3,5,4,4,3,2,0,0,0,0,0,0,0,0,0,0,0,0,0,0,3,3,32
13745.042894,5.298e-26,0.0598,0.075,0,0.75,-0.02749,NaN,NaN,NaN,NaN,NaN,NaN,NaN,NaN,NaN,NaN,NaN,NaN,NaN,NaN,0.08133,0.945,3,5,4,4,3,2,0,0,0,0,0,0,0,0,0,0,0,0,0,0,3,3,32
13745.086733,4.203e-26,0.0598,0.075,0,0.75,-0.02749,NaN,NaN,NaN,NaN,NaN,NaN,NaN,NaN,NaN,NaN,NaN,NaN,NaN,NaN,0.08133,0.945,3,4,4,4,3,2,0,0,0,0,0,0,0,0,0,0,0,0,0,0,3,3,32
13745.34763,6.024e-26,0.0598,0.075,0,0.75,-0.027491,NaN,NaN,NaN,NaN,NaN,NaN,NaN,NaN,NaN,NaN,NaN,NaN,NaN,NaN,0.08133,0.945,3,5,4,4,3,2,0,0,0,0,0,0,0,0,0,0,0,0,0,0,3,3,32
13746.032501,3.086e-26,0.0598,0.075,0,0.75,-0.027492,NaN,NaN,NaN,NaN,NaN,NaN,NaN,NaN,NaN,NaN,NaN,NaN,NaN,NaN,0.08133,0.945,3,4,4,4,3,2,0,0,0,0,0,0,0,0,0,0,0,0,0,0,3,3,32
13746.077955,6.56e-26,0.0598,0.075,0,0.75,-0.027492,NaN,NaN,NaN,NaN,NaN,NaN,NaN,NaN,NaN,NaN,NaN,NaN,NaN,NaN,0.08133,0.945,3,5,4,4,3,2,0,0,0,0,0,0,0,0,0,0,0,0,0,0,3,3,32
13746.147569,7.012e-26,0.0598,0.075,0,0.75,-0.027492,NaN,NaN,NaN,NaN,NaN,NaN,NaN,NaN,NaN,NaN,NaN,NaN,NaN,NaN,0.08133,0.945,3,5,4,4,3,2,0,0,0,0,0,0,0,0,0,0,0,0,0,0,3,3,32
13746.203871,4.443e-26,0.0598,0.075,0,0.75,-0.027492,NaN,NaN,NaN,NaN,NaN,NaN,NaN,NaN,NaN,NaN,NaN,NaN,NaN,NaN,0.08133,0.945,3,4,4,4,3,2,0,0,0,0,0,0,0,0,0,0,0,0,0,0,3,3,32
13746.263147,1.018e-25,0.0598,0.075,0,0.75,-0.027493,NaN,NaN,NaN,NaN,NaN,NaN,NaN,NaN,NaN,NaN,NaN,NaN,NaN,NaN,0.08133,0.945,3,6,4,4,3,2,0,0,0,0,0,0,0,0,0,0,0,0,0,0,3,3,32
13746.300629,3.525e-26,0.0598,0.075,0,0.75,-0.027493,NaN,NaN,NaN,NaN,NaN,NaN,NaN,NaN,NaN,NaN,NaN,NaN,NaN,NaN,0.08133,0.945,3,4,4,4,3,2,0,0,0,0,0,0,0,0,0,0,0,0,0,0,3,3,32
13746.374042,2.492e-26,0.0598,0.075,0,0.75,-0.027493,NaN,NaN,NaN,NaN,NaN,NaN,NaN,NaN,NaN,NaN,NaN,NaN,NaN,NaN,0.08133,0.945,3,3,4,4,3,2,0,0,0,0,0,0,0,0,0,0,0,0,0,0,3,3,32
13746.420711,3.045e-26,0.0598,0.075,0,0.75,-0.027493,NaN,NaN,NaN,NaN,NaN,NaN,NaN,NaN,NaN,NaN,NaN,NaN,NaN,NaN,0.08133,0.945,3,4,4,4,3,2,0,0,0,0,0,0,0,0,0,0,0,0,0,0,3,3,32
13746.464325,3.417e-26,0.0598,0.075,0,0.75,-0.027493,NaN,NaN,NaN,NaN,NaN,NaN,NaN,NaN,NaN,NaN,NaN,NaN,NaN,NaN,0.08133,0.945,3,4,4,4,3,2,0,0,0,0,0,0,0,0,0,0,0,0,0,0,3,3,32
13746.504508,5.204e-26,0.0598,0.075,0,0.75,-0.027493,NaN,NaN,NaN,NaN,NaN,NaN,NaN,NaN,NaN,NaN,NaN,NaN,NaN,NaN,0.08133,0.945,3,5,4,4,3,2,0,0,0,0,0,0,0,0,0,0,0,0,0,0,3,3,32
13746.606454,1.753e-26,0.0598,0.075,0,0.75,-0.027493,NaN,NaN,NaN,NaN,NaN,NaN,NaN,NaN,NaN,NaN,NaN,NaN,NaN,NaN,0.08133,0.945,3,3,4,4,3,2,0,0,0,0,0,0,0,0,0,0,0,0,0,0,3,3,32
13746.66461,9.574e-26,0.0598,0.075,0,0.75,-0.027493,NaN,NaN,NaN,NaN,NaN,NaN,NaN,NaN,NaN,NaN,NaN,NaN,NaN,NaN,0.08133,0.945,3,5,4,4,3,2,0,0,0,0,0,0,0,0,0,0,0,0,0,0,3,3,32
13746.712967,4.988e-26,0.0598,0.075,0,0.75,-0.027493,NaN,NaN,NaN,NaN,NaN,NaN,NaN,NaN,NaN,NaN,NaN,NaN,NaN,NaN,0.08133,0.945,3,4,4,4,3,2,0,0,0,0,0,0,0,0,0,0,0,0,0,0,3,3,32
13746.757572,2.545e-26,0.0598,0.075,0,0.75,-0.027494,NaN,NaN,NaN,NaN,NaN,NaN,NaN,NaN,NaN,NaN,NaN,NaN,NaN,NaN,0.08133,0.945,3,4,4,4,3,2,0,0,0,0,0,0,0,0,0,0,0,0,0,0,3,3,32
13746.796109,2.471e-26,0.0598,0.075,0,0.75,-0.027494,NaN,NaN,NaN,NaN,NaN,NaN,NaN,NaN,NaN,NaN,NaN,NaN,NaN,NaN,0.08133,0.945,3,3,4,4,3,2,0,0,0,0,0,0,0,0,0,0,0,0,0,0,3,3,32
13746.89966,5.936e-26,0.0598,0.075,0,0.75,-0.027494,NaN,NaN,NaN,NaN,NaN,NaN,NaN,NaN,NaN,NaN,NaN,NaN,NaN,NaN,0.08133,0.945,3,5,4,4,3,2,0,0,0,0,0,0,0,0,0,0,0,0,0,0,3,3,32
13746.959742,5.116e-26,0.0598,0.075,0,0.75,-0.027494,NaN,NaN,NaN,NaN,NaN,NaN,NaN,NaN,NaN,NaN,NaN,NaN,NaN,NaN,0.08133,0.945,3,5,4,4,3,2,0,0,0,0,0,0,0,0,0,0,0,0,0,0,3,3,32
13746.990346,7.024e-26,0.0598,0.075,0,0.75,-0.027494,NaN,NaN,NaN,NaN,NaN,NaN,NaN,NaN,NaN,NaN,NaN,NaN,NaN,NaN,0.08133,0.945,3,5,4,4,3,2,0,0,0,0,0,0,0,0,0,0,0,0,0,0,3,3,32
13747.037744,4.213e-26,0.0598,0.075,0,0.75,-0.027494,NaN,NaN,NaN,NaN,NaN,NaN,NaN,NaN,NaN,NaN,NaN,NaN,NaN,NaN,0.08133,0.945,3,4,4,4,3,2,0,0,0,0,0,0,0,0,0,0,0,0,0,0,3,3,32
13747.64008,9.178e-27,0.0598,0.075,0,0.75,-0.027495,NaN,NaN,NaN,NaN,NaN,NaN,NaN,NaN,NaN,NaN,NaN,NaN,NaN,NaN,0.08133,0.945,3,3,4,4,3,2,0,0,0,0,0,0,0,0,0,0,0,0,0,0,3,3,32
13747.67617,1.833e-26,0.0598,0.075,0,0.75,-0.027495,NaN,NaN,NaN,NaN,NaN,NaN,NaN,NaN,NaN,NaN,NaN,NaN,NaN,NaN,0.08133,0.945,3,3,4,4,3,2,0,0,0,0,0,0,0,0,0,0,0,0,0,0,3,3,32
13747.731569,8.803e-26,0.0598,0.075,0,0.75,-0.027495,NaN,NaN,NaN,NaN,NaN,NaN,NaN,NaN,NaN,NaN,NaN,NaN,NaN,NaN,0.08133,0.945,3,5,4,4,3,2,0,0,0,0,0,0,0,0,0,0,0,0,0,0,3,3,32
13747.774759,7.808e-26,0.0598,0.075,0,0.75,-0.027496,NaN,NaN,NaN,NaN,NaN,NaN,NaN,NaN,NaN,NaN,NaN,NaN,NaN,NaN,0.08133,0.945,3,5,4,4,3,2,0,0,0,0,0,0,0,0,0,0,0,0,0,0,3,3,32
13747.825875,4.168e-26,0.0598,0.075,0,0.75,-0.027496,NaN,NaN,NaN,NaN,NaN,NaN,NaN,NaN,NaN,NaN,NaN,NaN,NaN,NaN,0.08133,0.945,3,4,4,4,3,2,0,0,0,0,0,0,0,0,0,0,0,0,0,0,3,3,32
13747.877598,2.553e-26,0.0598,0.075,0,0.75,-0.027496,NaN,NaN,NaN,NaN,NaN,NaN,NaN,NaN,NaN,NaN,NaN,NaN,NaN,NaN,0.08133,0.945,3,4,4,4,3,2,0,0,0,0,0,0,0,0,0,0,0,0,0,0,3,3,32
13748.377318,5.459e-26,0.0598,0.075,0,0.75,-0.027497,NaN,NaN,NaN,NaN,NaN,NaN,NaN,NaN,NaN,NaN,NaN,NaN,NaN,NaN,0.08133,0.945,3,5,4,4,3,2,0,0,0,0,0,0,0,0,0,0,0,0,0,0,3,3,32
13748.41778,6.57e-26,0.0598,0.075,0,0.75,-0.027497,NaN,NaN,NaN,NaN,NaN,NaN,NaN,NaN,NaN,NaN,NaN,NaN,NaN,NaN,0.08133,0.945,3,5,4,4,3,2,0,0,0,0,0,0,0,0,0,0,0,0,0,0,3,3,32
13748.460601,4.421e-26,0.0598,0.075,0,0.75,-0.027497,NaN,NaN,NaN,NaN,NaN,NaN,NaN,NaN,NaN,NaN,NaN,NaN,NaN,NaN,0.08133,0.945,3,4,4,4,3,2,0,0,0,0,0,0,0,0,0,0,0,0,0,0,3,3,32
13748.520888,1.14e-25,0.0598,0.075,0,0.75,-0.027497,NaN,NaN,NaN,NaN,NaN,NaN,NaN,NaN,NaN,NaN,NaN,NaN,NaN,NaN,0.08133,0.945,3,6,4,4,3,2,0,0,0,0,0,0,0,0,0,0,0,0,0,0,3,3,32
13748.549455,7.562e-26,0.0598,0.075,0,0.75,-0.027497,NaN,NaN,NaN,NaN,NaN,NaN,NaN,NaN,NaN,NaN,NaN,NaN,NaN,NaN,0.08133,0.945,3,5,4,4,3,2,0,0,0,0,0,0,0,0,0,0,0,0,0,0,3,3,32
13748.607909,3.986e-26,0.0598,0.075,0,0.75,-0.027497,NaN,NaN,NaN,NaN,NaN,NaN,NaN,NaN,NaN,NaN,NaN,NaN,NaN,NaN,0.08133,0.945,3,4,4,4,3,2,0,0,0,0,0,0,0,0,0,0,0,0,0,0,3,3,32
13748.66586,3.65e-26,0.0598,0.075,0,0.75,-0.027497,NaN,NaN,NaN,NaN,NaN,NaN,NaN,NaN,NaN,NaN,NaN,NaN,NaN,NaN,0.08133,0.945,3,4,4,4,3,2,0,0,0,0,0,0,0,0,0,0,0,0,0,0,3,3,32
13748.725827,2.851e-26,0.0598,0.075,0,0.75,-0.027497,NaN,NaN,NaN,NaN,NaN,NaN,NaN,NaN,NaN,NaN,NaN,NaN,NaN,NaN,0.08133,0.945,3,4,4,4,3,2,0,0,0,0,0,0,0,0,0,0,0,0,0,0,3,3,32
13749.061186,3.662e-26,0.0598,0.075,0,0.75,-0.027498,NaN,NaN,NaN,NaN,NaN,NaN,NaN,NaN,NaN,NaN,NaN,NaN,NaN,NaN,0.08133,0.945,3,4,4,4,3,2,0,0,0,0,0,0,0,0,0,0,0,0,0,0,3,3,32
13749.091152,2.321e-25,0.0598,0.075,0,0.75,-0.027498,NaN,NaN,NaN,NaN,NaN,NaN,NaN,NaN,NaN,NaN,NaN,NaN,NaN,NaN,0.08133,0.945,3,6,4,4,3,2,0,0,0,0,0,0,0,0,0,0,0,0,0,0,3,3,32
13751.264757,6.284e-26,0.0598,0.075,0,0.75,-0.027503,NaN,NaN,NaN,NaN,NaN,NaN,NaN,NaN,NaN,NaN,NaN,NaN,NaN,NaN,0.08133,0.945,3,5,4,4,3,2,0,0,0,0,0,0,0,0,0,0,0,0,0,0,3,3,32
13751.329855,1.36e-25,0.0598,0.075,0,0.75,-0.027503,NaN,NaN,NaN,NaN,NaN,NaN,NaN,NaN,NaN,NaN,NaN,NaN,NaN,NaN,0.08133,0.945,3,6,4,4,3,2,0,0,0,0,0,0,0,0,0,0,0,0,0,0,3,3,32
13751.374211,8.682e-26,0.0598,0.075,0,0.75,-0.027503,NaN,NaN,NaN,NaN,NaN,NaN,NaN,NaN,NaN,NaN,NaN,NaN,NaN,NaN,0.08133,0.945,3,5,4,4,3,2,0,0,0,0,0,0,0,0,0,0,0,0,0,0,3,3,32
13751.456842,2.395e-25,0.0598,0.075,0,0.75,-0.027503,NaN,NaN,NaN,NaN,NaN,NaN,NaN,NaN,NaN,NaN,NaN,NaN,NaN,NaN,0.08133,0.945,3,6,4,4,3,2,0,0,0,0,0,0,0,0,0,0,0,0,0,0,3,3,32
13753.476683,4.053e-26,0.0598,0.075,0,0.75,-0.027507,NaN,NaN,NaN,NaN,NaN,NaN,NaN,NaN,NaN,NaN,NaN,NaN,NaN,NaN,0.08133,0.945,3,4,4,4,3,2,0,0,0,0,0,0,0,0,0,0,0,0,0,0,3,3,32
13753.527327,5.04e-26,0.0598,0.075,0,0.75,-0.027507,NaN,NaN,NaN,NaN,NaN,NaN,NaN,NaN,NaN,NaN,NaN,NaN,NaN,NaN,0.08133,0.945,3,5,4,4,3,2,0,0,0,0,0,0,0,0,0,0,0,0,0,0,3,3,32
13753.568032,8.973e-26,0.0598,0.075,0,0.75,-0.027507,NaN,NaN,NaN,NaN,NaN,NaN,NaN,NaN,NaN,NaN,NaN,NaN,NaN,NaN,0.08133,0.945,3,5,4,4,3,2,0,0,0,0,0,0,0,0,0,0,0,0,0,0,3,3,32
13753.708048,2.333e-26,0.0598,0.075,0,0.75,-0.027507,NaN,NaN,NaN,NaN,NaN,NaN,NaN,NaN,NaN,NaN,NaN,NaN,NaN,NaN,0.08133,0.945,3,3,4,4,3,2,0,0,0,0,0,0,0,0,0,0,0,0,0,0,3,3,32
13753.745817,6.304e-26,0.0598,0.075,0,0.75,-0.027507,NaN,NaN,NaN,NaN,NaN,NaN,NaN,NaN,NaN,NaN,NaN,NaN,NaN,NaN,0.08133,0.945,3,5,4,4,3,2,0,0,0,0,0,0,0,0,0,0,0,0,0,0,3,3,32
13753.88691,4.735e-26,0.0598,0.075,0,0.75,-0.027508,NaN,NaN,NaN,NaN,NaN,NaN,NaN,NaN,NaN,NaN,NaN,NaN,NaN,NaN,0.08133,0.945,3,4,4,4,3,2,0,0,0,0,0,0,0,0,0,0,0,0,0,0,3,3,32
13753.925596,4.041e-26,0.0598,0.075,0,0.75,-0.027508,NaN,NaN,NaN,NaN,NaN,NaN,NaN,NaN,NaN,NaN,NaN,NaN,NaN,NaN,0.08133,0.945,3,4,4,4,3,2,0,0,0,0,0,0,0,0,0,0,0,0,0,0,3,3,32
13754.035519,1.727e-26,0.0598,0.075,0,0.75,-0.027508,NaN,NaN,NaN,NaN,NaN,NaN,NaN,NaN,NaN,NaN,NaN,NaN,NaN,NaN,0.08133,0.945,3,3,4,4,3,2,0,0,0,0,0,0,0,0,0,0,0,0,0,0,3,3,32
13754.08524,1.937e-26,0.0598,0.075,0,0.75,-0.027508,NaN,NaN,NaN,NaN,NaN,NaN,NaN,NaN,NaN,NaN,NaN,NaN,NaN,NaN,0.08133,0.945,3,3,4,4,3,2,0,0,0,0,0,0,0,0,0,0,0,0,0,0,3,3,32
13754.13604,2.363e-26,0.0598,0.075,0,0.75,-0.027508,NaN,NaN,NaN,NaN,NaN,NaN,NaN,NaN,NaN,NaN,NaN,NaN,NaN,NaN,0.08133,0.945,3,3,4,4,3,2,0,0,0,0,0,0,0,0,0,0,0,0,0,0,3,3,32
13754.168126,2.574e-26,0.0598,0.075,0,0.75,-0.027508,NaN,NaN,NaN,NaN,NaN,NaN,NaN,NaN,NaN,NaN,NaN,NaN,NaN,NaN,0.08133,0.945,3,4,4,4,3,2,0,0,0,0,0,0,0,0,0,0,0,0,0,0,3,3,32
13754.241242,7.828e-26,0.0598,0.075,0,0.75,-0.027508,NaN,NaN,NaN,NaN,NaN,NaN,NaN,NaN,NaN,NaN,NaN,NaN,NaN,NaN,0.08133,0.945,3,5,4,4,3,2,0,0,0,0,0,0,0,0,0,0,0,0,0,0,3,3,32
13754.292449,1.516e-26,0.0598,0.075,0,0.75,-0.027509,NaN,NaN,NaN,NaN,NaN,NaN,NaN,NaN,NaN,NaN,NaN,NaN,NaN,NaN,0.08133,0.945,3,3,4,4,3,2,0,0,0,0,0,0,0,0,0,0,0,0,0,0,3,3,32
13754.351977,4.274e-26,0.0598,0.075,0,0.75,-0.027509,NaN,NaN,NaN,NaN,NaN,NaN,NaN,NaN,NaN,NaN,NaN,NaN,NaN,NaN,0.08133,0.945,3,4,4,4,3,2,0,0,0,0,0,0,0,0,0,0,0,0,0,0,3,3,32
13754.634551,4.582e-26,0.0598,0.075,0,0.75,-0.027509,NaN,NaN,NaN,NaN,NaN,NaN,NaN,NaN,NaN,NaN,NaN,NaN,NaN,NaN,0.08133,0.945,3,4,4,4,3,2,0,0,0,0,0,0,0,0,0,0,0,0,0,0,3,3,32
13754.671633,2.494e-26,0.0598,0.075,0,0.75,-0.027509,NaN,NaN,NaN,NaN,NaN,NaN,NaN,NaN,NaN,NaN,NaN,NaN,NaN,NaN,0.08133,0.945,3,3,4,4,3,2,0,0,0,0,0,0,0,0,0,0,0,0,0,0,3,3,32
13754.72601,1.122e-25,0.0598,0.075,0,0.75,-0.027509,NaN,NaN,NaN,NaN,NaN,NaN,NaN,NaN,NaN,NaN,NaN,NaN,NaN,NaN,0.08133,0.945,3,6,4,4,3,2,0,0,0,0,0,0,0,0,0,0,0,0,0,0,3,3,32
13754.757205,3.249e-26,0.0598,0.075,0,0.75,-0.02751,NaN,NaN,NaN,NaN,NaN,NaN,NaN,NaN,NaN,NaN,NaN,NaN,NaN,NaN,0.08133,0.945,3,4,4,4,3,2,0,0,0,0,0,0,0,0,0,0,0,0,0,0,3,3,32
13755.676401,1.442e-26,0.0598,0.075,0,0.75,-0.027511,NaN,NaN,NaN,NaN,NaN,NaN,NaN,NaN,NaN,NaN,NaN,NaN,NaN,NaN,0.08133,0.945,3,3,4,4,3,2,0,0,0,0,0,0,0,0,0,0,0,0,0,0,3,3,32
13755.708639,2.553e-26,0.0598,0.075,0,0.75,-0.027511,NaN,NaN,NaN,NaN,NaN,NaN,NaN,NaN,NaN,NaN,NaN,NaN,NaN,NaN,0.08133,0.945,3,4,4,4,3,2,0,0,0,0,0,0,0,0,0,0,0,0,0,0,3,3,32
13755.775486,1.071e-25,0.0598,0.075,0,0.75,-0.027512,NaN,NaN,NaN,NaN,NaN,NaN,NaN,NaN,NaN,NaN,NaN,NaN,NaN,NaN,0.08133,0.945,3,6,4,4,3,2,0,0,0,0,0,0,0,0,0,0,0,0,0,0,3,3,32
13755.797978,1.976e-25,0.0598,0.075,0,0.75,-0.027512,NaN,NaN,NaN,NaN,NaN,NaN,NaN,NaN,NaN,NaN,NaN,NaN,NaN,NaN,0.08133,0.945,3,6,4,4,3,2,0,0,0,0,0,0,0,0,0,0,0,0,0,0,3,3,32
13755.854372,6.106e-26,0.0598,0.075,0,0.75,-0.027512,NaN,NaN,NaN,NaN,NaN,NaN,NaN,NaN,NaN,NaN,NaN,NaN,NaN,NaN,0.08133,0.945,3,5,4,4,3,2,0,0,0,0,0,0,0,0,0,0,0,0,0,0,3,3,32
13755.889865,1.07e-26,0.0598,0.075,0,0.75,-0.027512,NaN,NaN,NaN,NaN,NaN,NaN,NaN,NaN,NaN,NaN,NaN,NaN,NaN,NaN,0.08133,0.945,3,3,4,4,3,2,0,0,0,0,0,0,0,0,0,0,0,0,0,0,3,3,32
13755.92955,3.468e-26,0.0598,0.075,0,0.75,-0.027512,NaN,NaN,NaN,NaN,NaN,NaN,NaN,NaN,NaN,NaN,NaN,NaN,NaN,NaN,0.08133,0.945,3,4,4,4,3,2,0,0,0,0,0,0,0,0,0,0,0,0,0,0,3,3,32
13756.895598,3.283e-26,0.0598,0.075,0,0.75,-0.027514,NaN,NaN,NaN,NaN,NaN,NaN,NaN,NaN,NaN,NaN,NaN,NaN,NaN,NaN,0.08133,0.945,3,4,4,4,3,2,0,0,0,0,0,0,0,0,0,0,0,0,0,0,3,3,32
13756.947449,7.017e-26,0.0598,0.075,0,0.75,-0.027514,NaN,NaN,NaN,NaN,NaN,NaN,NaN,NaN,NaN,NaN,NaN,NaN,NaN,NaN,0.08133,0.945,3,5,4,4,3,2,0,0,0,0,0,0,0,0,0,0,0,0,0,0,3,3,32
13756.983469,3.051e-26,0.0598,0.075,0,0.75,-0.027514,NaN,NaN,NaN,NaN,NaN,NaN,NaN,NaN,NaN,NaN,NaN,NaN,NaN,NaN,0.08133,0.945,3,4,4,4,3,2,0,0,0,0,0,0,0,0,0,0,0,0,0,0,3,3,32
13757.024047,1.149e-25,0.0598,0.075,0,0.75,-0.027514,NaN,NaN,NaN,NaN,NaN,NaN,NaN,NaN,NaN,NaN,NaN,NaN,NaN,NaN,0.08133,0.945,3,6,4,4,3,2,0,0,0,0,0,0,0,0,0,0,0,0,0,0,3,3,32
13757.099911,2.049e-26,0.0598,0.075,0,0.75,-0.027514,NaN,NaN,NaN,NaN,NaN,NaN,NaN,NaN,NaN,NaN,NaN,NaN,NaN,NaN,0.08133,0.945,3,3,4,4,3,2,0,0,0,0,0,0,0,0,0,0,0,0,0,0,3,3,32
13757.1414,3.561e-26,0.0598,0.075,0,0.75,-0.027514,NaN,NaN,NaN,NaN,NaN,NaN,NaN,NaN,NaN,NaN,NaN,NaN,NaN,NaN,0.08133,0.945,3,4,4,4,3,2,0,0,0,0,0,0,0,0,0,0,0,0,0,0,3,3,32
13757.509124,4.296e-26,0.0598,0.075,0,0.75,-0.027515,NaN,NaN,NaN,NaN,NaN,NaN,NaN,NaN,NaN,NaN,NaN,NaN,NaN,NaN,0.08133,0.945,3,4,4,4,3,2,0,0,0,0,0,0,0,0,0,0,0,0,0,0,3,3,32
13757.539784,5.12e-26,0.0598,0.075,0,0.75,-0.027515,NaN,NaN,NaN,NaN,NaN,NaN,NaN,NaN,NaN,NaN,NaN,NaN,NaN,NaN,0.08133,0.945,3,5,4,4,3,2,0,0,0,0,0,0,0,0,0,0,0,0,0,0,3,3,32
13758.410601,4.708e-26,0.0598,0.075,0,0.75,-0.027517,NaN,NaN,NaN,NaN,NaN,NaN,NaN,NaN,NaN,NaN,NaN,NaN,NaN,NaN,0.08133,0.945,3,4,4,4,3,2,0,0,0,0,0,0,0,0,0,0,0,0,0,0,3,3,32
13758.457439,1.665e-25,0.0598,0.075,0,0.75,-0.027517,NaN,NaN,NaN,NaN,NaN,NaN,NaN,NaN,NaN,NaN,NaN,NaN,NaN,NaN,0.08133,0.945,3,6,4,4,3,2,0,0,0,0,0,0,0,0,0,0,0,0,0,0,3,3,32
13760.153502,2.256e-26,0.0598,0.075,0,0.75,-0.02752,NaN,NaN,NaN,NaN,NaN,NaN,NaN,NaN,NaN,NaN,NaN,NaN,NaN,NaN,0.08133,0.945,3,3,4,4,3,2,0,0,0,0,0,0,0,0,0,0,0,0,0,0,3,3,32
13760.18926,6.21e-26,0.0598,0.075,0,0.75,-0.02752,NaN,NaN,NaN,NaN,NaN,NaN,NaN,NaN,NaN,NaN,NaN,NaN,NaN,NaN,0.08133,0.945,3,5,4,4,3,2,0,0,0,0,0,0,0,0,0,0,0,0,0,0,3,3,32
13760.257372,4.157e-26,0.0598,0.075,0,0.75,-0.027521,NaN,NaN,NaN,NaN,NaN,NaN,NaN,NaN,NaN,NaN,NaN,NaN,NaN,NaN,0.08133,0.945,3,4,4,4,3,2,0,0,0,0,0,0,0,0,0,0,0,0,0,0,3,3,32
13760.288656,5.874e-26,0.0598,0.075,0,0.75,-0.027521,NaN,NaN,NaN,NaN,NaN,NaN,NaN,NaN,NaN,NaN,NaN,NaN,NaN,NaN,0.08133,0.945,3,5,4,4,3,2,0,0,0,0,0,0,0,0,0,0,0,0,0,0,3,3,32
13760.319796,2.542e-26,0.0598,0.075,0,0.75,-0.027521,NaN,NaN,NaN,NaN,NaN,NaN,NaN,NaN,NaN,NaN,NaN,NaN,NaN,NaN,0.08133,0.945,3,4,4,4,3,2,0,0,0,0,0,0,0,0,0,0,0,0,0,0,3,3,32
13761.195375,9.786e-26,0.0598,0.075,0,0.75,-0.027522,NaN,NaN,NaN,NaN,NaN,NaN,NaN,NaN,NaN,NaN,NaN,NaN,NaN,NaN,0.08133,0.945,3,5,4,4,3,2,0,0,0,0,0,0,0,0,0,0,0,0,0,0,3,3,32
13761.937469,8.485e-26,0.0598,0.075,0,0.75,-0.027524,NaN,NaN,NaN,NaN,NaN,NaN,NaN,NaN,NaN,NaN,NaN,NaN,NaN,NaN,0.08133,0.945,3,5,4,4,3,2,0,0,0,0,0,0,0,0,0,0,0,0,0,0,3,3,32
13761.978124,1.168e-26,0.0598,0.075,0,0.75,-0.027524,NaN,NaN,NaN,NaN,NaN,NaN,NaN,NaN,NaN,NaN,NaN,NaN,NaN,NaN,0.08133,0.945,3,3,4,4,3,2,0,0,0,0,0,0,0,0,0,0,0,0,0,0,3,3,32
13763.705667,1.795e-26,0.0598,0.075,0,0.75,-0.027527,NaN,NaN,NaN,NaN,NaN,NaN,NaN,NaN,NaN,NaN,NaN,NaN,NaN,NaN,0.08133,0.945,3,3,4,4,3,2,0,0,0,0,0,0,0,0,0,0,0,0,0,0,3,3,32
13763.758625,1.938e-26,0.0598,0.075,0,0.75,-0.027528,NaN,NaN,NaN,NaN,NaN,NaN,NaN,NaN,NaN,NaN,NaN,NaN,NaN,NaN,0.08133,0.945,3,3,4,4,3,2,0,0,0,0,0,0,0,0,0,0,0,0,0,0,3,3,32
13763.794912,8.243e-26,0.0598,0.075,0,0.75,-0.027528,NaN,NaN,NaN,NaN,NaN,NaN,NaN,NaN,NaN,NaN,NaN,NaN,NaN,NaN,0.08133,0.945,3,5,4,4,3,2,0,0,0,0,0,0,0,0,0,0,0,0,0,0,3,3,32
13763.831167,4.895e-26,0.0598,0.075,0,0.75,-0.027528,NaN,NaN,NaN,NaN,NaN,NaN,NaN,NaN,NaN,NaN,NaN,NaN,NaN,NaN,0.08133,0.945,3,4,4,4,3,2,0,0,0,0,0,0,0,0,0,0,0,0,0,0,3,3,32
13763.874197,3.312e-26,0.0598,0.075,0,0.75,-0.027528,NaN,NaN,NaN,NaN,NaN,NaN,NaN,NaN,NaN,NaN,NaN,NaN,NaN,NaN,0.08133,0.945,3,4,4,4,3,2,0,0,0,0,0,0,0,0,0,0,0,0,0,0,3,3,32
13763.913524,2.325e-26,0.0598,0.075,0,0.75,-0.027528,NaN,NaN,NaN,NaN,NaN,NaN,NaN,NaN,NaN,NaN,NaN,NaN,NaN,NaN,0.08133,0.945,3,3,4,4,3,2,0,0,0,0,0,0,0,0,0,0,0,0,0,0,3,3,32
13764.516567,2.085e-26,0.0598,0.075,0,0.75,-0.027529,NaN,NaN,NaN,NaN,NaN,NaN,NaN,NaN,NaN,NaN,NaN,NaN,NaN,NaN,0.08133,0.945,3,3,4,4,3,2,0,0,0,0,0,0,0,0,0,0,0,0,0,0,3,3,32
13764.579604,3.422e-26,0.0598,0.075,0,0.75,-0.027529,NaN,NaN,NaN,NaN,NaN,NaN,NaN,NaN,NaN,NaN,NaN,NaN,NaN,NaN,0.08133,0.945,3,4,4,4,3,2,0,0,0,0,0,0,0,0,0,0,0,0,0,0,3,3,32
13764.615664,6.747e-26,0.0598,0.075,0,0.75,-0.027529,NaN,NaN,NaN,NaN,NaN,NaN,NaN,NaN,NaN,NaN,NaN,NaN,NaN,NaN,0.08133,0.945,3,5,4,4,3,2,0,0,0,0,0,0,0,0,0,0,0,0,0,0,3,3,32
13764.665749,3.245e-26,0.0598,0.075,0,0.75,-0.027529,NaN,NaN,NaN,NaN,NaN,NaN,NaN,NaN,NaN,NaN,NaN,NaN,NaN,NaN,0.08133,0.945,3,4,4,4,3,2,0,0,0,0,0,0,0,0,0,0,0,0,0,0,3,3,32
13765.057983,4.233e-26,0.0598,0.075,0,0.75,-0.02753,NaN,NaN,NaN,NaN,NaN,NaN,NaN,NaN,NaN,NaN,NaN,NaN,NaN,NaN,0.08133,0.945,3,4,4,4,3,2,0,0,0,0,0,0,0,0,0,0,0,0,0,0,3,3,32
13765.121038,1.156e-25,0.0598,0.075,0,0.75,-0.02753,NaN,NaN,NaN,NaN,NaN,NaN,NaN,NaN,NaN,NaN,NaN,NaN,NaN,NaN,0.08133,0.945,3,6,4,4,3,2,0,0,0,0,0,0,0,0,0,0,0,0,0,0,3,3,32
13765.150643,1.913e-26,0.0598,0.075,0,0.75,-0.02753,NaN,NaN,NaN,NaN,NaN,NaN,NaN,NaN,NaN,NaN,NaN,NaN,NaN,NaN,0.08133,0.945,3,3,4,4,3,2,0,0,0,0,0,0,0,0,0,0,0,0,0,0,3,3,32
13766.25591,1.91e-26,0.0598,0.075,0,0.75,-0.027533,NaN,NaN,NaN,NaN,NaN,NaN,NaN,NaN,NaN,NaN,NaN,NaN,NaN,NaN,0.08133,0.945,3,3,4,4,3,2,0,0,0,0,0,0,0,0,0,0,0,0,0,0,3,3,32
13766.295651,4.778e-26,0.0598,0.075,0,0.75,-0.027533,NaN,NaN,NaN,NaN,NaN,NaN,NaN,NaN,NaN,NaN,NaN,NaN,NaN,NaN,0.08133,0.945,3,4,4,4,3,2,0,0,0,0,0,0,0,0,0,0,0,0,0,0,3,3,32
13766.350754,6.271e-26,0.0598,0.075,0,0.75,-0.027533,NaN,NaN,NaN,NaN,NaN,NaN,NaN,NaN,NaN,NaN,NaN,NaN,NaN,NaN,0.08133,0.945,3,5,4,4,3,2,0,0,0,0,0,0,0,0,0,0,0,0,0,0,3,3,32
13766.396995,2.097e-26,0.0598,0.075,0,0.75,-0.027533,NaN,NaN,NaN,NaN,NaN,NaN,NaN,NaN,NaN,NaN,NaN,NaN,NaN,NaN,0.08133,0.945,3,3,4,4,3,2,0,0,0,0,0,0,0,0,0,0,0,0,0,0,3,3,32
13767.075705,2.339e-26,0.0598,0.075,0,0.75,-0.027534,NaN,NaN,NaN,NaN,NaN,NaN,NaN,NaN,NaN,NaN,NaN,NaN,NaN,NaN,0.08133,0.945,3,3,4,4,3,2,0,0,0,0,0,0,0,0,0,0,0,0,0,0,3,3,32
13767.105899,1.431e-26,0.0598,0.075,0,0.75,-0.027534,NaN,NaN,NaN,NaN,NaN,NaN,NaN,NaN,NaN,NaN,NaN,NaN,NaN,NaN,0.08133,0.945,3,3,4,4,3,2,0,0,0,0,0,0,0,0,0,0,0,0,0,0,3,3,32
13767.1742,9.958e-26,0.0598,0.075,0,0.75,-0.027534,NaN,NaN,NaN,NaN,NaN,NaN,NaN,NaN,NaN,NaN,NaN,NaN,NaN,NaN,0.08133,0.945,3,5,4,4,3,2,0,0,0,0,0,0,0,0,0,0,0,0,0,0,3,3,32
13767.259243,4.295e-26,0.0598,0.075,0,0.75,-0.027535,NaN,NaN,NaN,NaN,NaN,NaN,NaN,NaN,NaN,NaN,NaN,NaN,NaN,NaN,0.08133,0.945,3,4,4,4,3,2,0,0,0,0,0,0,0,0,0,0,0,0,0,0,3,3,32
13767.296157,3.817e-26,0.0598,0.075,0,0.75,-0.027535,NaN,NaN,NaN,NaN,NaN,NaN,NaN,NaN,NaN,NaN,NaN,NaN,NaN,NaN,0.08133,0.945,3,4,4,4,3,2,0,0,0,0,0,0,0,0,0,0,0,0,0,0,3,3,32
13772.294511,1.789e-25,0.0598,0.075,0,0.75,-0.027545,NaN,NaN,NaN,NaN,NaN,NaN,NaN,NaN,NaN,NaN,NaN,NaN,NaN,NaN,0.08133,0.945,3,6,4,4,3,2,0,0,0,0,0,0,0,0,0,0,0,0,0,0,3,3,32
13772.344807,8.546e-26,0.0598,0.075,0,0.75,-0.027545,NaN,NaN,NaN,NaN,NaN,NaN,NaN,NaN,NaN,NaN,NaN,NaN,NaN,NaN,0.08133,0.945,3,5,4,4,3,2,0,0,0,0,0,0,0,0,0,0,0,0,0,0,3,3,32
13772.586482,2.376e-26,0.0598,0.075,0,0.75,-0.027545,NaN,NaN,NaN,NaN,NaN,NaN,NaN,NaN,NaN,NaN,NaN,NaN,NaN,NaN,0.08133,0.945,3,3,4,4,3,2,0,0,0,0,0,0,0,0,0,0,0,0,0,0,3,3,32
13772.639627,5.773e-26,0.0598,0.075,0,0.75,-0.027545,NaN,NaN,NaN,NaN,NaN,NaN,NaN,NaN,NaN,NaN,NaN,NaN,NaN,NaN,0.08133,0.945,3,5,4,4,3,2,0,0,0,0,0,0,0,0,0,0,0,0,0,0,3,3,32
13772.741846,1.445e-25,0.0598,0.075,0,0.75,-0.027545,NaN,NaN,NaN,NaN,NaN,NaN,NaN,NaN,NaN,NaN,NaN,NaN,NaN,NaN,0.08133,0.945,3,6,4,4,3,2,0,0,0,0,0,0,0,0,0,0,0,0,0,0,3,3,32
13772.809737,6.129e-26,0.0598,0.075,0,0.75,-0.027546,NaN,NaN,NaN,NaN,NaN,NaN,NaN,NaN,NaN,NaN,NaN,NaN,NaN,NaN,0.08133,0.945,3,5,4,4,3,2,0,0,0,0,0,0,0,0,0,0,0,0,0,0,3,3,32
13772.859644,4.729e-26,0.0598,0.075,0,0.75,-0.027546,NaN,NaN,NaN,NaN,NaN,NaN,NaN,NaN,NaN,NaN,NaN,NaN,NaN,NaN,0.08133,0.945,3,4,4,4,3,2,0,0,0,0,0,0,0,0,0,0,0,0,0,0,3,3,32
13773.135535,8.507e-26,0.0598,0.075,0,0.75,-0.027546,NaN,NaN,NaN,NaN,NaN,NaN,NaN,NaN,NaN,NaN,NaN,NaN,NaN,NaN,0.08133,0.945,3,5,4,4,3,2,0,0,0,0,0,0,0,0,0,0,0,0,0,0,3,3,32
13773.824613,7.796e-26,0.0598,0.075,0,0.75,-0.027548,NaN,NaN,NaN,NaN,NaN,NaN,NaN,NaN,NaN,NaN,NaN,NaN,NaN,NaN,0.08133,0.945,3,5,4,4,3,2,0,0,0,0,0,0,0,0,0,0,0,0,0,0,3,3,32
13773.869267,5.726e-26,0.0598,0.075,0,0.75,-0.027548,NaN,NaN,NaN,NaN,NaN,NaN,NaN,NaN,NaN,NaN,NaN,NaN,NaN,NaN,0.08133,0.945,3,5,4,4,3,2,0,0,0,0,0,0,0,0,0,0,0,0,0,0,3,3,32
13774.030061,1.328e-25,0.0598,0.075,0,0.75,-0.027548,NaN,NaN,NaN,NaN,NaN,NaN,NaN,NaN,NaN,NaN,NaN,NaN,NaN,NaN,0.08133,0.945,3,6,4,4,3,2,0,0,0,0,0,0,0,0,0,0,0,0,0,0,3,3,32
13774.060823,9.768e-26,0.0598,0.075,0,0.75,-0.027548,NaN,NaN,NaN,NaN,NaN,NaN,NaN,NaN,NaN,NaN,NaN,NaN,NaN,NaN,0.08133,0.945,3,5,4,4,3,2,0,0,0,0,0,0,0,0,0,0,0,0,0,0,3,3,32
13774.450219,7.021e-26,0.0598,0.075,0,0.75,-0.027549,NaN,NaN,NaN,NaN,NaN,NaN,NaN,NaN,NaN,NaN,NaN,NaN,NaN,NaN,0.08133,0.945,3,5,4,4,3,2,0,0,0,0,0,0,0,0,0,0,0,0,0,0,3,3,32
13774.724319,5.06e-26,0.0598,0.075,0,0.75,-0.027549,NaN,NaN,NaN,NaN,NaN,NaN,NaN,NaN,NaN,NaN,NaN,NaN,NaN,NaN,0.08133,0.945,3,5,4,4,3,2,0,0,0,0,0,0,0,0,0,0,0,0,0,0,3,3,32
13774.823759,3.836e-26,0.0598,0.075,0,0.75,-0.02755,NaN,NaN,NaN,NaN,NaN,NaN,NaN,NaN,NaN,NaN,NaN,NaN,NaN,NaN,0.08133,0.945,3,4,4,4,3,2,0,0,0,0,0,0,0,0,0,0,0,0,0,0,3,3,32
13775.022584,3.422e-26,0.0598,0.075,0,0.75,-0.02755,NaN,NaN,NaN,NaN,NaN,NaN,NaN,NaN,NaN,NaN,NaN,NaN,NaN,NaN,0.08133,0.945,3,4,4,4,3,2,0,0,0,0,0,0,0,0,0,0,0,0,0,0,3,3,32
13775.055643,5.288e-26,0.0598,0.075,0,0.75,-0.02755,NaN,NaN,NaN,NaN,NaN,NaN,NaN,NaN,NaN,NaN,NaN,NaN,NaN,NaN,0.08133,0.945,3,5,4,4,3,2,0,0,0,0,0,0,0,0,0,0,0,0,0,0,3,3,32
13775.242921,5.385e-26,0.0598,0.075,0,0.75,-0.02755,NaN,NaN,NaN,NaN,NaN,NaN,NaN,NaN,NaN,NaN,NaN,NaN,NaN,NaN,0.08133,0.945,3,5,4,4,3,2,0,0,0,0,0,0,0,0,0,0,0,0,0,0,3,3,32
13775.291718,4.833e-26,0.0598,0.075,0,0.75,-0.027551,NaN,NaN,NaN,NaN,NaN,NaN,NaN,NaN,NaN,NaN,NaN,NaN,NaN,NaN,0.08133,0.945,3,4,4,4,3,2,0,0,0,0,0,0,0,0,0,0,0,0,0,0,3,3,32
13775.326013,4.261e-26,0.0598,0.075,0,0.75,-0.027551,NaN,NaN,NaN,NaN,NaN,NaN,NaN,NaN,NaN,NaN,NaN,NaN,NaN,NaN,0.08133,0.945,3,4,4,4,3,2,0,0,0,0,0,0,0,0,0,0,0,0,0,0,3,3,32
13775.691728,2.292e-26,0.0598,0.075,0,0.75,-0.027551,NaN,NaN,NaN,NaN,NaN,NaN,NaN,NaN,NaN,NaN,NaN,NaN,NaN,NaN,0.08133,0.945,3,3,4,4,3,2,0,0,0,0,0,0,0,0,0,0,0,0,0,0,3,3,32
13775.758168,7.651e-26,0.0598,0.075,0,0.75,-0.027552,NaN,NaN,NaN,NaN,NaN,NaN,NaN,NaN,NaN,NaN,NaN,NaN,NaN,NaN,0.08133,0.945,3,5,4,4,3,2,0,0,0,0,0,0,0,0,0,0,0,0,0,0,3,3,32
13775.851405,8.278e-26,0.0598,0.075,0,0.75,-0.027552,NaN,NaN,NaN,NaN,NaN,NaN,NaN,NaN,NaN,NaN,NaN,NaN,NaN,NaN,0.08133,0.945,3,5,4,4,3,2,0,0,0,0,0,0,0,0,0,0,0,0,0,0,3,3,32
13775.910228,5.767e-26,0.0598,0.075,0,0.75,-0.027552,NaN,NaN,NaN,NaN,NaN,NaN,NaN,NaN,NaN,NaN,NaN,NaN,NaN,NaN,0.08133,0.945,3,5,4,4,3,2,0,0,0,0,0,0,0,0,0,0,0,0,0,0,3,3,32
13775.99363,4.338e-26,0.0598,0.075,0,0.75,-0.027552,NaN,NaN,NaN,NaN,NaN,NaN,NaN,NaN,NaN,NaN,NaN,NaN,NaN,NaN,0.08133,0.945,3,4,4,4,3,2,0,0,0,0,0,0,0,0,0,0,0,0,0,0,3,3,32
13776.073432,3.509e-26,0.0598,0.075,0,0.75,-0.027552,NaN,NaN,NaN,NaN,NaN,NaN,NaN,NaN,NaN,NaN,NaN,NaN,NaN,NaN,0.08133,0.945,3,4,4,4,3,2,0,0,0,0,0,0,0,0,0,0,0,0,0,0,3,3,32
13776.109086,6.095e-26,0.0598,0.075,0,0.75,-0.027552,NaN,NaN,NaN,NaN,NaN,NaN,NaN,NaN,NaN,NaN,NaN,NaN,NaN,NaN,0.08133,0.945,3,5,4,4,3,2,0,0,0,0,0,0,0,0,0,0,0,0,0,0,3,3,32
13776.177873,7.476e-26,0.0598,0.075,0,0.75,-0.027552,NaN,NaN,NaN,NaN,NaN,NaN,NaN,NaN,NaN,NaN,NaN,NaN,NaN,NaN,0.08133,0.945,3,5,4,4,3,2,0,0,0,0,0,0,0,0,0,0,0,0,0,0,3,3,32
13776.265985,1.094e-25,0.0598,0.075,0,0.75,-0.027553,NaN,NaN,NaN,NaN,NaN,NaN,NaN,NaN,NaN,NaN,NaN,NaN,NaN,NaN,0.08133,0.945,3,6,4,4,3,2,0,0,0,0,0,0,0,0,0,0,0,0,0,0,3,3,32
13776.499592,5.991e-26,0.0598,0.075,0,0.75,-0.027553,NaN,NaN,NaN,NaN,NaN,NaN,NaN,NaN,NaN,NaN,NaN,NaN,NaN,NaN,0.08133,0.945,3,5,4,4,3,2,0,0,0,0,0,0,0,0,0,0,0,0,0,0,3,3,32
13776.535814,5.481e-26,0.0598,0.075,0,0.75,-0.027553,NaN,NaN,NaN,NaN,NaN,NaN,NaN,NaN,NaN,NaN,NaN,NaN,NaN,NaN,0.08133,0.945,3,5,4,4,3,2,0,0,0,0,0,0,0,0,0,0,0,0,0,0,3,3,32
13777.015808,4.588e-26,0.0598,0.075,0,0.75,-0.027554,NaN,NaN,NaN,NaN,NaN,NaN,NaN,NaN,NaN,NaN,NaN,NaN,NaN,NaN,0.08133,0.945,3,4,4,4,3,2,0,0,0,0,0,0,0,0,0,0,0,0,0,0,3,3,32
13777.071806,2.311e-26,0.0598,0.075,0,0.75,-0.027554,NaN,NaN,NaN,NaN,NaN,NaN,NaN,NaN,NaN,NaN,NaN,NaN,NaN,NaN,0.08133,0.945,3,3,4,4,3,2,0,0,0,0,0,0,0,0,0,0,0,0,0,0,3,3,32
13777.110983,3.044e-26,0.0598,0.075,0,0.75,-0.027554,NaN,NaN,NaN,NaN,NaN,NaN,NaN,NaN,NaN,NaN,NaN,NaN,NaN,NaN,0.08133,0.945,3,4,4,4,3,2,0,0,0,0,0,0,0,0,0,0,0,0,0,0,3,3,32
13777.170112,8.383e-26,0.0598,0.075,0,0.75,-0.027554,NaN,NaN,NaN,NaN,NaN,NaN,NaN,NaN,NaN,NaN,NaN,NaN,NaN,NaN,0.08133,0.945,3,5,4,4,3,2,0,0,0,0,0,0,0,0,0,0,0,0,0,0,3,3,32
13777.315718,3.085e-26,0.0598,0.075,0,0.75,-0.027555,NaN,NaN,NaN,NaN,NaN,NaN,NaN,NaN,NaN,NaN,NaN,NaN,NaN,NaN,0.08133,0.945,3,4,4,4,3,2,0,0,0,0,0,0,0,0,0,0,0,0,0,0,3,3,32
13777.358154,3.021e-26,0.0598,0.075,0,0.75,-0.027555,NaN,NaN,NaN,NaN,NaN,NaN,NaN,NaN,NaN,NaN,NaN,NaN,NaN,NaN,0.08133,0.945,3,4,4,4,3,2,0,0,0,0,0,0,0,0,0,0,0,0,0,0,3,3,32
13777.400251,1.854e-26,0.0598,0.075,0,0.75,-0.027555,NaN,NaN,NaN,NaN,NaN,NaN,NaN,NaN,NaN,NaN,NaN,NaN,NaN,NaN,0.08133,0.945,3,3,4,4,3,2,0,0,0,0,0,0,0,0,0,0,0,0,0,0,3,3,32
13777.457653,4.709e-26,0.0598,0.075,0,0.75,-0.027555,NaN,NaN,NaN,NaN,NaN,NaN,NaN,NaN,NaN,NaN,NaN,NaN,NaN,NaN,0.08133,0.945,3,4,4,4,3,2,0,0,0,0,0,0,0,0,0,0,0,0,0,0,3,3,32
13777.488556,5.95e-26,0.0598,0.075,0,0.75,-0.027555,NaN,NaN,NaN,NaN,NaN,NaN,NaN,NaN,NaN,NaN,NaN,NaN,NaN,NaN,0.08133,0.945,3,5,4,4,3,2,0,0,0,0,0,0,0,0,0,0,0,0,0,0,3,3,32
13777.621372,1.936e-26,0.0598,0.075,0,0.75,-0.027555,NaN,NaN,NaN,NaN,NaN,NaN,NaN,NaN,NaN,NaN,NaN,NaN,NaN,NaN,0.08133,0.945,3,3,4,4,3,2,0,0,0,0,0,0,0,0,0,0,0,0,0,0,3,3,32
13777.668856,6.852e-26,0.0598,0.075,0,0.75,-0.027555,NaN,NaN,NaN,NaN,NaN,NaN,NaN,NaN,NaN,NaN,NaN,NaN,NaN,NaN,0.08133,0.945,3,5,4,4,3,2,0,0,0,0,0,0,0,0,0,0,0,0,0,0,3,3,32
13777.701986,3.726e-26,0.0598,0.075,0,0.75,-0.027555,NaN,NaN,NaN,NaN,NaN,NaN,NaN,NaN,NaN,NaN,NaN,NaN,NaN,NaN,0.08133,0.945,3,4,4,4,3,2,0,0,0,0,0,0,0,0,0,0,0,0,0,0,3,3,32
13777.758343,3.9e-26,0.0598,0.075,0,0.75,-0.027556,NaN,NaN,NaN,NaN,NaN,NaN,NaN,NaN,NaN,NaN,NaN,NaN,NaN,NaN,0.08133,0.945,3,4,4,4,3,2,0,0,0,0,0,0,0,0,0,0,0,0,0,0,3,3,32
13777.796431,5.936e-26,0.0598,0.075,0,0.75,-0.027556,NaN,NaN,NaN,NaN,NaN,NaN,NaN,NaN,NaN,NaN,NaN,NaN,NaN,NaN,0.08133,0.945,3,5,4,4,3,2,0,0,0,0,0,0,0,0,0,0,0,0,0,0,3,3,32
13777.853174,3.116e-26,0.0598,0.075,0,0.75,-0.027556,NaN,NaN,NaN,NaN,NaN,NaN,NaN,NaN,NaN,NaN,NaN,NaN,NaN,NaN,0.08133,0.945,3,4,4,4,3,2,0,0,0,0,0,0,0,0,0,0,0,0,0,0,3,3,32
13777.901385,8.953e-26,0.0598,0.075,0,0.75,-0.027556,NaN,NaN,NaN,NaN,NaN,NaN,NaN,NaN,NaN,NaN,NaN,NaN,NaN,NaN,0.08133,0.945,3,5,4,4,3,2,0,0,0,0,0,0,0,0,0,0,0,0,0,0,3,3,32
13777.971155,8.102e-26,0.0598,0.075,0,0.75,-0.027556,NaN,NaN,NaN,NaN,NaN,NaN,NaN,NaN,NaN,NaN,NaN,NaN,NaN,NaN,0.08133,0.945,3,5,4,4,3,2,0,0,0,0,0,0,0,0,0,0,0,0,0,0,3,3,32
13778.04146,1.083e-25,0.0598,0.075,0,0.75,-0.027556,NaN,NaN,NaN,NaN,NaN,NaN,NaN,NaN,NaN,NaN,NaN,NaN,NaN,NaN,0.08133,0.945,3,6,4,4,3,2,0,0,0,0,0,0,0,0,0,0,0,0,0,0,3,3,32
13778.08772,9.217e-26,0.0598,0.075,0,0.75,-0.027556,NaN,NaN,NaN,NaN,NaN,NaN,NaN,NaN,NaN,NaN,NaN,NaN,NaN,NaN,0.08133,0.945,3,5,4,4,3,2,0,0,0,0,0,0,0,0,0,0,0,0,0,0,3,3,32
13778.141657,4.087e-26,0.0598,0.075,0,0.75,-0.027556,NaN,NaN,NaN,NaN,NaN,NaN,NaN,NaN,NaN,NaN,NaN,NaN,NaN,NaN,0.08133,0.945,3,4,4,4,3,2,0,0,0,0,0,0,0,0,0,0,0,0,0,0,3,3,32
13778.176926,2.569e-26,0.0598,0.075,0,0.75,-0.027556,NaN,NaN,NaN,NaN,NaN,NaN,NaN,NaN,NaN,NaN,NaN,NaN,NaN,NaN,0.08133,0.945,3,4,4,4,3,2,0,0,0,0,0,0,0,0,0,0,0,0,0,0,3,3,32
13778.225099,7.666e-26,0.0598,0.075,0,0.75,-0.027556,NaN,NaN,NaN,NaN,NaN,NaN,NaN,NaN,NaN,NaN,NaN,NaN,NaN,NaN,0.08133,0.945,3,5,4,4,3,2,0,0,0,0,0,0,0,0,0,0,0,0,0,0,3,3,32
13778.260993,7.217e-26,0.0598,0.075,0,0.75,-0.027557,NaN,NaN,NaN,NaN,NaN,NaN,NaN,NaN,NaN,NaN,NaN,NaN,NaN,NaN,0.08133,0.945,3,5,4,4,3,2,0,0,0,0,0,0,0,0,0,0,0,0,0,0,3,3,32
13778.33829,3.726e-26,0.0598,0.075,0,0.75,-0.027557,NaN,NaN,NaN,NaN,NaN,NaN,NaN,NaN,NaN,NaN,NaN,NaN,NaN,NaN,0.08133,0.945,3,4,4,4,3,2,0,0,0,0,0,0,0,0,0,0,0,0,0,0,3,3,32
13778.401098,8.955e-26,0.0598,0.075,0,0.75,-0.027557,NaN,NaN,NaN,NaN,NaN,NaN,NaN,NaN,NaN,NaN,NaN,NaN,NaN,NaN,0.08133,0.945,3,5,4,4,3,2,0,0,0,0,0,0,0,0,0,0,0,0,0,0,3,3,32
13778.430439,7.393e-26,0.0598,0.075,0,0.75,-0.027557,NaN,NaN,NaN,NaN,NaN,NaN,NaN,NaN,NaN,NaN,NaN,NaN,NaN,NaN,0.08133,0.945,3,5,4,4,3,2,0,0,0,0,0,0,0,0,0,0,0,0,0,0,3,3,32
13778.782472,6.282e-26,0.0598,0.075,0,0.75,-0.027558,NaN,NaN,NaN,NaN,NaN,NaN,NaN,NaN,NaN,NaN,NaN,NaN,NaN,NaN,0.08133,0.945,3,5,4,4,3,2,0,0,0,0,0,0,0,0,0,0,0,0,0,0,3,3,32
13778.836572,7.658e-26,0.0598,0.075,0,0.75,-0.027558,NaN,NaN,NaN,NaN,NaN,NaN,NaN,NaN,NaN,NaN,NaN,NaN,NaN,NaN,0.08133,0.945,3,5,4,4,3,2,0,0,0,0,0,0,0,0,0,0,0,0,0,0,3,3,32
13778.886063,4.92e-26,0.0598,0.075,0,0.75,-0.027558,NaN,NaN,NaN,NaN,NaN,NaN,NaN,NaN,NaN,NaN,NaN,NaN,NaN,NaN,0.08133,0.945,3,4,4,4,3,2,0,0,0,0,0,0,0,0,0,0,0,0,0,0,3,3,32
13778.943798,3.942e-26,0.0598,0.075,0,0.75,-0.027558,NaN,NaN,NaN,NaN,NaN,NaN,NaN,NaN,NaN,NaN,NaN,NaN,NaN,NaN,0.08133,0.945,3,4,4,4,3,2,0,0,0,0,0,0,0,0,0,0,0,0,0,0,3,3,32
13779.03779,1.717e-26,0.0598,0.075,0,0.75,-0.027558,NaN,NaN,NaN,NaN,NaN,NaN,NaN,NaN,NaN,NaN,NaN,NaN,NaN,NaN,0.08133,0.945,3,3,4,4,3,2,0,0,0,0,0,0,0,0,0,0,0,0,0,0,3,3,32
13779.084169,5.031e-26,0.0598,0.075,0,0.75,-0.027558,NaN,NaN,NaN,NaN,NaN,NaN,NaN,NaN,NaN,NaN,NaN,NaN,NaN,NaN,0.08133,0.945,3,5,4,4,3,2,0,0,0,0,0,0,0,0,0,0,0,0,0,0,3,3,32
13779.127227,1.516e-25,0.0598,0.075,0,0.75,-0.027558,NaN,NaN,NaN,NaN,NaN,NaN,NaN,NaN,NaN,NaN,NaN,NaN,NaN,NaN,0.08133,0.945,3,6,4,4,3,2,0,0,0,0,0,0,0,0,0,0,0,0,0,0,3,3,32
13779.214508,3.483e-26,0.0598,0.075,0,0.75,-0.027558,NaN,NaN,NaN,NaN,NaN,NaN,NaN,NaN,NaN,NaN,NaN,NaN,NaN,NaN,0.08133,0.945,3,4,4,4,3,2,0,0,0,0,0,0,0,0,0,0,0,0,0,0,3,3,32
13779.251704,7.66e-26,0.0598,0.075,0,0.75,-0.027559,NaN,NaN,NaN,NaN,NaN,NaN,NaN,NaN,NaN,NaN,NaN,NaN,NaN,NaN,0.08133,0.945,3,5,4,4,3,2,0,0,0,0,0,0,0,0,0,0,0,0,0,0,3,3,32
13779.325438,2.852e-26,0.0598,0.075,0,0.75,-0.027559,NaN,NaN,NaN,NaN,NaN,NaN,NaN,NaN,NaN,NaN,NaN,NaN,NaN,NaN,0.08133,0.945,3,4,4,4,3,2,0,0,0,0,0,0,0,0,0,0,0,0,0,0,3,3,32
13779.361752,5.401e-26,0.0598,0.075,0,0.75,-0.027559,NaN,NaN,NaN,NaN,NaN,NaN,NaN,NaN,NaN,NaN,NaN,NaN,NaN,NaN,0.08133,0.945,3,5,4,4,3,2,0,0,0,0,0,0,0,0,0,0,0,0,0,0,3,3,32
13779.418445,1.214e-26,0.0598,0.075,0,0.75,-0.027559,NaN,NaN,NaN,NaN,NaN,NaN,NaN,NaN,NaN,NaN,NaN,NaN,NaN,NaN,0.08133,0.945,3,3,4,4,3,2,0,0,0,0,0,0,0,0,0,0,0,0,0,0,3,3,32
13782.443288,1.448e-25,0.0598,0.075,0,0.75,-0.027565,NaN,NaN,NaN,NaN,NaN,NaN,NaN,NaN,NaN,NaN,NaN,NaN,NaN,NaN,0.08133,0.945,3,6,4,4,3,2,0,0,0,0,0,0,0,0,0,0,0,0,0,0,3,3,32
13783.299836,8.347e-26,0.0598,0.075,0,0.75,-0.027567,NaN,NaN,NaN,NaN,NaN,NaN,NaN,NaN,NaN,NaN,NaN,NaN,NaN,NaN,0.08133,0.945,3,5,4,4,3,2,0,0,0,0,0,0,0,0,0,0,0,0,0,0,3,3,32
13783.732615,2.92e-26,0.0598,0.075,0,0.75,-0.027567,NaN,NaN,NaN,NaN,NaN,NaN,NaN,NaN,NaN,NaN,NaN,NaN,NaN,NaN,0.08133,0.945,3,4,4,4,3,2,0,0,0,0,0,0,0,0,0,0,0,0,0,0,3,3,32
13783.77669,1.336e-26,0.0598,0.075,0,0.75,-0.027568,NaN,NaN,NaN,NaN,NaN,NaN,NaN,NaN,NaN,NaN,NaN,NaN,NaN,NaN,0.08133,0.945,3,3,4,4,3,2,0,0,0,0,0,0,0,0,0,0,0,0,0,0,3,3,32
13783.838299,1.153e-25,0.0598,0.075,0,0.75,-0.027568,NaN,NaN,NaN,NaN,NaN,NaN,NaN,NaN,NaN,NaN,NaN,NaN,NaN,NaN,0.08133,0.945,3,6,4,4,3,2,0,0,0,0,0,0,0,0,0,0,0,0,0,0,3,3,32
13784.083609,2.792e-26,0.0598,0.075,0,0.75,-0.027568,NaN,NaN,NaN,NaN,NaN,NaN,NaN,NaN,NaN,NaN,NaN,NaN,NaN,NaN,0.08133,0.945,3,4,4,4,3,2,0,0,0,0,0,0,0,0,0,0,0,0,0,0,3,3,32
13784.142214,9.42e-26,0.0598,0.075,0,0.75,-0.027568,NaN,NaN,NaN,NaN,NaN,NaN,NaN,NaN,NaN,NaN,NaN,NaN,NaN,NaN,0.08133,0.945,3,5,4,4,3,2,0,0,0,0,0,0,0,0,0,0,0,0,0,0,3,3,32
13785.085957,8.151e-26,0.0598,0.075,0,0.75,-0.02757,NaN,NaN,NaN,NaN,NaN,NaN,NaN,NaN,NaN,NaN,NaN,NaN,NaN,NaN,0.08133,0.945,3,5,4,4,3,2,0,0,0,0,0,0,0,0,0,0,0,0,0,0,3,3,32
13785.126353,7.035e-26,0.0598,0.075,0,0.75,-0.02757,NaN,NaN,NaN,NaN,NaN,NaN,NaN,NaN,NaN,NaN,NaN,NaN,NaN,NaN,0.08133,0.945,3,5,4,4,3,2,0,0,0,0,0,0,0,0,0,0,0,0,0,0,3,3,32
13785.171748,8.297e-26,0.0598,0.075,0,0.75,-0.02757,NaN,NaN,NaN,NaN,NaN,NaN,NaN,NaN,NaN,NaN,NaN,NaN,NaN,NaN,0.08133,0.945,3,5,4,4,3,2,0,0,0,0,0,0,0,0,0,0,0,0,0,0,3,3,32
13785.223051,1.295e-25,0.0598,0.075,0,0.75,-0.02757,NaN,NaN,NaN,NaN,NaN,NaN,NaN,NaN,NaN,NaN,NaN,NaN,NaN,NaN,0.08133,0.945,3,6,4,4,3,2,0,0,0,0,0,0,0,0,0,0,0,0,0,0,3,3,32
13785.272043,4.161e-26,0.0598,0.075,0,0.75,-0.027571,NaN,NaN,NaN,NaN,NaN,NaN,NaN,NaN,NaN,NaN,NaN,NaN,NaN,NaN,0.08133,0.945,3,4,4,4,3,2,0,0,0,0,0,0,0,0,0,0,0,0,0,0,3,3,32
13785.870308,3.149e-26,0.0598,0.075,0,0.75,-0.027572,NaN,NaN,NaN,NaN,NaN,NaN,NaN,NaN,NaN,NaN,NaN,NaN,NaN,NaN,0.08133,0.945,3,4,4,4,3,2,0,0,0,0,0,0,0,0,0,0,0,0,0,0,3,3,32
13785.903236,3.837e-26,0.0598,0.075,0,0.75,-0.027572,NaN,NaN,NaN,NaN,NaN,NaN,NaN,NaN,NaN,NaN,NaN,NaN,NaN,NaN,0.08133,0.945,3,4,4,4,3,2,0,0,0,0,0,0,0,0,0,0,0,0,0,0,3,3,32
13786.198207,5.488e-26,0.0598,0.075,0,0.75,-0.027572,NaN,NaN,NaN,NaN,NaN,NaN,NaN,NaN,NaN,NaN,NaN,NaN,NaN,NaN,0.08133,0.945,3,5,4,4,3,2,0,0,0,0,0,0,0,0,0,0,0,0,0,0,3,3,32
13786.23297,7.364e-26,0.0598,0.075,0,0.75,-0.027572,NaN,NaN,NaN,NaN,NaN,NaN,NaN,NaN,NaN,NaN,NaN,NaN,NaN,NaN,0.08133,0.945,3,5,4,4,3,2,0,0,0,0,0,0,0,0,0,0,0,0,0,0,3,3,32
13786.27828,1.312e-25,0.0598,0.075,0,0.75,-0.027573,NaN,NaN,NaN,NaN,NaN,NaN,NaN,NaN,NaN,NaN,NaN,NaN,NaN,NaN,0.08133,0.945,3,6,4,4,3,2,0,0,0,0,0,0,0,0,0,0,0,0,0,0,3,3,32
13787.13565,1.464e-26,0.0598,0.075,0,0.75,-0.027574,NaN,NaN,NaN,NaN,NaN,NaN,NaN,NaN,NaN,NaN,NaN,NaN,NaN,NaN,0.08133,0.945,3,3,4,4,3,2,0,0,0,0,0,0,0,0,0,0,0,0,0,0,3,3,32
13787.20162,7.635e-26,0.0598,0.075,0,0.75,-0.027574,NaN,NaN,NaN,NaN,NaN,NaN,NaN,NaN,NaN,NaN,NaN,NaN,NaN,NaN,0.08133,0.945,3,5,4,4,3,2,0,0,0,0,0,0,0,0,0,0,0,0,0,0,3,3,32
13787.227042,4.041e-26,0.0598,0.075,0,0.75,-0.027574,NaN,NaN,NaN,NaN,NaN,NaN,NaN,NaN,NaN,NaN,NaN,NaN,NaN,NaN,0.08133,0.945,3,4,4,4,3,2,0,0,0,0,0,0,0,0,0,0,0,0,0,0,3,3,32
13787.260641,2.82e-26,0.0598,0.075,0,0.75,-0.027575,NaN,NaN,NaN,NaN,NaN,NaN,NaN,NaN,NaN,NaN,NaN,NaN,NaN,NaN,0.08133,0.945,3,4,4,4,3,2,0,0,0,0,0,0,0,0,0,0,0,0,0,0,3,3,32
13787.317439,5.584e-27,0.0598,0.075,0,0.75,-0.027575,NaN,NaN,NaN,NaN,NaN,NaN,NaN,NaN,NaN,NaN,NaN,NaN,NaN,NaN,0.08133,0.945,3,3,4,4,3,2,0,0,0,0,0,0,0,0,0,0,0,0,0,0,3,3,32
13787.787593,2.188e-26,0.0598,0.075,0,0.75,-0.027576,NaN,NaN,NaN,NaN,NaN,NaN,NaN,NaN,NaN,NaN,NaN,NaN,NaN,NaN,0.08133,0.945,3,3,4,4,3,2,0,0,0,0,0,0,0,0,0,0,0,0,0,0,3,3,32
13787.833834,4.291e-26,0.0598,0.075,0,0.75,-0.027576,NaN,NaN,NaN,NaN,NaN,NaN,NaN,NaN,NaN,NaN,NaN,NaN,NaN,NaN,0.08133,0.945,3,4,4,4,3,2,0,0,0,0,0,0,0,0,0,0,0,0,0,0,3,3,32
13787.88322,7.909e-26,0.0598,0.075,0,0.75,-0.027576,NaN,NaN,NaN,NaN,NaN,NaN,NaN,NaN,NaN,NaN,NaN,NaN,NaN,NaN,0.08133,0.945,3,5,4,4,3,2,0,0,0,0,0,0,0,0,0,0,0,0,0,0,3,3,32
13787.930845,2.867e-26,0.0598,0.075,0,0.75,-0.027576,NaN,NaN,NaN,NaN,NaN,NaN,NaN,NaN,NaN,NaN,NaN,NaN,NaN,NaN,0.08133,0.945,3,4,4,4,3,2,0,0,0,0,0,0,0,0,0,0,0,0,0,0,3,3,32
13788.732599,7.909e-26,0.0598,0.075,0,0.75,-0.027577,NaN,NaN,NaN,NaN,NaN,NaN,NaN,NaN,NaN,NaN,NaN,NaN,NaN,NaN,0.08133,0.945,3,5,4,4,3,2,0,0,0,0,0,0,0,0,0,0,0,0,0,0,3,3,32
13788.99576,3.819e-26,0.0598,0.075,0,0.75,-0.027578,NaN,NaN,NaN,NaN,NaN,NaN,NaN,NaN,NaN,NaN,NaN,NaN,NaN,NaN,0.08133,0.945,3,4,4,4,3,2,0,0,0,0,0,0,0,0,0,0,0,0,0,0,3,3,32
13789.035528,2.942e-26,0.0598,0.075,0,0.75,-0.027578,NaN,NaN,NaN,NaN,NaN,NaN,NaN,NaN,NaN,NaN,NaN,NaN,NaN,NaN,0.08133,0.945,3,4,4,4,3,2,0,0,0,0,0,0,0,0,0,0,0,0,0,0,3,3,32
13789.143923,3.572e-26,0.0598,0.075,0,0.75,-0.027578,NaN,NaN,NaN,NaN,NaN,NaN,NaN,NaN,NaN,NaN,NaN,NaN,NaN,NaN,0.08133,0.945,3,4,4,4,3,2,0,0,0,0,0,0,0,0,0,0,0,0,0,0,3,3,32
13789.221017,3.562e-26,0.0598,0.075,0,0.75,-0.027578,NaN,NaN,NaN,NaN,NaN,NaN,NaN,NaN,NaN,NaN,NaN,NaN,NaN,NaN,0.08133,0.945,3,4,4,4,3,2,0,0,0,0,0,0,0,0,0,0,0,0,0,0,3,3,32
13789.28329,6.885e-26,0.0598,0.075,0,0.75,-0.027579,NaN,NaN,NaN,NaN,NaN,NaN,NaN,NaN,NaN,NaN,NaN,NaN,NaN,NaN,0.08133,0.945,3,5,4,4,3,2,0,0,0,0,0,0,0,0,0,0,0,0,0,0,3,3,32
13789.383691,7.953e-26,0.0598,0.075,0,0.75,-0.027579,NaN,NaN,NaN,NaN,NaN,NaN,NaN,NaN,NaN,NaN,NaN,NaN,NaN,NaN,0.08133,0.945,3,5,4,4,3,2,0,0,0,0,0,0,0,0,0,0,0,0,0,0,3,3,32
13789.550172,6.793e-26,0.0598,0.075,0,0.75,-0.027579,NaN,NaN,NaN,NaN,NaN,NaN,NaN,NaN,NaN,NaN,NaN,NaN,NaN,NaN,0.08133,0.945,3,5,4,4,3,2,0,0,0,0,0,0,0,0,0,0,0,0,0,0,3,3,32
13789.634763,8.046e-26,0.0598,0.075,0,0.75,-0.027579,NaN,NaN,NaN,NaN,NaN,NaN,NaN,NaN,NaN,NaN,NaN,NaN,NaN,NaN,0.08133,0.945,3,5,4,4,3,2,0,0,0,0,0,0,0,0,0,0,0,0,0,0,3,3,32
13789.689097,4.269e-26,0.0598,0.075,0,0.75,-0.027579,NaN,NaN,NaN,NaN,NaN,NaN,NaN,NaN,NaN,NaN,NaN,NaN,NaN,NaN,0.08133,0.945,3,4,4,4,3,2,0,0,0,0,0,0,0,0,0,0,0,0,0,0,3,3,32
13791.865192,1.645e-26,0.0598,0.075,0,0.75,-0.027584,NaN,NaN,NaN,NaN,NaN,NaN,NaN,NaN,NaN,NaN,NaN,NaN,NaN,NaN,0.08133,0.945,3,3,4,4,3,2,0,0,0,0,0,0,0,0,0,0,0,0,0,0,3,3,32
13791.91357,9.134e-26,0.0598,0.075,0,0.75,-0.027584,NaN,NaN,NaN,NaN,NaN,NaN,NaN,NaN,NaN,NaN,NaN,NaN,NaN,NaN,0.08133,0.945,3,5,4,4,3,2,0,0,0,0,0,0,0,0,0,0,0,0,0,0,3,3,32
13792.745303,1.096e-26,0.0598,0.075,0,0.75,-0.027585,NaN,NaN,NaN,NaN,NaN,NaN,NaN,NaN,NaN,NaN,NaN,NaN,NaN,NaN,0.08133,0.945,3,3,4,4,3,2,0,0,0,0,0,0,0,0,0,0,0,0,0,0,3,3,32
13792.779361,1.272e-25,0.0598,0.075,0,0.75,-0.027586,NaN,NaN,NaN,NaN,NaN,NaN,NaN,NaN,NaN,NaN,NaN,NaN,NaN,NaN,0.08133,0.945,3,6,4,4,3,2,0,0,0,0,0,0,0,0,0,0,0,0,0,0,3,3,32
13792.837251,3.795e-26,0.0598,0.075,0,0.75,-0.027586,NaN,NaN,NaN,NaN,NaN,NaN,NaN,NaN,NaN,NaN,NaN,NaN,NaN,NaN,0.08133,0.945,3,4,4,4,3,2,0,0,0,0,0,0,0,0,0,0,0,0,0,0,3,3,32
13792.880433,4.897e-26,0.0598,0.075,0,0.75,-0.027586,NaN,NaN,NaN,NaN,NaN,NaN,NaN,NaN,NaN,NaN,NaN,NaN,NaN,NaN,0.08133,0.945,3,4,4,4,3,2,0,0,0,0,0,0,0,0,0,0,0,0,0,0,3,3,32
13792.948445,4.125e-26,0.0598,0.075,0,0.75,-0.027586,NaN,NaN,NaN,NaN,NaN,NaN,NaN,NaN,NaN,NaN,NaN,NaN,NaN,NaN,0.08133,0.945,3,4,4,4,3,2,0,0,0,0,0,0,0,0,0,0,0,0,0,0,3,3,32
13793.014531,9.2e-26,0.0598,0.075,0,0.75,-0.027586,NaN,NaN,NaN,NaN,NaN,NaN,NaN,NaN,NaN,NaN,NaN,NaN,NaN,NaN,0.08133,0.945,3,5,4,4,3,2,0,0,0,0,0,0,0,0,0,0,0,0,0,0,3,3,32
13793.98348,7.586e-26,0.0598,0.075,0,0.75,-0.027588,NaN,NaN,NaN,NaN,NaN,NaN,NaN,NaN,NaN,NaN,NaN,NaN,NaN,NaN,0.08133,0.945,3,5,4,4,3,2,0,0,0,0,0,0,0,0,0,0,0,0,0,0,3,3,32
13794.025745,3.89e-26,0.0598,0.075,0,0.75,-0.027588,NaN,NaN,NaN,NaN,NaN,NaN,NaN,NaN,NaN,NaN,NaN,NaN,NaN,NaN,0.08133,0.945,3,4,4,4,3,2,0,0,0,0,0,0,0,0,0,0,0,0,0,0,3,3,32
13795.021305,8.207e-26,0.0598,0.075,0,0.75,-0.02759,NaN,NaN,NaN,NaN,NaN,NaN,NaN,NaN,NaN,NaN,NaN,NaN,NaN,NaN,0.08133,0.945,3,5,4,4,3,2,0,0,0,0,0,0,0,0,0,0,0,0,0,0,3,3,32
13795.061655,3.025e-26,0.0598,0.075,0,0.75,-0.02759,NaN,NaN,NaN,NaN,NaN,NaN,NaN,NaN,NaN,NaN,NaN,NaN,NaN,NaN,0.08133,0.945,3,4,4,4,3,2,0,0,0,0,0,0,0,0,0,0,0,0,0,0,3,3,32
13795.123594,3.398e-26,0.0598,0.075,0,0.75,-0.02759,NaN,NaN,NaN,NaN,NaN,NaN,NaN,NaN,NaN,NaN,NaN,NaN,NaN,NaN,0.08133,0.945,3,4,4,4,3,2,0,0,0,0,0,0,0,0,0,0,0,0,0,0,3,3,32
13795.186594,5.23e-26,0.0598,0.075,0,0.75,-0.02759,NaN,NaN,NaN,NaN,NaN,NaN,NaN,NaN,NaN,NaN,NaN,NaN,NaN,NaN,0.08133,0.945,3,5,4,4,3,2,0,0,0,0,0,0,0,0,0,0,0,0,0,0,3,3,32
13795.235483,7.118e-26,0.0598,0.075,0,0.75,-0.02759,NaN,NaN,NaN,NaN,NaN,NaN,NaN,NaN,NaN,NaN,NaN,NaN,NaN,NaN,0.08133,0.945,3,5,4,4,3,2,0,0,0,0,0,0,0,0,0,0,0,0,0,0,3,3,32
13795.279861,7.438e-26,0.0598,0.075,0,0.75,-0.027591,NaN,NaN,NaN,NaN,NaN,NaN,NaN,NaN,NaN,NaN,NaN,NaN,NaN,NaN,0.08133,0.945,3,5,4,4,3,2,0,0,0,0,0,0,0,0,0,0,0,0,0,0,3,3,32
13795.329171,4.514e-26,0.0598,0.075,0,0.75,-0.027591,NaN,NaN,NaN,NaN,NaN,NaN,NaN,NaN,NaN,NaN,NaN,NaN,NaN,NaN,0.08133,0.945,3,4,4,4,3,2,0,0,0,0,0,0,0,0,0,0,0,0,0,0,3,3,32
13795.373938,2.171e-26,0.0598,0.075,0,0.75,-0.027591,NaN,NaN,NaN,NaN,NaN,NaN,NaN,NaN,NaN,NaN,NaN,NaN,NaN,NaN,0.08133,0.945,3,3,4,4,3,2,0,0,0,0,0,0,0,0,0,0,0,0,0,0,3,3,32
13795.451257,5.196e-26,0.0598,0.075,0,0.75,-0.027591,NaN,NaN,NaN,NaN,NaN,NaN,NaN,NaN,NaN,NaN,NaN,NaN,NaN,NaN,0.08133,0.945,3,5,4,4,3,2,0,0,0,0,0,0,0,0,0,0,0,0,0,0,3,3,32
13795.47994,1.505e-26,0.0598,0.075,0,0.75,-0.027591,NaN,NaN,NaN,NaN,NaN,NaN,NaN,NaN,NaN,NaN,NaN,NaN,NaN,NaN,0.08133,0.945,3,3,4,4,3,2,0,0,0,0,0,0,0,0,0,0,0,0,0,0,3,3,32
13796.622467,8.797e-26,0.0598,0.075,0,0.75,-0.027593,NaN,NaN,NaN,NaN,NaN,NaN,NaN,NaN,NaN,NaN,NaN,NaN,NaN,NaN,0.08133,0.945,3,5,4,4,3,2,0,0,0,0,0,0,0,0,0,0,0,0,0,0,3,3,32
13796.780137,4.76e-26,0.0598,0.075,0,0.75,-0.027594,NaN,NaN,NaN,NaN,NaN,NaN,NaN,NaN,NaN,NaN,NaN,NaN,NaN,NaN,0.08133,0.945,3,4,4,4,3,2,0,0,0,0,0,0,0,0,0,0,0,0,0,0,3,3,32
13796.99189,1.112e-25,0.0598,0.075,0,0.75,-0.027594,NaN,NaN,NaN,NaN,NaN,NaN,NaN,NaN,NaN,NaN,NaN,NaN,NaN,NaN,0.08133,0.945,3,6,4,4,3,2,0,0,0,0,0,0,0,0,0,0,0,0,0,0,3,3,32
13797.216595,7.615e-26,0.0598,0.075,0,0.75,-0.027594,NaN,NaN,NaN,NaN,NaN,NaN,NaN,NaN,NaN,NaN,NaN,NaN,NaN,NaN,0.08133,0.945,3,5,4,4,3,2,0,0,0,0,0,0,0,0,0,0,0,0,0,0,3,3,32
13797.284054,8.526e-26,0.0598,0.075,0,0.75,-0.027595,NaN,NaN,NaN,NaN,NaN,NaN,NaN,NaN,NaN,NaN,NaN,NaN,NaN,NaN,0.08133,0.945,3,5,4,4,3,2,0,0,0,0,0,0,0,0,0,0,0,0,0,0,3,3,32
13797.341831,3.35e-26,0.0598,0.075,0,0.75,-0.027595,NaN,NaN,NaN,NaN,NaN,NaN,NaN,NaN,NaN,NaN,NaN,NaN,NaN,NaN,0.08133,0.945,3,4,4,4,3,2,0,0,0,0,0,0,0,0,0,0,0,0,0,0,3,3,32
13797.461628,2.261e-26,0.0598,0.075,0,0.75,-0.027595,NaN,NaN,NaN,NaN,NaN,NaN,NaN,NaN,NaN,NaN,NaN,NaN,NaN,NaN,0.08133,0.945,3,3,4,4,3,2,0,0,0,0,0,0,0,0,0,0,0,0,0,0,3,3,32
13797.526509,7.275e-26,0.0598,0.075,0,0.75,-0.027595,NaN,NaN,NaN,NaN,NaN,NaN,NaN,NaN,NaN,NaN,NaN,NaN,NaN,NaN,0.08133,0.945,3,5,4,4,3,2,0,0,0,0,0,0,0,0,0,0,0,0,0,0,3,3,32
13797.575188,4.869e-26,0.0598,0.075,0,0.75,-0.027595,NaN,NaN,NaN,NaN,NaN,NaN,NaN,NaN,NaN,NaN,NaN,NaN,NaN,NaN,0.08133,0.945,3,4,4,4,3,2,0,0,0,0,0,0,0,0,0,0,0,0,0,0,3,3,32
13797.801723,7.077e-26,0.0598,0.075,0,0.75,-0.027596,NaN,NaN,NaN,NaN,NaN,NaN,NaN,NaN,NaN,NaN,NaN,NaN,NaN,NaN,0.08133,0.945,3,5,4,4,3,2,0,0,0,0,0,0,0,0,0,0,0,0,0,0,3,3,32
13797.835646,3.818e-26,0.0598,0.075,0,0.75,-0.027596,NaN,NaN,NaN,NaN,NaN,NaN,NaN,NaN,NaN,NaN,NaN,NaN,NaN,NaN,0.08133,0.945,3,4,4,4,3,2,0,0,0,0,0,0,0,0,0,0,0,0,0,0,3,3,32
13798.019503,9.058e-26,0.0598,0.075,0,0.75,-0.027596,NaN,NaN,NaN,NaN,NaN,NaN,NaN,NaN,NaN,NaN,NaN,NaN,NaN,NaN,0.08133,0.945,3,5,4,4,3,2,0,0,0,0,0,0,0,0,0,0,0,0,0,0,3,3,32
13798.067419,7.05e-26,0.0598,0.075,0,0.75,-0.027596,NaN,NaN,NaN,NaN,NaN,NaN,NaN,NaN,NaN,NaN,NaN,NaN,NaN,NaN,0.08133,0.945,3,5,4,4,3,2,0,0,0,0,0,0,0,0,0,0,0,0,0,0,3,3,32
13798.15127,8.374e-26,0.0598,0.075,0,0.75,-0.027596,NaN,NaN,NaN,NaN,NaN,NaN,NaN,NaN,NaN,NaN,NaN,NaN,NaN,NaN,0.08133,0.945,3,5,4,4,3,2,0,0,0,0,0,0,0,0,0,0,0,0,0,0,3,3,32
13798.208278,8.958e-26,0.0598,0.075,0,0.75,-0.027596,NaN,NaN,NaN,NaN,NaN,NaN,NaN,NaN,NaN,NaN,NaN,NaN,NaN,NaN,0.08133,0.945,3,5,4,4,3,2,0,0,0,0,0,0,0,0,0,0,0,0,0,0,3,3,32
13798.905688,7.942e-26,0.0598,0.075,0,0.75,-0.027598,NaN,NaN,NaN,NaN,NaN,NaN,NaN,NaN,NaN,NaN,NaN,NaN,NaN,NaN,0.08133,0.945,3,5,4,4,3,2,0,0,0,0,0,0,0,0,0,0,0,0,0,0,3,3,32
13798.946553,1.049e-26,0.0598,0.075,0,0.75,-0.027598,NaN,NaN,NaN,NaN,NaN,NaN,NaN,NaN,NaN,NaN,NaN,NaN,NaN,NaN,0.08133,0.945,3,3,4,4,3,2,0,0,0,0,0,0,0,0,0,0,0,0,0,0,3,3,32
13800.108148,7.17e-26,0.0598,0.075,0,0.75,-0.0276,NaN,NaN,NaN,NaN,NaN,NaN,NaN,NaN,NaN,NaN,NaN,NaN,NaN,NaN,0.08133,0.945,3,5,4,4,3,2,0,0,0,0,0,0,0,0,0,0,0,0,0,0,3,3,32
13800.167112,2.142e-26,0.0598,0.075,0,0.75,-0.0276,NaN,NaN,NaN,NaN,NaN,NaN,NaN,NaN,NaN,NaN,NaN,NaN,NaN,NaN,0.08133,0.945,3,3,4,4,3,2,0,0,0,0,0,0,0,0,0,0,0,0,0,0,3,3,32
13800.208794,1.391e-26,0.0598,0.075,0,0.75,-0.0276,NaN,NaN,NaN,NaN,NaN,NaN,NaN,NaN,NaN,NaN,NaN,NaN,NaN,NaN,0.08133,0.945,3,3,4,4,3,2,0,0,0,0,0,0,0,0,0,0,0,0,0,0,3,3,32
13801.174055,3.49e-26,0.0598,0.075,0,0.75,-0.027602,NaN,NaN,NaN,NaN,NaN,NaN,NaN,NaN,NaN,NaN,NaN,NaN,NaN,NaN,0.08133,0.945,3,4,4,4,3,2,0,0,0,0,0,0,0,0,0,0,0,0,0,0,3,3,32
13801.215704,3.291e-26,0.0598,0.075,0,0.75,-0.027602,NaN,NaN,NaN,NaN,NaN,NaN,NaN,NaN,NaN,NaN,NaN,NaN,NaN,NaN,0.08133,0.945,3,4,4,4,3,2,0,0,0,0,0,0,0,0,0,0,0,0,0,0,3,3,32
13801.26358,3.736e-26,0.0598,0.075,0,0.75,-0.027603,NaN,NaN,NaN,NaN,NaN,NaN,NaN,NaN,NaN,NaN,NaN,NaN,NaN,NaN,0.08133,0.945,3,4,4,4,3,2,0,0,0,0,0,0,0,0,0,0,0,0,0,0,3,3,32
13801.32888,5.416e-26,0.0598,0.075,0,0.75,-0.027603,NaN,NaN,NaN,NaN,NaN,NaN,NaN,NaN,NaN,NaN,NaN,NaN,NaN,NaN,0.08133,0.945,3,5,4,4,3,2,0,0,0,0,0,0,0,0,0,0,0,0,0,0,3,3,32
13801.392613,2.887e-26,0.0598,0.075,0,0.75,-0.027603,NaN,NaN,NaN,NaN,NaN,NaN,NaN,NaN,NaN,NaN,NaN,NaN,NaN,NaN,0.08133,0.945,3,4,4,4,3,2,0,0,0,0,0,0,0,0,0,0,0,0,0,0,3,3,32
13801.435206,3.252e-26,0.0598,0.075,0,0.75,-0.027603,NaN,NaN,NaN,NaN,NaN,NaN,NaN,NaN,NaN,NaN,NaN,NaN,NaN,NaN,0.08133,0.945,3,4,4,4,3,2,0,0,0,0,0,0,0,0,0,0,0,0,0,0,3,3,32
13801.533967,1.236e-26,0.0598,0.075,0,0.75,-0.027603,NaN,NaN,NaN,NaN,NaN,NaN,NaN,NaN,NaN,NaN,NaN,NaN,NaN,NaN,0.08133,0.945,3,3,4,4,3,2,0,0,0,0,0,0,0,0,0,0,0,0,0,0,3,3,32
13801.574532,3.318e-26,0.0598,0.075,0,0.75,-0.027603,NaN,NaN,NaN,NaN,NaN,NaN,NaN,NaN,NaN,NaN,NaN,NaN,NaN,NaN,0.08133,0.945,3,4,4,4,3,2,0,0,0,0,0,0,0,0,0,0,0,0,0,0,3,3,32
13801.656291,2.282e-26,0.0598,0.075,0,0.75,-0.027603,NaN,NaN,NaN,NaN,NaN,NaN,NaN,NaN,NaN,NaN,NaN,NaN,NaN,NaN,0.08133,0.945,3,3,4,4,3,2,0,0,0,0,0,0,0,0,0,0,0,0,0,0,3,3,32
13801.715985,7.362e-26,0.0598,0.075,0,0.75,-0.027603,NaN,NaN,NaN,NaN,NaN,NaN,NaN,NaN,NaN,NaN,NaN,NaN,NaN,NaN,0.08133,0.945,3,5,4,4,3,2,0,0,0,0,0,0,0,0,0,0,0,0,0,0,3,3,32
13801.814534,1.84e-26,0.0598,0.075,0,0.75,-0.027604,NaN,NaN,NaN,NaN,NaN,NaN,NaN,NaN,NaN,NaN,NaN,NaN,NaN,NaN,0.08133,0.945,3,3,4,4,3,2,0,0,0,0,0,0,0,0,0,0,0,0,0,0,3,3,32
13801.854034,3.421e-26,0.0598,0.075,0,0.75,-0.027604,NaN,NaN,NaN,NaN,NaN,NaN,NaN,NaN,NaN,NaN,NaN,NaN,NaN,NaN,0.08133,0.945,3,4,4,4,3,2,0,0,0,0,0,0,0,0,0,0,0,0,0,0,3,3,32
13802.061366,3.46e-26,0.0598,0.075,0,0.75,-0.027604,NaN,NaN,NaN,NaN,NaN,NaN,NaN,NaN,NaN,NaN,NaN,NaN,NaN,NaN,0.08133,0.945,3,4,4,4,3,2,0,0,0,0,0,0,0,0,0,0,0,0,0,0,3,3,32
13802.115471,3.526e-26,0.0598,0.075,0,0.75,-0.027604,NaN,NaN,NaN,NaN,NaN,NaN,NaN,NaN,NaN,NaN,NaN,NaN,NaN,NaN,0.08133,0.945,3,4,4,4,3,2,0,0,0,0,0,0,0,0,0,0,0,0,0,0,3,3,32
13802.170056,4.883e-26,0.0598,0.075,0,0.75,-0.027604,NaN,NaN,NaN,NaN,NaN,NaN,NaN,NaN,NaN,NaN,NaN,NaN,NaN,NaN,0.08133,0.945,3,4,4,4,3,2,0,0,0,0,0,0,0,0,0,0,0,0,0,0,3,3,32
13802.207646,2.927e-26,0.0598,0.075,0,0.75,-0.027604,NaN,NaN,NaN,NaN,NaN,NaN,NaN,NaN,NaN,NaN,NaN,NaN,NaN,NaN,0.08133,0.945,3,4,4,4,3,2,0,0,0,0,0,0,0,0,0,0,0,0,0,0,3,3,32
13802.259066,2.298e-26,0.0598,0.075,0,0.75,-0.027605,NaN,NaN,NaN,NaN,NaN,NaN,NaN,NaN,NaN,NaN,NaN,NaN,NaN,NaN,0.08133,0.945,3,3,4,4,3,2,0,0,0,0,0,0,0,0,0,0,0,0,0,0,3,3,32
13802.309615,1.371e-26,0.0598,0.075,0,0.75,-0.027605,NaN,NaN,NaN,NaN,NaN,NaN,NaN,NaN,NaN,NaN,NaN,NaN,NaN,NaN,0.08133,0.945,3,3,4,4,3,2,0,0,0,0,0,0,0,0,0,0,0,0,0,0,3,3,32
13804.16446,1.216e-26,0.0598,0.075,0,0.75,-0.027608,NaN,NaN,NaN,NaN,NaN,NaN,NaN,NaN,NaN,NaN,NaN,NaN,NaN,NaN,0.08133,0.945,3,3,4,4,3,2,0,0,0,0,0,0,0,0,0,0,0,0,0,0,3,3,32
13804.220541,4.484e-26,0.0598,0.075,0,0.75,-0.027608,NaN,NaN,NaN,NaN,NaN,NaN,NaN,NaN,NaN,NaN,NaN,NaN,NaN,NaN,0.08133,0.945,3,4,4,4,3,2,0,0,0,0,0,0,0,0,0,0,0,0,0,0,3,3,32
13804.258887,3.284e-26,0.0598,0.075,0,0.75,-0.027609,NaN,NaN,NaN,NaN,NaN,NaN,NaN,NaN,NaN,NaN,NaN,NaN,NaN,NaN,0.08133,0.945,3,4,4,4,3,2,0,0,0,0,0,0,0,0,0,0,0,0,0,0,3,3,32
13804.306145,1.34e-26,0.0598,0.075,0,0.75,-0.027609,NaN,NaN,NaN,NaN,NaN,NaN,NaN,NaN,NaN,NaN,NaN,NaN,NaN,NaN,0.08133,0.945,3,3,4,4,3,2,0,0,0,0,0,0,0,0,0,0,0,0,0,0,3,3,32
13805.137933,8.649e-26,0.0598,0.075,0,0.75,-0.02761,NaN,NaN,NaN,NaN,NaN,NaN,NaN,NaN,NaN,NaN,NaN,NaN,NaN,NaN,0.08133,0.945,3,5,4,4,3,2,0,0,0,0,0,0,0,0,0,0,0,0,0,0,3,3,32
13805.246071,1.101e-25,0.0598,0.075,0,0.75,-0.02761,NaN,NaN,NaN,NaN,NaN,NaN,NaN,NaN,NaN,NaN,NaN,NaN,NaN,NaN,0.08133,0.945,3,6,4,4,3,2,0,0,0,0,0,0,0,0,0,0,0,0,0,0,3,3,32
13805.626447,2.65e-26,0.0598,0.075,0,0.75,-0.027611,NaN,NaN,NaN,NaN,NaN,NaN,NaN,NaN,NaN,NaN,NaN,NaN,NaN,NaN,0.08133,0.945,3,4,4,4,3,2,0,0,0,0,0,0,0,0,0,0,0,0,0,0,3,3,32
13805.731645,5.316e-26,0.0598,0.075,0,0.75,-0.027611,NaN,NaN,NaN,NaN,NaN,NaN,NaN,NaN,NaN,NaN,NaN,NaN,NaN,NaN,0.08133,0.945,3,5,4,4,3,2,0,0,0,0,0,0,0,0,0,0,0,0,0,0,3,3,32
13805.872728,1.211e-26,0.0598,0.075,0,0.75,-0.027612,NaN,NaN,NaN,NaN,NaN,NaN,NaN,NaN,NaN,NaN,NaN,NaN,NaN,NaN,0.08133,0.945,3,3,4,4,3,2,0,0,0,0,0,0,0,0,0,0,0,0,0,0,3,3,32
13805.912413,4.197e-26,0.0598,0.075,0,0.75,-0.027612,NaN,NaN,NaN,NaN,NaN,NaN,NaN,NaN,NaN,NaN,NaN,NaN,NaN,NaN,0.08133,0.945,3,4,4,4,3,2,0,0,0,0,0,0,0,0,0,0,0,0,0,0,3,3,32
13805.998888,3.057e-26,0.0598,0.075,0,0.75,-0.027612,NaN,NaN,NaN,NaN,NaN,NaN,NaN,NaN,NaN,NaN,NaN,NaN,NaN,NaN,0.08133,0.945,3,4,4,4,3,2,0,0,0,0,0,0,0,0,0,0,0,0,0,0,3,3,32
13806.055549,6.327e-26,0.0598,0.075,0,0.75,-0.027612,NaN,NaN,NaN,NaN,NaN,NaN,NaN,NaN,NaN,NaN,NaN,NaN,NaN,NaN,0.08133,0.945,3,5,4,4,3,2,0,0,0,0,0,0,0,0,0,0,0,0,0,0,3,3,32
13806.118729,6.585e-26,0.0598,0.075,0,0.75,-0.027612,NaN,NaN,NaN,NaN,NaN,NaN,NaN,NaN,NaN,NaN,NaN,NaN,NaN,NaN,0.08133,0.945,3,5,4,4,3,2,0,0,0,0,0,0,0,0,0,0,0,0,0,0,3,3,32
13806.422555,3.799e-26,0.0598,0.075,0,0.75,-0.027613,NaN,NaN,NaN,NaN,NaN,NaN,NaN,NaN,NaN,NaN,NaN,NaN,NaN,NaN,0.08133,0.945,3,4,4,4,3,2,0,0,0,0,0,0,0,0,0,0,0,0,0,0,3,3,32
13806.461338,4.417e-26,0.0598,0.075,0,0.75,-0.027613,NaN,NaN,NaN,NaN,NaN,NaN,NaN,NaN,NaN,NaN,NaN,NaN,NaN,NaN,0.08133,0.945,3,4,4,4,3,2,0,0,0,0,0,0,0,0,0,0,0,0,0,0,3,3,32
13806.510272,3.011e-26,0.0598,0.075,0,0.75,-0.027613,NaN,NaN,NaN,NaN,NaN,NaN,NaN,NaN,NaN,NaN,NaN,NaN,NaN,NaN,0.08133,0.945,3,4,4,4,3,2,0,0,0,0,0,0,0,0,0,0,0,0,0,0,3,3,32
13806.548262,1.491e-26,0.0598,0.075,0,0.75,-0.027613,NaN,NaN,NaN,NaN,NaN,NaN,NaN,NaN,NaN,NaN,NaN,NaN,NaN,NaN,0.08133,0.945,3,3,4,4,3,2,0,0,0,0,0,0,0,0,0,0,0,0,0,0,3,3,32
13806.948125,1.552e-26,0.0598,0.075,0,0.75,-0.027614,NaN,NaN,NaN,NaN,NaN,NaN,NaN,NaN,NaN,NaN,NaN,NaN,NaN,NaN,0.08133,0.945,3,3,4,4,3,2,0,0,0,0,0,0,0,0,0,0,0,0,0,0,3,3,32
13807.000169,7.271e-26,0.0598,0.075,0,0.75,-0.027614,NaN,NaN,NaN,NaN,NaN,NaN,NaN,NaN,NaN,NaN,NaN,NaN,NaN,NaN,0.08133,0.945,3,5,4,4,3,2,0,0,0,0,0,0,0,0,0,0,0,0,0,0,3,3,32
13807.03819,5.566e-26,0.0598,0.075,0,0.75,-0.027614,NaN,NaN,NaN,NaN,NaN,NaN,NaN,NaN,NaN,NaN,NaN,NaN,NaN,NaN,0.08133,0.945,3,5,4,4,3,2,0,0,0,0,0,0,0,0,0,0,0,0,0,0,3,3,32
13807.093564,2.311e-26,0.0598,0.075,0,0.75,-0.027614,NaN,NaN,NaN,NaN,NaN,NaN,NaN,NaN,NaN,NaN,NaN,NaN,NaN,NaN,0.08133,0.945,3,3,4,4,3,2,0,0,0,0,0,0,0,0,0,0,0,0,0,0,3,3,32
13808.634061,5.931e-26,0.0598,0.075,0,0.75,-0.027617,NaN,NaN,NaN,NaN,NaN,NaN,NaN,NaN,NaN,NaN,NaN,NaN,NaN,NaN,0.08133,0.945,3,5,4,4,3,2,0,0,0,0,0,0,0,0,0,0,0,0,0,0,3,3,32
13808.688837,1.005e-25,0.0598,0.075,0,0.75,-0.027617,NaN,NaN,NaN,NaN,NaN,NaN,NaN,NaN,NaN,NaN,NaN,NaN,NaN,NaN,0.08133,0.945,3,6,4,4,3,2,0,0,0,0,0,0,0,0,0,0,0,0,0,0,3,3,32
13809.832709,1.218e-25,0.0598,0.075,0,0.75,-0.02762,NaN,NaN,NaN,NaN,NaN,NaN,NaN,NaN,NaN,NaN,NaN,NaN,NaN,NaN,0.08133,0.945,3,6,4,4,3,2,0,0,0,0,0,0,0,0,0,0,0,0,0,0,3,3,32
13809.912253,4.148e-26,0.0598,0.075,0,0.75,-0.02762,NaN,NaN,NaN,NaN,NaN,NaN,NaN,NaN,NaN,NaN,NaN,NaN,NaN,NaN,0.08133,0.945,3,4,4,4,3,2,0,0,0,0,0,0,0,0,0,0,0,0,0,0,3,3,32
13810.214523,1.275e-25,0.0598,0.075,0,0.75,-0.02762,NaN,NaN,NaN,NaN,NaN,NaN,NaN,NaN,NaN,NaN,NaN,NaN,NaN,NaN,0.08133,0.945,3,6,4,4,3,2,0,0,0,0,0,0,0,0,0,0,0,0,0,0,3,3,32
13810.277731,3.772e-26,0.0598,0.075,0,0.75,-0.027621,NaN,NaN,NaN,NaN,NaN,NaN,NaN,NaN,NaN,NaN,NaN,NaN,NaN,NaN,0.08133,0.945,3,4,4,4,3,2,0,0,0,0,0,0,0,0,0,0,0,0,0,0,3,3,32
13810.516308,8.716e-26,0.0598,0.075,0,0.75,-0.027621,NaN,NaN,NaN,NaN,NaN,NaN,NaN,NaN,NaN,NaN,NaN,NaN,NaN,NaN,0.08133,0.945,3,5,4,4,3,2,0,0,0,0,0,0,0,0,0,0,0,0,0,0,3,3,32
13810.574628,2.871e-26,0.0598,0.075,0,0.75,-0.027621,NaN,NaN,NaN,NaN,NaN,NaN,NaN,NaN,NaN,NaN,NaN,NaN,NaN,NaN,0.08133,0.945,3,4,4,4,3,2,0,0,0,0,0,0,0,0,0,0,0,0,0,0,3,3,32
13810.887276,8.49e-26,0.0598,0.075,0,0.75,-0.027622,NaN,NaN,NaN,NaN,NaN,NaN,NaN,NaN,NaN,NaN,NaN,NaN,NaN,NaN,0.08133,0.945,3,5,4,4,3,2,0,0,0,0,0,0,0,0,0,0,0,0,0,0,3,3,32
13811.469107,8.872e-27,0.0598,0.075,0,0.75,-0.027623,NaN,NaN,NaN,NaN,NaN,NaN,NaN,NaN,NaN,NaN,NaN,NaN,NaN,NaN,0.08133,0.945,3,3,4,4,3,2,0,0,0,0,0,0,0,0,0,0,0,0,0,0,3,3,32
13811.502576,1.762e-26,0.0598,0.075,0,0.75,-0.027623,NaN,NaN,NaN,NaN,NaN,NaN,NaN,NaN,NaN,NaN,NaN,NaN,NaN,NaN,0.08133,0.945,3,3,4,4,3,2,0,0,0,0,0,0,0,0,0,0,0,0,0,0,3,3,32
13811.555689,8.999e-26,0.0598,0.075,0,0.75,-0.027623,NaN,NaN,NaN,NaN,NaN,NaN,NaN,NaN,NaN,NaN,NaN,NaN,NaN,NaN,0.08133,0.945,3,5,4,4,3,2,0,0,0,0,0,0,0,0,0,0,0,0,0,0,3,3,32
13811.59837,2.096e-26,0.0598,0.075,0,0.75,-0.027623,NaN,NaN,NaN,NaN,NaN,NaN,NaN,NaN,NaN,NaN,NaN,NaN,NaN,NaN,0.08133,0.945,3,3,4,4,3,2,0,0,0,0,0,0,0,0,0,0,0,0,0,0,3,3,32
13812.792682,4.258e-26,0.0598,0.075,0,0.75,-0.027626,NaN,NaN,NaN,NaN,NaN,NaN,NaN,NaN,NaN,NaN,NaN,NaN,NaN,NaN,0.08133,0.945,3,4,4,4,3,2,0,0,0,0,0,0,0,0,0,0,0,0,0,0,3,3,32
13812.873099,1.001e-25,0.0598,0.075,0,0.75,-0.027626,NaN,NaN,NaN,NaN,NaN,NaN,NaN,NaN,NaN,NaN,NaN,NaN,NaN,NaN,0.08133,0.945,3,6,4,4,3,2,0,0,0,0,0,0,0,0,0,0,0,0,0,0,3,3,32
13812.936143,2.908e-26,0.0598,0.075,0,0.75,-0.027626,NaN,NaN,NaN,NaN,NaN,NaN,NaN,NaN,NaN,NaN,NaN,NaN,NaN,NaN,0.08133,0.945,3,4,4,4,3,2,0,0,0,0,0,0,0,0,0,0,0,0,0,0,3,3,32
13813.054228,1.514e-26,0.0598,0.075,0,0.75,-0.027626,NaN,NaN,NaN,NaN,NaN,NaN,NaN,NaN,NaN,NaN,NaN,NaN,NaN,NaN,0.08133,0.945,3,3,4,4,3,2,0,0,0,0,0,0,0,0,0,0,0,0,0,0,3,3,32
13813.088815,4.217e-26,0.0598,0.075,0,0.75,-0.027626,NaN,NaN,NaN,NaN,NaN,NaN,NaN,NaN,NaN,NaN,NaN,NaN,NaN,NaN,0.08133,0.945,3,4,4,4,3,2,0,0,0,0,0,0,0,0,0,0,0,0,0,0,3,3,32
13813.130507,5.713e-26,0.0598,0.075,0,0.75,-0.027626,NaN,NaN,NaN,NaN,NaN,NaN,NaN,NaN,NaN,NaN,NaN,NaN,NaN,NaN,0.08133,0.945,3,5,4,4,3,2,0,0,0,0,0,0,0,0,0,0,0,0,0,0,3,3,32
13813.178207,2.4e-26,0.0598,0.075,0,0.75,-0.027626,NaN,NaN,NaN,NaN,NaN,NaN,NaN,NaN,NaN,NaN,NaN,NaN,NaN,NaN,0.08133,0.945,3,3,4,4,3,2,0,0,0,0,0,0,0,0,0,0,0,0,0,0,3,3,32
13814.09494,2.25e-26,0.0598,0.075,0,0.75,-0.027628,NaN,NaN,NaN,NaN,NaN,NaN,NaN,NaN,NaN,NaN,NaN,NaN,NaN,NaN,0.08133,0.945,3,3,4,4,3,2,0,0,0,0,0,0,0,0,0,0,0,0,0,0,3,3,32
13814.140986,3.69e-26,0.0598,0.075,0,0.75,-0.027628,NaN,NaN,NaN,NaN,NaN,NaN,NaN,NaN,NaN,NaN,NaN,NaN,NaN,NaN,0.08133,0.945,3,4,4,4,3,2,0,0,0,0,0,0,0,0,0,0,0,0,0,0,3,3,32
13814.22378,9.823e-27,0.0598,0.075,0,0.75,-0.027628,NaN,NaN,NaN,NaN,NaN,NaN,NaN,NaN,NaN,NaN,NaN,NaN,NaN,NaN,0.08133,0.945,3,3,4,4,3,2,0,0,0,0,0,0,0,0,0,0,0,0,0,0,3,3,32
13814.255254,2.852e-26,0.0598,0.075,0,0.75,-0.027629,NaN,NaN,NaN,NaN,NaN,NaN,NaN,NaN,NaN,NaN,NaN,NaN,NaN,NaN,0.08133,0.945,3,4,4,4,3,2,0,0,0,0,0,0,0,0,0,0,0,0,0,0,3,3,32
13814.597786,3.907e-26,0.0598,0.075,0,0.75,-0.027629,NaN,NaN,NaN,NaN,NaN,NaN,NaN,NaN,NaN,NaN,NaN,NaN,NaN,NaN,0.08133,0.945,3,4,4,4,3,2,0,0,0,0,0,0,0,0,0,0,0,0,0,0,3,3,32
13814.648449,9.15e-26,0.0598,0.075,0,0.75,-0.027629,NaN,NaN,NaN,NaN,NaN,NaN,NaN,NaN,NaN,NaN,NaN,NaN,NaN,NaN,0.08133,0.945,3,5,4,4,3,2,0,0,0,0,0,0,0,0,0,0,0,0,0,0,3,3,32
13814.704568,9.247e-27,0.0598,0.075,0,0.75,-0.027629,NaN,NaN,NaN,NaN,NaN,NaN,NaN,NaN,NaN,NaN,NaN,NaN,NaN,NaN,0.08133,0.945,3,3,4,4,3,2,0,0,0,0,0,0,0,0,0,0,0,0,0,0,3,3,32
13817.700569,6.98e-26,0.0598,0.075,0,0.75,-0.027635,NaN,NaN,NaN,NaN,NaN,NaN,NaN,NaN,NaN,NaN,NaN,NaN,NaN,NaN,0.08133,0.945,3,5,4,4,3,2,0,0,0,0,0,0,0,0,0,0,0,0,0,0,3,3,32
13818.303586,5.153e-26,0.0598,0.075,0,0.75,-0.027637,NaN,NaN,NaN,NaN,NaN,NaN,NaN,NaN,NaN,NaN,NaN,NaN,NaN,NaN,0.08133,0.945,3,5,4,4,3,2,0,0,0,0,0,0,0,0,0,0,0,0,0,0,3,3,32
13818.356279,3.644e-26,0.0598,0.075,0,0.75,-0.027637,NaN,NaN,NaN,NaN,NaN,NaN,NaN,NaN,NaN,NaN,NaN,NaN,NaN,NaN,0.08133,0.945,3,4,4,4,3,2,0,0,0,0,0,0,0,0,0,0,0,0,0,0,3,3,32
13818.401851,5.072e-26,0.0598,0.075,0,0.75,-0.027637,NaN,NaN,NaN,NaN,NaN,NaN,NaN,NaN,NaN,NaN,NaN,NaN,NaN,NaN,0.08133,0.945,3,5,4,4,3,2,0,0,0,0,0,0,0,0,0,0,0,0,0,0,3,3,32
13818.462561,3.944e-26,0.0598,0.075,0,0.75,-0.027637,NaN,NaN,NaN,NaN,NaN,NaN,NaN,NaN,NaN,NaN,NaN,NaN,NaN,NaN,0.08133,0.945,3,4,4,4,3,2,0,0,0,0,0,0,0,0,0,0,0,0,0,0,3,3,32
13818.49968,3.578e-26,0.0598,0.075,0,0.75,-0.027637,NaN,NaN,NaN,NaN,NaN,NaN,NaN,NaN,NaN,NaN,NaN,NaN,NaN,NaN,0.08133,0.945,3,4,4,4,3,2,0,0,0,0,0,0,0,0,0,0,0,0,0,0,3,3,32
13819.855922,7.72e-26,0.0598,0.075,0,0.75,-0.02764,NaN,NaN,NaN,NaN,NaN,NaN,NaN,NaN,NaN,NaN,NaN,NaN,NaN,NaN,0.08133,0.945,3,5,4,4,3,2,0,0,0,0,0,0,0,0,0,0,0,0,0,0,3,3,32
13820.081116,9.64e-26,0.0598,0.075,0,0.75,-0.02764,NaN,NaN,NaN,NaN,NaN,NaN,NaN,NaN,NaN,NaN,NaN,NaN,NaN,NaN,0.08133,0.945,3,5,4,4,3,2,0,0,0,0,0,0,0,0,0,0,0,0,0,0,3,3,32
13820.266808,2.726e-26,0.0598,0.075,0,0.75,-0.027641,NaN,NaN,NaN,NaN,NaN,NaN,NaN,NaN,NaN,NaN,NaN,NaN,NaN,NaN,0.08133,0.945,3,4,4,4,3,2,0,0,0,0,0,0,0,0,0,0,0,0,0,0,3,3,32
13820.318481,5.205e-26,0.0598,0.075,0,0.75,-0.027641,NaN,NaN,NaN,NaN,NaN,NaN,NaN,NaN,NaN,NaN,NaN,NaN,NaN,NaN,0.08133,0.945,3,5,4,4,3,2,0,0,0,0,0,0,0,0,0,0,0,0,0,0,3,3,32
13820.43766,5.472e-26,0.0598,0.075,0,0.75,-0.027641,NaN,NaN,NaN,NaN,NaN,NaN,NaN,NaN,NaN,NaN,NaN,NaN,NaN,NaN,0.08133,0.945,3,5,4,4,3,2,0,0,0,0,0,0,0,0,0,0,0,0,0,0,3,3,32
13820.476746,7.142e-26,0.0598,0.075,0,0.75,-0.027641,NaN,NaN,NaN,NaN,NaN,NaN,NaN,NaN,NaN,NaN,NaN,NaN,NaN,NaN,0.08133,0.945,3,5,4,4,3,2,0,0,0,0,0,0,0,0,0,0,0,0,0,0,3,3,32
13820.944388,5.283e-26,0.0598,0.075,0,0.75,-0.027642,NaN,NaN,NaN,NaN,NaN,NaN,NaN,NaN,NaN,NaN,NaN,NaN,NaN,NaN,0.08133,0.945,3,5,4,4,3,2,0,0,0,0,0,0,0,0,0,0,0,0,0,0,3,3,32
13820.998393,9.87e-27,0.0598,0.075,0,0.75,-0.027642,NaN,NaN,NaN,NaN,NaN,NaN,NaN,NaN,NaN,NaN,NaN,NaN,NaN,NaN,0.08133,0.945,3,3,4,4,3,2,0,0,0,0,0,0,0,0,0,0,0,0,0,0,3,3,32
13821.041413,3.731e-26,0.0598,0.075,0,0.75,-0.027642,NaN,NaN,NaN,NaN,NaN,NaN,NaN,NaN,NaN,NaN,NaN,NaN,NaN,NaN,0.08133,0.945,3,4,4,4,3,2,0,0,0,0,0,0,0,0,0,0,0,0,0,0,3,3,32
13821.088026,3.413e-26,0.0598,0.075,0,0.75,-0.027642,NaN,NaN,NaN,NaN,NaN,NaN,NaN,NaN,NaN,NaN,NaN,NaN,NaN,NaN,0.08133,0.945,3,4,4,4,3,2,0,0,0,0,0,0,0,0,0,0,0,0,0,0,3,3,32
13821.125356,1.409e-26,0.0598,0.075,0,0.75,-0.027642,NaN,NaN,NaN,NaN,NaN,NaN,NaN,NaN,NaN,NaN,NaN,NaN,NaN,NaN,0.08133,0.945,3,3,4,4,3,2,0,0,0,0,0,0,0,0,0,0,0,0,0,0,3,3,32
13821.487096,1.004e-25,0.0598,0.075,0,0.75,-0.027643,NaN,NaN,NaN,NaN,NaN,NaN,NaN,NaN,NaN,NaN,NaN,NaN,NaN,NaN,0.08133,0.945,3,6,4,4,3,2,0,0,0,0,0,0,0,0,0,0,0,0,0,0,3,3,32
13821.553647,1.204e-26,0.0598,0.075,0,0.75,-0.027643,NaN,NaN,NaN,NaN,NaN,NaN,NaN,NaN,NaN,NaN,NaN,NaN,NaN,NaN,0.08133,0.945,3,3,4,4,3,2,0,0,0,0,0,0,0,0,0,0,0,0,0,0,3,3,32
13821.823784,1.159e-26,0.0598,0.075,0,0.75,-0.027644,NaN,NaN,NaN,NaN,NaN,NaN,NaN,NaN,NaN,NaN,NaN,NaN,NaN,NaN,0.08133,0.945,3,3,4,4,3,2,0,0,0,0,0,0,0,0,0,0,0,0,0,0,3,3,32
13821.870661,4.214e-26,0.0598,0.075,0,0.75,-0.027644,NaN,NaN,NaN,NaN,NaN,NaN,NaN,NaN,NaN,NaN,NaN,NaN,NaN,NaN,0.08133,0.945,3,4,4,4,3,2,0,0,0,0,0,0,0,0,0,0,0,0,0,0,3,3,32
13821.925232,6.636e-26,0.0598,0.075,0,0.75,-0.027644,NaN,NaN,NaN,NaN,NaN,NaN,NaN,NaN,NaN,NaN,NaN,NaN,NaN,NaN,0.08133,0.945,3,5,4,4,3,2,0,0,0,0,0,0,0,0,0,0,0,0,0,0,3,3,32
13821.959992,8.928e-26,0.0598,0.075,0,0.75,-0.027644,NaN,NaN,NaN,NaN,NaN,NaN,NaN,NaN,NaN,NaN,NaN,NaN,NaN,NaN,0.08133,0.945,3,5,4,4,3,2,0,0,0,0,0,0,0,0,0,0,0,0,0,0,3,3,32
13822.048769,3.977e-26,0.0598,0.075,0,0.75,-0.027644,NaN,NaN,NaN,NaN,NaN,NaN,NaN,NaN,NaN,NaN,NaN,NaN,NaN,NaN,0.08133,0.945,3,4,4,4,3,2,0,0,0,0,0,0,0,0,0,0,0,0,0,0,3,3,32
13822.085481,4.524e-26,0.0598,0.075,0,0.75,-0.027644,NaN,NaN,NaN,NaN,NaN,NaN,NaN,NaN,NaN,NaN,NaN,NaN,NaN,NaN,0.08133,0.945,3,4,4,4,3,2,0,0,0,0,0,0,0,0,0,0,0,0,0,0,3,3,32
13822.416145,2.859e-26,0.0598,0.075,0,0.75,-0.027645,NaN,NaN,NaN,NaN,NaN,NaN,NaN,NaN,NaN,NaN,NaN,NaN,NaN,NaN,0.08133,0.945,3,4,4,4,3,2,0,0,0,0,0,0,0,0,0,0,0,0,0,0,3,3,32
13822.466271,2.728e-26,0.0598,0.075,0,0.75,-0.027645,NaN,NaN,NaN,NaN,NaN,NaN,NaN,NaN,NaN,NaN,NaN,NaN,NaN,NaN,0.08133,0.945,3,4,4,4,3,2,0,0,0,0,0,0,0,0,0,0,0,0,0,0,3,3,32
13822.520863,4.309e-26,0.0598,0.075,0,0.75,-0.027645,NaN,NaN,NaN,NaN,NaN,NaN,NaN,NaN,NaN,NaN,NaN,NaN,NaN,NaN,0.08133,0.945,3,4,4,4,3,2,0,0,0,0,0,0,0,0,0,0,0,0,0,0,3,3,32
13822.590898,6.104e-26,0.0598,0.075,0,0.75,-0.027645,NaN,NaN,NaN,NaN,NaN,NaN,NaN,NaN,NaN,NaN,NaN,NaN,NaN,NaN,0.08133,0.945,3,5,4,4,3,2,0,0,0,0,0,0,0,0,0,0,0,0,0,0,3,3,32
13822.644452,3.019e-26,0.0598,0.075,0,0.75,-0.027645,NaN,NaN,NaN,NaN,NaN,NaN,NaN,NaN,NaN,NaN,NaN,NaN,NaN,NaN,0.08133,0.945,3,4,4,4,3,2,0,0,0,0,0,0,0,0,0,0,0,0,0,0,3,3,32
13823.979479,4.605e-26,0.0598,0.075,0,0.75,-0.027648,NaN,NaN,NaN,NaN,NaN,NaN,NaN,NaN,NaN,NaN,NaN,NaN,NaN,NaN,0.08133,0.945,3,4,4,4,3,2,0,0,0,0,0,0,0,0,0,0,0,0,0,0,3,3,32
13824.013064,6.363e-26,0.0598,0.075,0,0.75,-0.027648,NaN,NaN,NaN,NaN,NaN,NaN,NaN,NaN,NaN,NaN,NaN,NaN,NaN,NaN,0.08133,0.945,3,5,4,4,3,2,0,0,0,0,0,0,0,0,0,0,0,0,0,0,3,3,32
13824.065849,1.9e-26,0.0598,0.075,0,0.75,-0.027648,NaN,NaN,NaN,NaN,NaN,NaN,NaN,NaN,NaN,NaN,NaN,NaN,NaN,NaN,0.08133,0.945,3,3,4,4,3,2,0,0,0,0,0,0,0,0,0,0,0,0,0,0,3,3,32
13824.106397,5.698e-26,0.0598,0.075,0,0.75,-0.027648,NaN,NaN,NaN,NaN,NaN,NaN,NaN,NaN,NaN,NaN,NaN,NaN,NaN,NaN,0.08133,0.945,3,5,4,4,3,2,0,0,0,0,0,0,0,0,0,0,0,0,0,0,3,3,32
13824.146712,1.619e-26,0.0598,0.075,0,0.75,-0.027648,NaN,NaN,NaN,NaN,NaN,NaN,NaN,NaN,NaN,NaN,NaN,NaN,NaN,NaN,0.08133,0.945,3,3,4,4,3,2,0,0,0,0,0,0,0,0,0,0,0,0,0,0,3,3,32
13824.48014,4.552e-26,0.0598,0.075,0,0.75,-0.027649,NaN,NaN,NaN,NaN,NaN,NaN,NaN,NaN,NaN,NaN,NaN,NaN,NaN,NaN,0.08133,0.945,3,4,4,4,3,2,0,0,0,0,0,0,0,0,0,0,0,0,0,0,3,3,32
13824.519935,3.365e-26,0.0598,0.075,0,0.75,-0.027649,NaN,NaN,NaN,NaN,NaN,NaN,NaN,NaN,NaN,NaN,NaN,NaN,NaN,NaN,0.08133,0.945,3,4,4,4,3,2,0,0,0,0,0,0,0,0,0,0,0,0,0,0,3,3,32
13824.732919,5.923e-26,0.0598,0.075,0,0.75,-0.027649,NaN,NaN,NaN,NaN,NaN,NaN,NaN,NaN,NaN,NaN,NaN,NaN,NaN,NaN,0.08133,0.945,3,5,4,4,3,2,0,0,0,0,0,0,0,0,0,0,0,0,0,0,3,3,32
13824.80663,3.955e-26,0.0598,0.075,0,0.75,-0.02765,NaN,NaN,NaN,NaN,NaN,NaN,NaN,NaN,NaN,NaN,NaN,NaN,NaN,NaN,0.08133,0.945,3,4,4,4,3,2,0,0,0,0,0,0,0,0,0,0,0,0,0,0,3,3,32
13824.916483,2.392e-26,0.0598,0.075,0,0.75,-0.02765,NaN,NaN,NaN,NaN,NaN,NaN,NaN,NaN,NaN,NaN,NaN,NaN,NaN,NaN,0.08133,0.945,3,3,4,4,3,2,0,0,0,0,0,0,0,0,0,0,0,0,0,0,3,3,32
13824.958111,2.78e-26,0.0598,0.075,0,0.75,-0.02765,NaN,NaN,NaN,NaN,NaN,NaN,NaN,NaN,NaN,NaN,NaN,NaN,NaN,NaN,0.08133,0.945,3,4,4,4,3,2,0,0,0,0,0,0,0,0,0,0,0,0,0,0,3,3,32
13825.069068,2.952e-26,0.0598,0.075,0,0.75,-0.02765,NaN,NaN,NaN,NaN,NaN,NaN,NaN,NaN,NaN,NaN,NaN,NaN,NaN,NaN,0.08133,0.945,3,4,4,4,3,2,0,0,0,0,0,0,0,0,0,0,0,0,0,0,3,3,32
13825.203606,2.789e-26,0.0598,0.075,0,0.75,-0.02765,NaN,NaN,NaN,NaN,NaN,NaN,NaN,NaN,NaN,NaN,NaN,NaN,NaN,NaN,0.08133,0.945,3,4,4,4,3,2,0,0,0,0,0,0,0,0,0,0,0,0,0,0,3,3,32
13825.256317,1.855e-26,0.0598,0.075,0,0.75,-0.027651,NaN,NaN,NaN,NaN,NaN,NaN,NaN,NaN,NaN,NaN,NaN,NaN,NaN,NaN,0.08133,0.945,3,3,4,4,3,2,0,0,0,0,0,0,0,0,0,0,0,0,0,0,3,3,32
13825.498252,4.362e-26,0.0598,0.075,0,0.75,-0.027651,NaN,NaN,NaN,NaN,NaN,NaN,NaN,NaN,NaN,NaN,NaN,NaN,NaN,NaN,0.08133,0.945,3,4,4,4,3,2,0,0,0,0,0,0,0,0,0,0,0,0,0,0,3,3,32
13825.774952,2.574e-26,0.0598,0.075,0,0.75,-0.027652,NaN,NaN,NaN,NaN,NaN,NaN,NaN,NaN,NaN,NaN,NaN,NaN,NaN,NaN,0.08133,0.945,3,4,4,4,3,2,0,0,0,0,0,0,0,0,0,0,0,0,0,0,3,3,32
13825.81375,4.828e-26,0.0598,0.075,0,0.75,-0.027652,NaN,NaN,NaN,NaN,NaN,NaN,NaN,NaN,NaN,NaN,NaN,NaN,NaN,NaN,0.08133,0.945,3,4,4,4,3,2,0,0,0,0,0,0,0,0,0,0,0,0,0,0,3,3,32
13825.85688,5.951e-26,0.0598,0.075,0,0.75,-0.027652,NaN,NaN,NaN,NaN,NaN,NaN,NaN,NaN,NaN,NaN,NaN,NaN,NaN,NaN,0.08133,0.945,3,5,4,4,3,2,0,0,0,0,0,0,0,0,0,0,0,0,0,0,3,3,32
13825.897821,3.757e-26,0.0598,0.075,0,0.75,-0.027652,NaN,NaN,NaN,NaN,NaN,NaN,NaN,NaN,NaN,NaN,NaN,NaN,NaN,NaN,0.08133,0.945,3,4,4,4,3,2,0,0,0,0,0,0,0,0,0,0,0,0,0,0,3,3,32
13825.961153,4.31e-26,0.0598,0.075,0,0.75,-0.027652,NaN,NaN,NaN,NaN,NaN,NaN,NaN,NaN,NaN,NaN,NaN,NaN,NaN,NaN,0.08133,0.945,3,4,4,4,3,2,0,0,0,0,0,0,0,0,0,0,0,0,0,0,3,3,32
13826.00903,4.452e-26,0.0598,0.075,0,0.75,-0.027652,NaN,NaN,NaN,NaN,NaN,NaN,NaN,NaN,NaN,NaN,NaN,NaN,NaN,NaN,0.08133,0.945,3,4,4,4,3,2,0,0,0,0,0,0,0,0,0,0,0,0,0,0,3,3,32
13826.058237,2.605e-26,0.0598,0.075,0,0.75,-0.027652,NaN,NaN,NaN,NaN,NaN,NaN,NaN,NaN,NaN,NaN,NaN,NaN,NaN,NaN,0.08133,0.945,3,4,4,4,3,2,0,0,0,0,0,0,0,0,0,0,0,0,0,0,3,3,32
13826.775619,1.342e-26,0.0598,0.075,0,0.75,-0.027654,NaN,NaN,NaN,NaN,NaN,NaN,NaN,NaN,NaN,NaN,NaN,NaN,NaN,NaN,0.08133,0.945,3,3,4,4,3,2,0,0,0,0,0,0,0,0,0,0,0,0,0,0,3,3,32
13826.810229,2.548e-26,0.0598,0.075,0,0.75,-0.027654,NaN,NaN,NaN,NaN,NaN,NaN,NaN,NaN,NaN,NaN,NaN,NaN,NaN,NaN,0.08133,0.945,3,4,4,4,3,2,0,0,0,0,0,0,0,0,0,0,0,0,0,0,3,3,32
13826.869891,4.047e-26,0.0598,0.075,0,0.75,-0.027654,NaN,NaN,NaN,NaN,NaN,NaN,NaN,NaN,NaN,NaN,NaN,NaN,NaN,NaN,0.08133,0.945,3,4,4,4,3,2,0,0,0,0,0,0,0,0,0,0,0,0,0,0,3,3,32
13828.009039,2.734e-26,0.0598,0.075,0,0.75,-0.027656,NaN,NaN,NaN,NaN,NaN,NaN,NaN,NaN,NaN,NaN,NaN,NaN,NaN,NaN,0.08133,0.945,3,4,4,4,3,2,0,0,0,0,0,0,0,0,0,0,0,0,0,0,3,3,32
13828.047296,2.674e-26,0.0598,0.075,0,0.75,-0.027656,NaN,NaN,NaN,NaN,NaN,NaN,NaN,NaN,NaN,NaN,NaN,NaN,NaN,NaN,0.08133,0.945,3,4,4,4,3,2,0,0,0,0,0,0,0,0,0,0,0,0,0,0,3,3,32
13828.121608,3.255e-26,0.0598,0.075,0,0.75,-0.027656,NaN,NaN,NaN,NaN,NaN,NaN,NaN,NaN,NaN,NaN,NaN,NaN,NaN,NaN,0.08133,0.945,3,4,4,4,3,2,0,0,0,0,0,0,0,0,0,0,0,0,0,0,3,3,32
13828.16753,8.656e-27,0.0598,0.075,0,0.75,-0.027656,NaN,NaN,NaN,NaN,NaN,NaN,NaN,NaN,NaN,NaN,NaN,NaN,NaN,NaN,0.08133,0.945,3,3,4,4,3,2,0,0,0,0,0,0,0,0,0,0,0,0,0,0,3,3,32
13828.69148,1.942e-26,0.0598,0.075,0,0.75,-0.027657,NaN,NaN,NaN,NaN,NaN,NaN,NaN,NaN,NaN,NaN,NaN,NaN,NaN,NaN,0.08133,0.945,3,3,4,4,3,2,0,0,0,0,0,0,0,0,0,0,0,0,0,0,3,3,32
13828.732782,5.018e-26,0.0598,0.075,0,0.75,-0.027657,NaN,NaN,NaN,NaN,NaN,NaN,NaN,NaN,NaN,NaN,NaN,NaN,NaN,NaN,0.08133,0.945,3,5,4,4,3,2,0,0,0,0,0,0,0,0,0,0,0,0,0,0,3,3,32
13828.770098,2.876e-26,0.0598,0.075,0,0.75,-0.027658,NaN,NaN,NaN,NaN,NaN,NaN,NaN,NaN,NaN,NaN,NaN,NaN,NaN,NaN,0.08133,0.945,3,4,4,4,3,2,0,0,0,0,0,0,0,0,0,0,0,0,0,0,3,3,32
13828.815463,3.395e-26,0.0598,0.075,0,0.75,-0.027658,NaN,NaN,NaN,NaN,NaN,NaN,NaN,NaN,NaN,NaN,NaN,NaN,NaN,NaN,0.08133,0.945,3,4,4,4,3,2,0,0,0,0,0,0,0,0,0,0,0,0,0,0,3,3,32
13828.865446,2.2e-26,0.0598,0.075,0,0.75,-0.027658,NaN,NaN,NaN,NaN,NaN,NaN,NaN,NaN,NaN,NaN,NaN,NaN,NaN,NaN,0.08133,0.945,3,3,4,4,3,2,0,0,0,0,0,0,0,0,0,0,0,0,0,0,3,3,32
13828.905793,3.143e-26,0.0598,0.075,0,0.75,-0.027658,NaN,NaN,NaN,NaN,NaN,NaN,NaN,NaN,NaN,NaN,NaN,NaN,NaN,NaN,0.08133,0.945,3,4,4,4,3,2,0,0,0,0,0,0,0,0,0,0,0,0,0,0,3,3,32
13828.932837,3.365e-26,0.0598,0.075,0,0.75,-0.027658,NaN,NaN,NaN,NaN,NaN,NaN,NaN,NaN,NaN,NaN,NaN,NaN,NaN,NaN,0.08133,0.945,3,4,4,4,3,2,0,0,0,0,0,0,0,0,0,0,0,0,0,0,3,3,32
13828.984808,2.185e-26,0.0598,0.075,0,0.75,-0.027658,NaN,NaN,NaN,NaN,NaN,NaN,NaN,NaN,NaN,NaN,NaN,NaN,NaN,NaN,0.08133,0.945,3,3,4,4,3,2,0,0,0,0,0,0,0,0,0,0,0,0,0,0,3,3,32
13829.025596,1.667e-26,0.0598,0.075,0,0.75,-0.027658,NaN,NaN,NaN,NaN,NaN,NaN,NaN,NaN,NaN,NaN,NaN,NaN,NaN,NaN,0.08133,0.945,3,3,4,4,3,2,0,0,0,0,0,0,0,0,0,0,0,0,0,0,3,3,32
13829.398021,2.441e-26,0.0598,0.075,0,0.75,-0.027659,NaN,NaN,NaN,NaN,NaN,NaN,NaN,NaN,NaN,NaN,NaN,NaN,NaN,NaN,0.08133,0.945,3,3,4,4,3,2,0,0,0,0,0,0,0,0,0,0,0,0,0,0,3,3,32
13829.440727,2.26e-26,0.0598,0.075,0,0.75,-0.027659,NaN,NaN,NaN,NaN,NaN,NaN,NaN,NaN,NaN,NaN,NaN,NaN,NaN,NaN,0.08133,0.945,3,3,4,4,3,2,0,0,0,0,0,0,0,0,0,0,0,0,0,0,3,3,32
13829.494217,1.113e-26,0.0598,0.075,0,0.75,-0.027659,NaN,NaN,NaN,NaN,NaN,NaN,NaN,NaN,NaN,NaN,NaN,NaN,NaN,NaN,0.08133,0.945,3,3,4,4,3,2,0,0,0,0,0,0,0,0,0,0,0,0,0,0,3,3,32
13829.526009,1.125e-26,0.0598,0.075,0,0.75,-0.027659,NaN,NaN,NaN,NaN,NaN,NaN,NaN,NaN,NaN,NaN,NaN,NaN,NaN,NaN,0.08133,0.945,3,3,4,4,3,2,0,0,0,0,0,0,0,0,0,0,0,0,0,0,3,3,32
13829.572083,2.643e-26,0.0598,0.075,0,0.75,-0.027659,NaN,NaN,NaN,NaN,NaN,NaN,NaN,NaN,NaN,NaN,NaN,NaN,NaN,NaN,0.08133,0.945,3,4,4,4,3,2,0,0,0,0,0,0,0,0,0,0,0,0,0,0,3,3,32
13829.602883,1.557e-26,0.0598,0.075,0,0.75,-0.027659,NaN,NaN,NaN,NaN,NaN,NaN,NaN,NaN,NaN,NaN,NaN,NaN,NaN,NaN,0.08133,0.945,3,3,4,4,3,2,0,0,0,0,0,0,0,0,0,0,0,0,0,0,3,3,32
13830.089032,7.326e-26,0.0598,0.075,0,0.75,-0.02766,NaN,NaN,NaN,NaN,NaN,NaN,NaN,NaN,NaN,NaN,NaN,NaN,NaN,NaN,0.08133,0.945,3,5,4,4,3,2,0,0,0,0,0,0,0,0,0,0,0,0,0,0,3,3,32
13830.136393,6.189e-26,0.0598,0.075,0,0.75,-0.02766,NaN,NaN,NaN,NaN,NaN,NaN,NaN,NaN,NaN,NaN,NaN,NaN,NaN,NaN,0.08133,0.945,3,5,4,4,3,2,0,0,0,0,0,0,0,0,0,0,0,0,0,0,3,3,32
13833.993349,1.462e-26,0.0598,0.075,0,0.75,-0.027668,NaN,NaN,NaN,NaN,NaN,NaN,NaN,NaN,NaN,NaN,NaN,NaN,NaN,NaN,0.08133,0.945,3,3,4,4,3,2,0,0,0,0,0,0,0,0,0,0,0,0,0,0,3,3,32
13834.035199,4.76e-26,0.0598,0.075,0,0.75,-0.027668,NaN,NaN,NaN,NaN,NaN,NaN,NaN,NaN,NaN,NaN,NaN,NaN,NaN,NaN,0.08133,0.945,3,4,4,4,3,2,0,0,0,0,0,0,0,0,0,0,0,0,0,0,3,3,32
13834.089965,2.121e-26,0.0598,0.075,0,0.75,-0.027668,NaN,NaN,NaN,NaN,NaN,NaN,NaN,NaN,NaN,NaN,NaN,NaN,NaN,NaN,0.08133,0.945,3,3,4,4,3,2,0,0,0,0,0,0,0,0,0,0,0,0,0,0,3,3,32
13834.141957,7.407e-27,0.0598,0.075,0,0.75,-0.027668,NaN,NaN,NaN,NaN,NaN,NaN,NaN,NaN,NaN,NaN,NaN,NaN,NaN,NaN,0.08133,0.945,3,3,4,4,3,2,0,0,0,0,0,0,0,0,0,0,0,0,0,0,3,3,32
13835.127431,3.09e-26,0.0598,0.075,0,0.75,-0.02767,NaN,NaN,NaN,NaN,NaN,NaN,NaN,NaN,NaN,NaN,NaN,NaN,NaN,NaN,0.08133,0.945,3,4,4,4,3,2,0,0,0,0,0,0,0,0,0,0,0,0,0,0,3,3,32
13835.165404,2.172e-26,0.0598,0.075,0,0.75,-0.02767,NaN,NaN,NaN,NaN,NaN,NaN,NaN,NaN,NaN,NaN,NaN,NaN,NaN,NaN,0.08133,0.945,3,3,4,4,3,2,0,0,0,0,0,0,0,0,0,0,0,0,0,0,3,3,32
13836.591576,1.18e-26,0.0598,0.075,0,0.75,-0.027673,NaN,NaN,NaN,NaN,NaN,NaN,NaN,NaN,NaN,NaN,NaN,NaN,NaN,NaN,0.08133,0.945,3,3,4,4,3,2,0,0,0,0,0,0,0,0,0,0,0,0,0,0,3,3,32
13836.634884,3.124e-26,0.0598,0.075,0,0.75,-0.027673,NaN,NaN,NaN,NaN,NaN,NaN,NaN,NaN,NaN,NaN,NaN,NaN,NaN,NaN,0.08133,0.945,3,4,4,4,3,2,0,0,0,0,0,0,0,0,0,0,0,0,0,0,3,3,32
13836.68027,1.863e-26,0.0598,0.075,0,0.75,-0.027673,NaN,NaN,NaN,NaN,NaN,NaN,NaN,NaN,NaN,NaN,NaN,NaN,NaN,NaN,0.08133,0.945,3,3,4,4,3,2,0,0,0,0,0,0,0,0,0,0,0,0,0,0,3,3,32
13836.724161,3.253e-26,0.0598,0.075,0,0.75,-0.027673,NaN,NaN,NaN,NaN,NaN,NaN,NaN,NaN,NaN,NaN,NaN,NaN,NaN,NaN,0.08133,0.945,3,4,4,4,3,2,0,0,0,0,0,0,0,0,0,0,0,0,0,0,3,3,32
13836.77201,1.246e-26,0.0598,0.075,0,0.75,-0.027674,NaN,NaN,NaN,NaN,NaN,NaN,NaN,NaN,NaN,NaN,NaN,NaN,NaN,NaN,0.08133,0.945,3,3,4,4,3,2,0,0,0,0,0,0,0,0,0,0,0,0,0,0,3,3,32
13839.430164,3.442e-26,0.0598,0.075,0,0.75,-0.027679,NaN,NaN,NaN,NaN,NaN,NaN,NaN,NaN,NaN,NaN,NaN,NaN,NaN,NaN,0.08133,0.945,3,4,4,4,3,2,0,0,0,0,0,0,0,0,0,0,0,0,0,0,3,3,32
13839.469401,4.791e-26,0.0598,0.075,0,0.75,-0.027679,NaN,NaN,NaN,NaN,NaN,NaN,NaN,NaN,NaN,NaN,NaN,NaN,NaN,NaN,0.08133,0.945,3,4,4,4,3,2,0,0,0,0,0,0,0,0,0,0,0,0,0,0,3,3,32
13846.276526,2.061e-26,0.0598,0.075,0,0.75,-0.027693,NaN,NaN,NaN,NaN,NaN,NaN,NaN,NaN,NaN,NaN,NaN,NaN,NaN,NaN,0.08133,0.945,3,3,4,4,3,2,0,0,0,0,0,0,0,0,0,0,0,0,0,0,3,3,32
13846.306117,3.782e-26,0.0598,0.075,0,0.75,-0.027693,NaN,NaN,NaN,NaN,NaN,NaN,NaN,NaN,NaN,NaN,NaN,NaN,NaN,NaN,0.08133,0.945,3,4,4,4,3,2,0,0,0,0,0,0,0,0,0,0,0,0,0,0,3,3,32
13846.993825,7.742e-27,0.0598,0.075,0,0.75,-0.027694,NaN,NaN,NaN,NaN,NaN,NaN,NaN,NaN,NaN,NaN,NaN,NaN,NaN,NaN,0.08133,0.945,3,3,4,4,3,2,0,0,0,0,0,0,0,0,0,0,0,0,0,0,3,3,32
13847.026609,3.3e-26,0.0598,0.075,0,0.75,-0.027694,NaN,NaN,NaN,NaN,NaN,NaN,NaN,NaN,NaN,NaN,NaN,NaN,NaN,NaN,0.08133,0.945,3,4,4,4,3,2,0,0,0,0,0,0,0,0,0,0,0,0,0,0,3,3,32
13847.07828,8.894e-27,0.0598,0.075,0,0.75,-0.027694,NaN,NaN,NaN,NaN,NaN,NaN,NaN,NaN,NaN,NaN,NaN,NaN,NaN,NaN,0.08133,0.945,3,3,4,4,3,2,0,0,0,0,0,0,0,0,0,0,0,0,0,0,3,3,32
13847.285921,3.552e-26,0.0598,0.075,0,0.75,-0.027695,NaN,NaN,NaN,NaN,NaN,NaN,NaN,NaN,NaN,NaN,NaN,NaN,NaN,NaN,0.08133,0.945,3,4,4,4,3,2,0,0,0,0,0,0,0,0,0,0,0,0,0,0,3,3,32
13847.398167,1.799e-26,0.0598,0.075,0,0.75,-0.027695,NaN,NaN,NaN,NaN,NaN,NaN,NaN,NaN,NaN,NaN,NaN,NaN,NaN,NaN,0.08133,0.945,3,3,4,4,3,2,0,0,0,0,0,0,0,0,0,0,0,0,0,0,3,3,32
13847.590792,5.985e-26,0.0598,0.075,0,0.75,-0.027695,NaN,NaN,NaN,NaN,NaN,NaN,NaN,NaN,NaN,NaN,NaN,NaN,NaN,NaN,0.08133,0.945,3,5,4,4,3,2,0,0,0,0,0,0,0,0,0,0,0,0,0,0,3,3,32
13847.672313,3.301e-26,0.0598,0.075,0,0.75,-0.027695,NaN,NaN,NaN,NaN,NaN,NaN,NaN,NaN,NaN,NaN,NaN,NaN,NaN,NaN,0.08133,0.945,3,4,4,4,3,2,0,0,0,0,0,0,0,0,0,0,0,0,0,0,3,3,32
13847.914866,5.926e-26,0.0598,0.075,0,0.75,-0.027696,NaN,NaN,NaN,NaN,NaN,NaN,NaN,NaN,NaN,NaN,NaN,NaN,NaN,NaN,0.08133,0.945,3,5,4,4,3,2,0,0,0,0,0,0,0,0,0,0,0,0,0,0,3,3,32
13848.060729,4.832e-26,0.0598,0.075,0,0.75,-0.027696,NaN,NaN,NaN,NaN,NaN,NaN,NaN,NaN,NaN,NaN,NaN,NaN,NaN,NaN,0.08133,0.945,3,4,4,4,3,2,0,0,0,0,0,0,0,0,0,0,0,0,0,0,3,3,32
13848.536856,3.031e-26,0.0598,0.075,0,0.75,-0.027697,NaN,NaN,NaN,NaN,NaN,NaN,NaN,NaN,NaN,NaN,NaN,NaN,NaN,NaN,0.08133,0.945,3,4,4,4,3,2,0,0,0,0,0,0,0,0,0,0,0,0,0,0,3,3,32
13848.880028,1.086e-26,0.0598,0.075,0,0.75,-0.027698,NaN,NaN,NaN,NaN,NaN,NaN,NaN,NaN,NaN,NaN,NaN,NaN,NaN,NaN,0.08133,0.945,3,3,4,4,3,2,0,0,0,0,0,0,0,0,0,0,0,0,0,0,3,3,32
13848.918984,4.088e-26,0.0598,0.075,0,0.75,-0.027698,NaN,NaN,NaN,NaN,NaN,NaN,NaN,NaN,NaN,NaN,NaN,NaN,NaN,NaN,0.08133,0.945,3,4,4,4,3,2,0,0,0,0,0,0,0,0,0,0,0,0,0,0,3,3,32
13848.954825,9.219e-27,0.0598,0.075,0,0.75,-0.027698,NaN,NaN,NaN,NaN,NaN,NaN,NaN,NaN,NaN,NaN,NaN,NaN,NaN,NaN,0.08133,0.945,3,3,4,4,3,2,0,0,0,0,0,0,0,0,0,0,0,0,0,0,3,3,32
13849.164209,4.034e-26,0.0598,0.075,0,0.75,-0.027698,NaN,NaN,NaN,NaN,NaN,NaN,NaN,NaN,NaN,NaN,NaN,NaN,NaN,NaN,0.08133,0.945,3,4,4,4,3,2,0,0,0,0,0,0,0,0,0,0,0,0,0,0,3,3,32
13849.190831,1.526e-26,0.0598,0.075,0,0.75,-0.027698,NaN,NaN,NaN,NaN,NaN,NaN,NaN,NaN,NaN,NaN,NaN,NaN,NaN,NaN,0.08133,0.945,3,3,4,4,3,2,0,0,0,0,0,0,0,0,0,0,0,0,0,0,3,3,32
13849.969562,9.104e-26,0.0598,0.075,0,0.75,-0.0277,NaN,NaN,NaN,NaN,NaN,NaN,NaN,NaN,NaN,NaN,NaN,NaN,NaN,NaN,0.08133,0.945,3,5,4,4,3,2,0,0,0,0,0,0,0,0,0,0,0,0,0,0,3,3,32
13850.018515,4.194e-26,0.0598,0.075,0,0.75,-0.0277,NaN,NaN,NaN,NaN,NaN,NaN,NaN,NaN,NaN,NaN,NaN,NaN,NaN,NaN,0.08133,0.945,3,4,4,4,3,2,0,0,0,0,0,0,0,0,0,0,0,0,0,0,3,3,32
13850.775938,2.529e-26,0.0598,0.075,0,0.75,-0.027702,NaN,NaN,NaN,NaN,NaN,NaN,NaN,NaN,NaN,NaN,NaN,NaN,NaN,NaN,0.08133,0.945,3,4,4,4,3,2,0,0,0,0,0,0,0,0,0,0,0,0,0,0,3,3,32
13851.613381,1.282e-26,0.0598,0.075,0,0.75,-0.027703,NaN,NaN,NaN,NaN,NaN,NaN,NaN,NaN,NaN,NaN,NaN,NaN,NaN,NaN,0.08133,0.945,3,3,4,4,3,2,0,0,0,0,0,0,0,0,0,0,0,0,0,0,3,3,32
13851.659358,3.372e-26,0.0598,0.075,0,0.75,-0.027703,NaN,NaN,NaN,NaN,NaN,NaN,NaN,NaN,NaN,NaN,NaN,NaN,NaN,NaN,0.08133,0.945,3,4,4,4,3,2,0,0,0,0,0,0,0,0,0,0,0,0,0,0,3,3,32
13854.289808,7.414e-26,0.0598,0.075,0,0.75,-0.027709,NaN,NaN,NaN,NaN,NaN,NaN,NaN,NaN,NaN,NaN,NaN,NaN,NaN,NaN,0.08133,0.945,3,5,4,4,3,2,0,0,0,0,0,0,0,0,0,0,0,0,0,0,3,3,32
13855.274237,3.363e-26,0.0598,0.075,0,0.75,-0.027711,NaN,NaN,NaN,NaN,NaN,NaN,NaN,NaN,NaN,NaN,NaN,NaN,NaN,NaN,0.08133,0.945,3,4,4,4,3,2,0,0,0,0,0,0,0,0,0,0,0,0,0,0,3,3,32
13855.428913,2.035e-26,0.0598,0.075,0,0.75,-0.027711,NaN,NaN,NaN,NaN,NaN,NaN,NaN,NaN,NaN,NaN,NaN,NaN,NaN,NaN,0.08133,0.945,3,3,4,4,3,2,0,0,0,0,0,0,0,0,0,0,0,0,0,0,3,3,32
13855.474534,4.006e-26,0.0598,0.075,0,0.75,-0.027711,NaN,NaN,NaN,NaN,NaN,NaN,NaN,NaN,NaN,NaN,NaN,NaN,NaN,NaN,0.08133,0.945,3,4,4,4,3,2,0,0,0,0,0,0,0,0,0,0,0,0,0,0,3,3,32
13866.772882,8.459e-27,0.0598,0.075,0,0.75,-0.027734,NaN,NaN,NaN,NaN,NaN,NaN,NaN,NaN,NaN,NaN,NaN,NaN,NaN,NaN,0.08133,0.945,3,3,4,4,3,2,0,0,0,0,0,0,0,0,0,0,0,0,0,0,3,3,32
13866.824715,5.536e-26,0.0598,0.075,0,0.75,-0.027734,NaN,NaN,NaN,NaN,NaN,NaN,NaN,NaN,NaN,NaN,NaN,NaN,NaN,NaN,0.08133,0.945,3,5,4,4,3,2,0,0,0,0,0,0,0,0,0,0,0,0,0,0,3,3,32
13866.858394,3.291e-26,0.0598,0.075,0,0.75,-0.027734,NaN,NaN,NaN,NaN,NaN,NaN,NaN,NaN,NaN,NaN,NaN,NaN,NaN,NaN,0.08133,0.945,3,4,4,4,3,2,0,0,0,0,0,0,0,0,0,0,0,0,0,0,3,3,32
13878.889633,6.116e-26,0.0598,0.075,0,0.75,-0.027758,NaN,NaN,NaN,NaN,NaN,NaN,NaN,NaN,NaN,NaN,NaN,NaN,NaN,NaN,0.08133,0.945,3,5,4,4,3,2,0,0,0,0,0,0,0,0,0,0,0,0,0,0,3,3,32
13878.946546,2.748e-26,0.0598,0.075,0,0.75,-0.027758,NaN,NaN,NaN,NaN,NaN,NaN,NaN,NaN,NaN,NaN,NaN,NaN,NaN,NaN,0.08133,0.945,3,4,4,4,3,2,0,0,0,0,0,0,0,0,0,0,0,0,0,0,3,3,32
13879.449971,3.772e-26,0.0598,0.075,0,0.75,-0.027759,NaN,NaN,NaN,NaN,NaN,NaN,NaN,NaN,NaN,NaN,NaN,NaN,NaN,NaN,0.08133,0.945,3,4,4,4,3,2,0,0,0,0,0,0,0,0,0,0,0,0,0,0,3,3,32
13879.483404,9.628e-27,0.0598,0.075,0,0.75,-0.027759,NaN,NaN,NaN,NaN,NaN,NaN,NaN,NaN,NaN,NaN,NaN,NaN,NaN,NaN,0.08133,0.945,3,3,4,4,3,2,0,0,0,0,0,0,0,0,0,0,0,0,0,0,3,3,32
13885.869628,7.638e-27,0.0598,0.075,0,0.75,-0.027772,NaN,NaN,NaN,NaN,NaN,NaN,NaN,NaN,NaN,NaN,NaN,NaN,NaN,NaN,0.08133,0.945,3,3,4,4,3,2,0,0,0,0,0,0,0,0,0,0,0,0,0,0,3,3,32
13885.920712,2.67e-26,0.0598,0.075,0,0.75,-0.027772,NaN,NaN,NaN,NaN,NaN,NaN,NaN,NaN,NaN,NaN,NaN,NaN,NaN,NaN,0.08133,0.945,3,4,4,4,3,2,0,0,0,0,0,0,0,0,0,0,0,0,0,0,3,3,32
13885.958328,4.63e-26,0.0598,0.075,0,0.75,-0.027772,NaN,NaN,NaN,NaN,NaN,NaN,NaN,NaN,NaN,NaN,NaN,NaN,NaN,NaN,0.08133,0.945,3,4,4,4,3,2,0,0,0,0,0,0,0,0,0,0,0,0,0,0,3,3,32
13886.00037,2.828e-26,0.0598,0.075,0,0.75,-0.027772,NaN,NaN,NaN,NaN,NaN,NaN,NaN,NaN,NaN,NaN,NaN,NaN,NaN,NaN,0.08133,0.945,3,4,4,4,3,2,0,0,0,0,0,0,0,0,0,0,0,0,0,0,3,3,32
13886.745413,3.083e-26,0.0598,0.075,0,0.75,-0.027773,NaN,NaN,NaN,NaN,NaN,NaN,NaN,NaN,NaN,NaN,NaN,NaN,NaN,NaN,0.08133,0.945,3,4,4,4,3,2,0,0,0,0,0,0,0,0,0,0,0,0,0,0,3,3,32
13886.799354,3.277e-26,0.0598,0.075,0,0.75,-0.027774,NaN,NaN,NaN,NaN,NaN,NaN,NaN,NaN,NaN,NaN,NaN,NaN,NaN,NaN,0.08133,0.945,3,4,4,4,3,2,0,0,0,0,0,0,0,0,0,0,0,0,0,0,3,3,32
13886.865222,1.905e-26,0.0598,0.075,0,0.75,-0.027774,NaN,NaN,NaN,NaN,NaN,NaN,NaN,NaN,NaN,NaN,NaN,NaN,NaN,NaN,0.08133,0.945,3,3,4,4,3,2,0,0,0,0,0,0,0,0,0,0,0,0,0,0,3,3,32
13889.24208,7.412e-27,0.0598,0.075,0,0.75,-0.027778,NaN,NaN,NaN,NaN,NaN,NaN,NaN,NaN,NaN,NaN,NaN,NaN,NaN,NaN,0.08133,0.945,3,3,4,4,3,2,0,0,0,0,0,0,0,0,0,0,0,0,0,0,3,3,32
13889.278262,4.604e-26,0.0598,0.075,0,0.75,-0.027779,NaN,NaN,NaN,NaN,NaN,NaN,NaN,NaN,NaN,NaN,NaN,NaN,NaN,NaN,0.08133,0.945,3,4,4,4,3,2,0,0,0,0,0,0,0,0,0,0,0,0,0,0,3,3,32
13889.336308,1.689e-26,0.0598,0.075,0,0.75,-0.027779,NaN,NaN,NaN,NaN,NaN,NaN,NaN,NaN,NaN,NaN,NaN,NaN,NaN,NaN,0.08133,0.945,3,3,4,4,3,2,0,0,0,0,0,0,0,0,0,0,0,0,0,0,3,3,32
13889.389858,2.032e-26,0.0598,0.075,0,0.75,-0.027779,NaN,NaN,NaN,NaN,NaN,NaN,NaN,NaN,NaN,NaN,NaN,NaN,NaN,NaN,0.08133,0.945,3,3,4,4,3,2,0,0,0,0,0,0,0,0,0,0,0,0,0,0,3,3,32
13889.432198,4.539e-26,0.0598,0.075,0,0.75,-0.027779,NaN,NaN,NaN,NaN,NaN,NaN,NaN,NaN,NaN,NaN,NaN,NaN,NaN,NaN,0.08133,0.945,3,4,4,4,3,2,0,0,0,0,0,0,0,0,0,0,0,0,0,0,3,3,32
13889.48074,1.554e-26,0.0598,0.075,0,0.75,-0.027779,NaN,NaN,NaN,NaN,NaN,NaN,NaN,NaN,NaN,NaN,NaN,NaN,NaN,NaN,0.08133,0.945,3,3,4,4,3,2,0,0,0,0,0,0,0,0,0,0,0,0,0,0,3,3,32
13889.509233,3.404e-26,0.0598,0.075,0,0.75,-0.027779,NaN,NaN,NaN,NaN,NaN,NaN,NaN,NaN,NaN,NaN,NaN,NaN,NaN,NaN,0.08133,0.945,3,4,4,4,3,2,0,0,0,0,0,0,0,0,0,0,0,0,0,0,3,3,32
13891.041089,8.31e-27,0.0598,0.075,0,0.75,-0.027782,NaN,NaN,NaN,NaN,NaN,NaN,NaN,NaN,NaN,NaN,NaN,NaN,NaN,NaN,0.08133,0.945,3,3,4,4,3,2,0,0,0,0,0,0,0,0,0,0,0,0,0,0,3,3,32
13891.082757,3.037e-26,0.0598,0.075,0,0.75,-0.027782,NaN,NaN,NaN,NaN,NaN,NaN,NaN,NaN,NaN,NaN,NaN,NaN,NaN,NaN,0.08133,0.945,3,4,4,4,3,2,0,0,0,0,0,0,0,0,0,0,0,0,0,0,3,3,32
13891.128007,3.268e-26,0.0598,0.075,0,0.75,-0.027782,NaN,NaN,NaN,NaN,NaN,NaN,NaN,NaN,NaN,NaN,NaN,NaN,NaN,NaN,0.08133,0.945,3,4,4,4,3,2,0,0,0,0,0,0,0,0,0,0,0,0,0,0,3,3,32
13893.853436,3.191e-26,0.0598,0.075,0,0.75,-0.027788,NaN,NaN,NaN,NaN,NaN,NaN,NaN,NaN,NaN,NaN,NaN,NaN,NaN,NaN,0.08133,0.945,3,4,4,4,3,2,0,0,0,0,0,0,0,0,0,0,0,0,0,0,3,3,32
13894.561009,4.826e-26,0.0598,0.075,0,0.75,-0.027789,NaN,NaN,NaN,NaN,NaN,NaN,NaN,NaN,NaN,NaN,NaN,NaN,NaN,NaN,0.08133,0.945,3,4,4,4,3,2,0,0,0,0,0,0,0,0,0,0,0,0,0,0,3,3,32
13894.598915,3.132e-26,0.0598,0.075,0,0.75,-0.027789,NaN,NaN,NaN,NaN,NaN,NaN,NaN,NaN,NaN,NaN,NaN,NaN,NaN,NaN,0.08133,0.945,3,4,4,4,3,2,0,0,0,0,0,0,0,0,0,0,0,0,0,0,3,3,32
13914.889291,4.969e-26,0.0598,0.075,0,0.75,-0.02783,NaN,NaN,NaN,NaN,NaN,NaN,NaN,NaN,NaN,NaN,NaN,NaN,NaN,NaN,0.08133,0.945,3,4,4,4,3,2,0,0,0,0,0,0,0,0,0,0,0,0,0,0,3,3,32
13914.980035,2.516e-26,0.0598,0.075,0,0.75,-0.02783,NaN,NaN,NaN,NaN,NaN,NaN,NaN,NaN,NaN,NaN,NaN,NaN,NaN,NaN,0.08133,0.945,3,4,4,4,3,2,0,0,0,0,0,0,0,0,0,0,0,0,0,0,3,3,32
13915.007883,2.138e-26,0.0598,0.075,0,0.75,-0.02783,NaN,NaN,NaN,NaN,NaN,NaN,NaN,NaN,NaN,NaN,NaN,NaN,NaN,NaN,0.08133,0.945,3,3,4,4,3,2,0,0,0,0,0,0,0,0,0,0,0,0,0,0,3,3,32
13918.251271,1.126e-26,0.0598,0.075,0,0.75,-0.027837,NaN,NaN,NaN,NaN,NaN,NaN,NaN,NaN,NaN,NaN,NaN,NaN,NaN,NaN,0.08133,0.945,3,3,4,4,3,2,0,0,0,0,0,0,0,0,0,0,0,0,0,0,3,3,32
13918.30718,3.671e-26,0.0598,0.075,0,0.75,-0.027837,NaN,NaN,NaN,NaN,NaN,NaN,NaN,NaN,NaN,NaN,NaN,NaN,NaN,NaN,0.08133,0.945,3,4,4,4,3,2,0,0,0,0,0,0,0,0,0,0,0,0,0,0,3,3,32
13918.359167,1.525e-26,0.0598,0.075,0,0.75,-0.027837,NaN,NaN,NaN,NaN,NaN,NaN,NaN,NaN,NaN,NaN,NaN,NaN,NaN,NaN,0.08133,0.945,3,3,4,4,3,2,0,0,0,0,0,0,0,0,0,0,0,0,0,0,3,3,32
13918.414018,2.225e-26,0.0598,0.075,0,0.75,-0.027837,NaN,NaN,NaN,NaN,NaN,NaN,NaN,NaN,NaN,NaN,NaN,NaN,NaN,NaN,0.08133,0.945,3,3,4,4,3,2,0,0,0,0,0,0,0,0,0,0,0,0,0,0,3,3,32
13920.555479,2.926e-26,0.0598,0.075,0,0.75,-0.027841,NaN,NaN,NaN,NaN,NaN,NaN,NaN,NaN,NaN,NaN,NaN,NaN,NaN,NaN,0.08133,0.945,3,4,4,4,3,2,0,0,0,0,0,0,0,0,0,0,0,0,0,0,3,3,32
13920.610213,1.384e-26,0.0598,0.075,0,0.75,-0.027841,NaN,NaN,NaN,NaN,NaN,NaN,NaN,NaN,NaN,NaN,NaN,NaN,NaN,NaN,0.08133,0.945,3,3,4,4,3,2,0,0,0,0,0,0,0,0,0,0,0,0,0,0,3,3,32
13920.649702,9.539e-27,0.0598,0.075,0,0.75,-0.027841,NaN,NaN,NaN,NaN,NaN,NaN,NaN,NaN,NaN,NaN,NaN,NaN,NaN,NaN,0.08133,0.945,3,3,4,4,3,2,0,0,0,0,0,0,0,0,0,0,0,0,0,0,3,3,32
13920.68148,3.433e-26,0.0598,0.075,0,0.75,-0.027841,NaN,NaN,NaN,NaN,NaN,NaN,NaN,NaN,NaN,NaN,NaN,NaN,NaN,NaN,0.08133,0.945,3,4,4,4,3,2,0,0,0,0,0,0,0,0,0,0,0,0,0,0,3,3,32
13920.748367,4.298e-26,0.0598,0.075,0,0.75,-0.027841,NaN,NaN,NaN,NaN,NaN,NaN,NaN,NaN,NaN,NaN,NaN,NaN,NaN,NaN,0.08133,0.945,3,4,4,4,3,2,0,0,0,0,0,0,0,0,0,0,0,0,0,0,3,3,32
13922.570036,1.692e-26,0.0598,0.075,0,0.75,-0.027845,NaN,NaN,NaN,NaN,NaN,NaN,NaN,NaN,NaN,NaN,NaN,NaN,NaN,NaN,0.08133,0.945,3,3,4,4,3,2,0,0,0,0,0,0,0,0,0,0,0,0,0,0,3,3,32
13922.613416,2.856e-26,0.0598,0.075,0,0.75,-0.027845,NaN,NaN,NaN,NaN,NaN,NaN,NaN,NaN,NaN,NaN,NaN,NaN,NaN,NaN,0.08133,0.945,3,4,4,4,3,2,0,0,0,0,0,0,0,0,0,0,0,0,0,0,3,3,32
